plate_id,well,row,col,well_type,compound_id,batch_id,replicate,conc_um,mp,total_intensity
P001,A1,A,1,high_control,,,0,0.0,131.5,9459.0
P001,A2,A,2,low_control,,,0,0.0,33.8,10309.0
P001,A23,A,23,reference,REF-1,REF-1-B01,1,50.0,29.2,10103.0
P001,A24,A,24,reference,REF-1,REF-1-B01,2,50.0,39.7,10051.0
P001,B1,B,1,high_control,,,0,0.0,128.7,9394.0
P001,B2,B,2,low_control,,,0,0.0,32.9,10193.0
P001,B23,B,23,reference,REF-1,REF-1-B01,1,16.666666666666668,31.1,10023.0
P001,B24,B,24,reference,REF-1,REF-1-B01,2,16.666666666666668,39.5,10832.0
P001,C1,C,1,high_control,,,0,0.0,132.0,9239.0
P001,C2,C,2,low_control,,,0,0.0,31.0,9876.0
P001,C23,C,23,reference,REF-1,REF-1-B01,1,5.555555555555555,30.8,9612.0
P001,C24,C,24,reference,REF-1,REF-1-B01,2,5.555555555555555,36.7,10052.0
P001,D1,D,1,high_control,,,0,0.0,125.8,9292.0
P001,D2,D,2,low_control,,,0,0.0,33.6,9952.0
P001,D23,D,23,reference,REF-1,REF-1-B01,1,1.8518518518518519,36.4,10054.0
P001,D24,D,24,reference,REF-1,REF-1-B01,2,1.8518518518518519,39.4,10485.0
P001,E1,E,1,high_control,,,0,0.0,132.6,9691.0
P001,E2,E,2,low_control,,,0,0.0,33.2,9884.0
P001,E23,E,23,reference,REF-1,REF-1-B01,1,0.6172839506172839,43.0,9709.0
P001,E24,E,24,reference,REF-1,REF-1-B01,2,0.6172839506172839,48.7,9557.0
P001,F1,F,1,high_control,,,0,0.0,127.8,9091.0
P001,F2,F,2,low_control,,,0,0.0,30.6,10126.0
P001,F23,F,23,reference,REF-1,REF-1-B01,1,0.205761316872428,62.8,9864.0
P001,F24,F,24,reference,REF-1,REF-1-B01,2,0.205761316872428,74.2,9648.0
P001,G1,G,1,high_control,,,0,0.0,128.8,9552.0
P001,G2,G,2,low_control,,,0,0.0,33.1,10209.0
P001,G23,G,23,reference,REF-1,REF-1-B01,1,0.06858710562414266,92.0,9408.0
P001,G24,G,24,reference,REF-1,REF-1-B01,2,0.06858710562414266,91.9,9325.0
P001,H1,H,1,high_control,,,0,0.0,129.9,9539.0
P001,H2,H,2,low_control,,,0,0.0,33.9,9734.0
P001,H23,H,23,reference,REF-1,REF-1-B01,1,0.022862368541380886,111.6,9045.0
P001,H24,H,24,reference,REF-1,REF-1-B01,2,0.022862368541380886,114.1,9614.0
P001,I1,I,1,high_control,,,0,0.0,125.6,9043.0
P001,I2,I,2,low_control,,,0,0.0,33.4,9884.0
P001,I23,I,23,reference,REF-1,REF-1-B01,1,0.007620789513793629,122.8,9224.0
P001,I24,I,24,reference,REF-1,REF-1-B01,2,0.007620789513793629,123.1,9264.0
P001,J1,J,1,high_control,,,0,0.0,126.9,9378.0
P001,J2,J,2,low_control,,,0,0.0,34.9,10152.0
P001,J23,J,23,reference,REF-1,REF-1-B01,1,0.002540263171264543,123.5,8741.0
P001,J24,J,24,reference,REF-1,REF-1-B01,2,0.002540263171264543,125.8,9703.0
P001,K1,K,1,high_control,,,0,0.0,127.8,9299.0
P001,K2,K,2,low_control,,,0,0.0,33.3,10098.0
P001,K23,K,23,high_control,,,0,0.0,121.2,9005.0
P001,K24,K,24,low_control,,,0,0.0,36.0,10136.0
P001,L1,L,1,high_control,,,0,0.0,128.4,9789.0
P001,L2,L,2,low_control,,,0,0.0,35.5,10252.0
P001,L23,L,23,high_control,,,0,0.0,123.7,9019.0
P001,L24,L,24,low_control,,,0,0.0,41.4,10263.0
P001,M1,M,1,high_control,,,0,0.0,122.8,9498.0
P001,M2,M,2,low_control,,,0,0.0,32.6,9633.0
P001,M23,M,23,high_control,,,0,0.0,129.1,9732.0
P001,M24,M,24,low_control,,,0,0.0,37.8,10235.0
P001,N1,N,1,high_control,,,0,0.0,127.2,9489.0
P001,N2,N,2,low_control,,,0,0.0,30.5,10014.0
P001,N23,N,23,high_control,,,0,0.0,124.3,9283.0
P001,N24,N,24,low_control,,,0,0.0,37.9,10338.0
P001,O1,O,1,high_control,,,0,0.0,128.6,9115.0
P001,O2,O,2,low_control,,,0,0.0,33.5,10143.0
P001,O23,O,23,high_control,,,0,0.0,127.9,9016.0
P001,O24,O,24,low_control,,,0,0.0,37.1,10053.0
P001,P1,P,1,high_control,,,0,0.0,126.1,9811.0
P001,P2,P,2,low_control,,,0,0.0,41.1,9858.0
P001,P23,P,23,high_control,,,0,0.0,127.4,9728.0
P001,P24,P,24,low_control,,,0,0.0,37.8,10317.0
P001,A3,A,3,sample,A-0285,A-0285-B01,1,50.0,141.6,15884.0
P001,A4,A,4,sample,A-0285,A-0285-B01,1,16.666666666666668,61.9,11226.0
P001,A5,A,5,sample,A-0285,A-0285-B01,1,5.555555555555555,57.0,9814.0
P001,A6,A,6,sample,A-0285,A-0285-B01,1,1.8518518518518519,78.0,9964.0
P001,A7,A,7,sample,A-0285,A-0285-B01,1,0.6172839506172839,104.2,9566.0
P001,A8,A,8,sample,A-0285,A-0285-B01,1,0.205761316872428,117.4,9443.0
P001,A9,A,9,sample,A-0285,A-0285-B01,1,0.06858710562414266,120.4,9546.0
P001,A10,A,10,sample,A-0285,A-0285-B01,1,0.022862368541380886,129.5,9315.0
P001,A11,A,11,sample,A-0285,A-0285-B01,1,0.007620789513793629,129.2,9349.0
P001,A12,A,12,sample,A-0285,A-0285-B01,1,0.002540263171264543,124.5,9409.0
P001,A13,A,13,sample,A-0285,A-0285-B01,2,50.0,141.0,15404.0
P001,A14,A,14,sample,A-0285,A-0285-B01,2,16.666666666666668,59.1,10662.0
P001,A15,A,15,sample,A-0285,A-0285-B01,2,5.555555555555555,52.8,9848.0
P001,A16,A,16,sample,A-0285,A-0285-B01,2,1.8518518518518519,79.6,10373.0
P001,A17,A,17,sample,A-0285,A-0285-B01,2,0.6172839506172839,100.4,9569.0
P001,A18,A,18,sample,A-0285,A-0285-B01,2,0.205761316872428,110.2,9601.0
P001,A19,A,19,sample,A-0285,A-0285-B01,2,0.06858710562414266,123.1,9515.0
P001,A20,A,20,sample,A-0285,A-0285-B01,2,0.022862368541380886,126.1,9097.0
P001,A21,A,21,sample,A-0285,A-0285-B01,2,0.007620789513793629,123.9,9284.0
P001,A22,A,22,sample,A-0285,A-0285-B01,2,0.002540263171264543,132.1,9426.0
P001,B3,B,3,sample,A-0042,A-0042-B01,1,50.0,155.0,16696.0
P001,B4,B,4,sample,A-0042,A-0042-B01,1,16.666666666666668,88.4,11766.0
P001,B5,B,5,sample,A-0042,A-0042-B01,1,5.555555555555555,47.8,10622.0
P001,B6,B,6,sample,A-0042,A-0042-B01,1,1.8518518518518519,64.7,9575.0
P001,B7,B,7,sample,A-0042,A-0042-B01,1,0.6172839506172839,87.8,9334.0
P001,B8,B,8,sample,A-0042,A-0042-B01,1,0.205761316872428,111.0,9487.0
P001,B9,B,9,sample,A-0042,A-0042-B01,1,0.06858710562414266,120.0,9085.0
P001,B10,B,10,sample,A-0042,A-0042-B01,1,0.022862368541380886,118.0,8858.0
P001,B11,B,11,sample,A-0042,A-0042-B01,1,0.007620789513793629,123.1,9316.0
P001,B12,B,12,sample,A-0042,A-0042-B01,1,0.002540263171264543,126.2,9563.0
P001,B13,B,13,sample,A-0042,A-0042-B01,2,50.0,151.1,15934.0
P001,B14,B,14,sample,A-0042,A-0042-B01,2,16.666666666666668,88.5,11734.0
P001,B15,B,15,sample,A-0042,A-0042-B01,2,5.555555555555555,52.0,10624.0
P001,B16,B,16,sample,A-0042,A-0042-B01,2,1.8518518518518519,63.8,9687.0
P001,B17,B,17,sample,A-0042,A-0042-B01,2,0.6172839506172839,89.7,9343.0
P001,B18,B,18,sample,A-0042,A-0042-B01,2,0.205761316872428,109.2,9194.0
P001,B19,B,19,sample,A-0042,A-0042-B01,2,0.06858710562414266,123.0,9819.0
P001,B20,B,20,sample,A-0042,A-0042-B01,2,0.022862368541380886,120.6,9082.0
P001,B21,B,21,sample,A-0042,A-0042-B01,2,0.007620789513793629,122.9,9381.0
P001,B22,B,22,sample,A-0042,A-0042-B01,2,0.002540263171264543,122.0,9309.0
P001,C3,C,3,sample,A-0332,A-0332-B01,1,50.0,184.1,17024.0
P001,C4,C,4,sample,A-0332,A-0332-B01,1,16.666666666666668,131.7,11631.0
P001,C5,C,5,sample,A-0332,A-0332-B01,1,5.555555555555555,97.2,10213.0
P001,C6,C,6,sample,A-0332,A-0332-B01,1,1.8518518518518519,88.6,9050.0
P001,C7,C,7,sample,A-0332,A-0332-B01,1,0.6172839506172839,79.3,9468.0
P001,C8,C,8,sample,A-0332,A-0332-B01,1,0.205761316872428,82.0,9709.0
P001,C9,C,9,sample,A-0332,A-0332-B01,1,0.06858710562414266,105.0,9697.0
P001,C10,C,10,sample,A-0332,A-0332-B01,1,0.022862368541380886,119.2,9513.0
P001,C11,C,11,sample,A-0332,A-0332-B01,1,0.007620789513793629,122.7,9534.0
P001,C12,C,12,sample,A-0332,A-0332-B01,1,0.002540263171264543,122.0,9861.0
P001,C13,C,13,sample,A-0332,A-0332-B01,2,50.0,185.0,16558.0
P001,C14,C,14,sample,A-0332,A-0332-B01,2,16.666666666666668,127.3,11778.0
P001,C15,C,15,sample,A-0332,A-0332-B01,2,5.555555555555555,102.4,10572.0
P001,C16,C,16,sample,A-0332,A-0332-B01,2,1.8518518518518519,91.5,10134.0
P001,C17,C,17,sample,A-0332,A-0332-B01,2,0.6172839506172839,81.6,9829.0
P001,C18,C,18,sample,A-0332,A-0332-B01,2,0.205761316872428,83.0,9312.0
P001,C19,C,19,sample,A-0332,A-0332-B01,2,0.06858710562414266,105.8,9839.0
P001,C20,C,20,sample,A-0332,A-0332-B01,2,0.022862368541380886,113.7,9166.0
P001,C21,C,21,sample,A-0332,A-0332-B01,2,0.007620789513793629,120.6,9193.0
P001,C22,C,22,sample,A-0332,A-0332-B01,2,0.002540263171264543,119.0,9165.0
P001,D3,D,3,sample,A-0257,A-0257-B01,1,50.0,193.9,16164.0
P001,D4,D,4,sample,A-0257,A-0257-B01,1,16.666666666666668,147.1,12420.0
P001,D5,D,5,sample,A-0257,A-0257-B01,1,5.555555555555555,121.5,10840.0
P001,D6,D,6,sample,A-0257,A-0257-B01,1,1.8518518518518519,110.2,9793.0
P001,D7,D,7,sample,A-0257,A-0257-B01,1,0.6172839506172839,105.6,9640.0
P001,D8,D,8,sample,A-0257,A-0257-B01,1,0.205761316872428,111.1,9277.0
P001,D9,D,9,sample,A-0257,A-0257-B01,1,0.06858710562414266,118.1,9322.0
P001,D10,D,10,sample,A-0257,A-0257-B01,1,0.022862368541380886,119.0,9928.0
P001,D11,D,11,sample,A-0257,A-0257-B01,1,0.007620789513793629,124.0,9371.0
P001,D12,D,12,sample,A-0257,A-0257-B01,1,0.002540263171264543,124.5,9378.0
P001,D13,D,13,sample,A-0257,A-0257-B01,2,50.0,196.9,16624.0
P001,D14,D,14,sample,A-0257,A-0257-B01,2,16.666666666666668,151.1,11582.0
P001,D15,D,15,sample,A-0257,A-0257-B01,2,5.555555555555555,123.8,10471.0
P001,D16,D,16,sample,A-0257,A-0257-B01,2,1.8518518518518519,112.0,10156.0
P001,D17,D,17,sample,A-0257,A-0257-B01,2,0.6172839506172839,107.6,10049.0
P001,D18,D,18,sample,A-0257,A-0257-B01,2,0.205761316872428,108.6,9284.0
P001,D19,D,19,sample,A-0257,A-0257-B01,2,0.06858710562414266,122.0,9283.0
P001,D20,D,20,sample,A-0257,A-0257-B01,2,0.022862368541380886,126.1,9259.0
P001,D21,D,21,sample,A-0257,A-0257-B01,2,0.007620789513793629,124.0,9366.0
P001,D22,D,22,sample,A-0257,A-0257-B01,2,0.002540263171264543,120.7,8685.0
P001,E3,E,3,sample,A-0184,A-0184-B01,1,50.0,32.3,10246.0
P001,E4,E,4,sample,A-0184,A-0184-B01,1,16.666666666666668,33.8,9675.0
P001,E5,E,5,sample,A-0184,A-0184-B01,1,5.555555555555555,51.5,10123.0
P001,E6,E,6,sample,A-0184,A-0184-B01,1,1.8518518518518519,72.6,9237.0
P001,E7,E,7,sample,A-0184,A-0184-B01,1,0.6172839506172839,93.5,9791.0
P001,E8,E,8,sample,A-0184,A-0184-B01,1,0.205761316872428,115.1,9554.0
P001,E9,E,9,sample,A-0184,A-0184-B01,1,0.06858710562414266,116.9,9376.0
P001,E10,E,10,sample,A-0184,A-0184-B01,1,0.022862368541380886,124.0,9284.0
P001,E11,E,11,sample,A-0184,A-0184-B01,1,0.007620789513793629,124.4,9383.0
P001,E12,E,12,sample,A-0184,A-0184-B01,1,0.002540263171264543,125.3,9231.0
P001,E13,E,13,sample,A-0184,A-0184-B01,2,50.0,33.6,10068.0
P001,E14,E,14,sample,A-0184,A-0184-B01,2,16.666666666666668,40.3,9783.0
P001,E15,E,15,sample,A-0184,A-0184-B01,2,5.555555555555555,51.8,9828.0
P001,E16,E,16,sample,A-0184,A-0184-B01,2,1.8518518518518519,71.9,9847.0
P001,E17,E,17,sample,A-0184,A-0184-B01,2,0.6172839506172839,97.8,9660.0
P001,E18,E,18,sample,A-0184,A-0184-B01,2,0.205761316872428,109.4,9269.0
P001,E19,E,19,sample,A-0184,A-0184-B01,2,0.06858710562414266,125.1,8977.0
P001,E20,E,20,sample,A-0184,A-0184-B01,2,0.022862368541380886,126.7,9404.0
P001,E21,E,21,sample,A-0184,A-0184-B01,2,0.007620789513793629,124.0,8836.0
P001,E22,E,22,sample,A-0184,A-0184-B01,2,0.002540263171264543,125.0,9276.0
P001,F3,F,3,sample,A-0289,A-0289-B01,1,50.0,161.8,16131.0
P001,F4,F,4,sample,A-0289,A-0289-B01,1,16.666666666666668,89.3,12364.0
P001,F5,F,5,sample,A-0289,A-0289-B01,1,5.555555555555555,61.0,10202.0
P001,F6,F,6,sample,A-0289,A-0289-B01,1,1.8518518518518519,58.4,9353.0
P001,F7,F,7,sample,A-0289,A-0289-B01,1,0.6172839506172839,87.6,9522.0
P001,F8,F,8,sample,A-0289,A-0289-B01,1,0.205761316872428,107.9,9284.0
P001,F9,F,9,sample,A-0289,A-0289-B01,1,0.06858710562414266,119.9,9121.0
P001,F10,F,10,sample,A-0289,A-0289-B01,1,0.022862368541380886,117.3,9199.0
P001,F11,F,11,sample,A-0289,A-0289-B01,1,0.007620789513793629,125.1,9425.0
P001,F12,F,12,sample,A-0289,A-0289-B01,1,0.002540263171264543,125.5,8980.0
P001,F13,F,13,sample,A-0289,A-0289-B01,2,50.0,154.7,16118.0
P001,F14,F,14,sample,A-0289,A-0289-B01,2,16.666666666666668,92.0,11795.0
P001,F15,F,15,sample,A-0289,A-0289-B01,2,5.555555555555555,55.6,9995.0
P001,F16,F,16,sample,A-0289,A-0289-B01,2,1.8518518518518519,54.2,10034.0
P001,F17,F,17,sample,A-0289,A-0289-B01,2,0.6172839506172839,81.1,9765.0
P001,F18,F,18,sample,A-0289,A-0289-B01,2,0.205761316872428,106.6,8980.0
P001,F19,F,19,sample,A-0289,A-0289-B01,2,0.06858710562414266,117.0,9195.0
P001,F20,F,20,sample,A-0289,A-0289-B01,2,0.022862368541380886,117.3,9436.0
P001,F21,F,21,sample,A-0289,A-0289-B01,2,0.007620789513793629,119.8,9182.0
P001,F22,F,22,sample,A-0289,A-0289-B01,2,0.002540263171264543,125.1,9527.0
P001,G3,G,3,sample,A-0035,A-0035-B01,1,50.0,183.1,15978.0
P001,G4,G,4,sample,A-0035,A-0035-B01,1,16.666666666666668,127.9,12157.0
P001,G5,G,5,sample,A-0035,A-0035-B01,1,5.555555555555555,92.1,10211.0
P001,G6,G,6,sample,A-0035,A-0035-B01,1,1.8518518518518519,81.8,9611.0
P001,G7,G,7,sample,A-0035,A-0035-B01,1,0.6172839506172839,78.0,9623.0
P001,G8,G,8,sample,A-0035,A-0035-B01,1,0.205761316872428,88.1,9741.0
P001,G9,G,9,sample,A-0035,A-0035-B01,1,0.06858710562414266,103.3,8809.0
P001,G10,G,10,sample,A-0035,A-0035-B01,1,0.022862368541380886,120.3,9479.0
P001,G11,G,11,sample,A-0035,A-0035-B01,1,0.007620789513793629,124.4,9069.0
P001,G12,G,12,sample,A-0035,A-0035-B01,1,0.002540263171264543,123.7,9302.0
P001,G13,G,13,sample,A-0035,A-0035-B01,2,50.0,184.3,16805.0
P001,G14,G,14,sample,A-0035,A-0035-B01,2,16.666666666666668,125.6,11784.0
P001,G15,G,15,sample,A-0035,A-0035-B01,2,5.555555555555555,93.1,10444.0
P001,G16,G,16,sample,A-0035,A-0035-B01,2,1.8518518518518519,83.7,9776.0
P001,G17,G,17,sample,A-0035,A-0035-B01,2,0.6172839506172839,83.7,9541.0
P001,G18,G,18,sample,A-0035,A-0035-B01,2,0.205761316872428,90.7,9471.0
P001,G19,G,19,sample,A-0035,A-0035-B01,2,0.06858710562414266,113.0,9388.0
P001,G20,G,20,sample,A-0035,A-0035-B01,2,0.022862368541380886,119.4,9391.0
P001,G21,G,21,sample,A-0035,A-0035-B01,2,0.007620789513793629,122.1,8922.0
P001,G22,G,22,sample,A-0035,A-0035-B01,2,0.002540263171264543,121.9,8965.0
P001,H3,H,3,sample,A-0370,A-0370-B01,1,50.0,186.5,16232.0
P001,H4,H,4,sample,A-0370,A-0370-B01,1,16.666666666666668,137.1,11842.0
P001,H5,H,5,sample,A-0370,A-0370-B01,1,5.555555555555555,105.7,9960.0
P001,H6,H,6,sample,A-0370,A-0370-B01,1,1.8518518518518519,90.5,9928.0
P001,H7,H,7,sample,A-0370,A-0370-B01,1,0.6172839506172839,86.9,9585.0
P001,H8,H,8,sample,A-0370,A-0370-B01,1,0.205761316872428,92.5,9742.0
P001,H9,H,9,sample,A-0370,A-0370-B01,1,0.06858710562414266,107.5,9316.0
P001,H10,H,10,sample,A-0370,A-0370-B01,1,0.022862368541380886,118.3,9724.0
P001,H11,H,11,sample,A-0370,A-0370-B01,1,0.007620789513793629,119.2,9162.0
P001,H12,H,12,sample,A-0370,A-0370-B01,1,0.002540263171264543,122.8,9372.0
P001,H13,H,13,sample,A-0370,A-0370-B01,2,50.0,181.4,15936.0
P001,H14,H,14,sample,A-0370,A-0370-B01,2,16.666666666666668,135.8,11558.0
P001,H15,H,15,sample,A-0370,A-0370-B01,2,5.555555555555555,105.3,10233.0
P001,H16,H,16,sample,A-0370,A-0370-B01,2,1.8518518518518519,92.1,9617.0
P001,H17,H,17,sample,A-0370,A-0370-B01,2,0.6172839506172839,88.8,9732.0
P001,H18,H,18,sample,A-0370,A-0370-B01,2,0.205761316872428,94.1,9534.0
P001,H19,H,19,sample,A-0370,A-0370-B01,2,0.06858710562414266,111.9,9633.0
P001,H20,H,20,sample,A-0370,A-0370-B01,2,0.022862368541380886,121.9,9737.0
P001,H21,H,21,sample,A-0370,A-0370-B01,2,0.007620789513793629,125.6,9524.0
P001,H22,H,22,sample,A-0370,A-0370-B01,2,0.002540263171264543,125.1,9470.0
P001,I3,I,3,sample,A-0169,A-0169-B01,1,50.0,40.2,10526.0
P001,I4,I,4,sample,A-0169,A-0169-B01,1,16.666666666666668,49.2,9588.0
P001,I5,I,5,sample,A-0169,A-0169-B01,1,5.555555555555555,78.3,10042.0
P001,I6,I,6,sample,A-0169,A-0169-B01,1,1.8518518518518519,105.2,9704.0
P001,I7,I,7,sample,A-0169,A-0169-B01,1,0.6172839506172839,115.2,9423.0
P001,I8,I,8,sample,A-0169,A-0169-B01,1,0.205761316872428,120.7,9288.0
P001,I9,I,9,sample,A-0169,A-0169-B01,1,0.06858710562414266,121.6,9030.0
P001,I10,I,10,sample,A-0169,A-0169-B01,1,0.022862368541380886,124.4,9531.0
P001,I11,I,11,sample,A-0169,A-0169-B01,1,0.007620789513793629,122.1,9449.0
P001,I12,I,12,sample,A-0169,A-0169-B01,1,0.002540263171264543,124.2,9267.0
P001,I13,I,13,sample,A-0169,A-0169-B01,2,50.0,40.5,10038.0
P001,I14,I,14,sample,A-0169,A-0169-B01,2,16.666666666666668,53.1,9209.0
P001,I15,I,15,sample,A-0169,A-0169-B01,2,5.555555555555555,78.6,9518.0
P001,I16,I,16,sample,A-0169,A-0169-B01,2,1.8518518518518519,105.5,9766.0
P001,I17,I,17,sample,A-0169,A-0169-B01,2,0.6172839506172839,114.3,9186.0
P001,I18,I,18,sample,A-0169,A-0169-B01,2,0.205761316872428,119.5,9263.0
P001,I19,I,19,sample,A-0169,A-0169-B01,2,0.06858710562414266,124.2,9154.0
P001,I20,I,20,sample,A-0169,A-0169-B01,2,0.022862368541380886,120.7,9207.0
P001,I21,I,21,sample,A-0169,A-0169-B01,2,0.007620789513793629,125.7,8840.0
P001,I22,I,22,sample,A-0169,A-0169-B01,2,0.002540263171264543,129.8,9175.0
P001,J3,J,3,sample,A-0092,A-0092-B01,1,50.0,25.1,163950.0
P001,J4,J,4,sample,A-0092,A-0092-B01,1,16.666666666666668,36.6,59058.0
P001,J5,J,5,sample,A-0092,A-0092-B01,1,5.555555555555555,56.0,24346.0
P001,J6,J,6,sample,A-0092,A-0092-B01,1,1.8518518518518519,81.0,14408.0
P001,J7,J,7,sample,A-0092,A-0092-B01,1,0.6172839506172839,108.2,11126.0
P001,J8,J,8,sample,A-0092,A-0092-B01,1,0.205761316872428,115.5,9875.0
P001,J9,J,9,sample,A-0092,A-0092-B01,1,0.06858710562414266,124.8,9682.0
P001,J10,J,10,sample,A-0092,A-0092-B01,1,0.022862368541380886,123.3,9188.0
P001,J11,J,11,sample,A-0092,A-0092-B01,1,0.007620789513793629,125.0,9135.0
P001,J12,J,12,sample,A-0092,A-0092-B01,1,0.002540263171264543,124.7,9140.0
P001,J13,J,13,sample,A-0092,A-0092-B01,2,50.0,27.7,148795.0
P001,J14,J,14,sample,A-0092,A-0092-B01,2,16.666666666666668,35.5,59328.0
P001,J15,J,15,sample,A-0092,A-0092-B01,2,5.555555555555555,56.4,25952.0
P001,J16,J,16,sample,A-0092,A-0092-B01,2,1.8518518518518519,82.7,14797.0
P001,J17,J,17,sample,A-0092,A-0092-B01,2,0.6172839506172839,106.6,11314.0
P001,J18,J,18,sample,A-0092,A-0092-B01,2,0.205761316872428,117.7,10198.0
P001,J19,J,19,sample,A-0092,A-0092-B01,2,0.06858710562414266,120.8,9533.0
P001,J20,J,20,sample,A-0092,A-0092-B01,2,0.022862368541380886,123.6,9495.0
P001,J21,J,21,sample,A-0092,A-0092-B01,2,0.007620789513793629,119.8,9183.0
P001,J22,J,22,sample,A-0092,A-0092-B01,2,0.002540263171264543,126.4,9264.0
P001,K3,K,3,sample,A-0292,A-0292-B01,1,50.0,191.8,16985.0
P001,K4,K,4,sample,A-0292,A-0292-B01,1,16.666666666666668,131.1,11730.0
P001,K5,K,5,sample,A-0292,A-0292-B01,1,5.555555555555555,101.7,9824.0
P001,K6,K,6,sample,A-0292,A-0292-B01,1,1.8518518518518519,85.6,9767.0
P001,K7,K,7,sample,A-0292,A-0292-B01,1,0.6172839506172839,83.5,9724.0
P001,K8,K,8,sample,A-0292,A-0292-B01,1,0.205761316872428,79.5,9665.0
P001,K9,K,9,sample,A-0292,A-0292-B01,1,0.06858710562414266,106.2,9441.0
P001,K10,K,10,sample,A-0292,A-0292-B01,1,0.022862368541380886,113.7,9385.0
P001,K11,K,11,sample,A-0292,A-0292-B01,1,0.007620789513793629,118.1,9252.0
P001,K12,K,12,sample,A-0292,A-0292-B01,1,0.002540263171264543,122.7,9055.0
P001,K13,K,13,sample,A-0292,A-0292-B01,2,50.0,183.1,16400.0
P001,K14,K,14,sample,A-0292,A-0292-B01,2,16.666666666666668,125.1,11644.0
P001,K15,K,15,sample,A-0292,A-0292-B01,2,5.555555555555555,99.3,10368.0
P001,K16,K,16,sample,A-0292,A-0292-B01,2,1.8518518518518519,85.4,9820.0
P001,K17,K,17,sample,A-0292,A-0292-B01,2,0.6172839506172839,82.1,9463.0
P001,K18,K,18,sample,A-0292,A-0292-B01,2,0.205761316872428,77.2,9461.0
P001,K19,K,19,sample,A-0292,A-0292-B01,2,0.06858710562414266,102.4,9565.0
P001,K20,K,20,sample,A-0292,A-0292-B01,2,0.022862368541380886,112.2,9450.0
P001,K21,K,21,sample,A-0292,A-0292-B01,2,0.007620789513793629,120.6,9425.0
P001,K22,K,22,sample,A-0292,A-0292-B01,2,0.002540263171264543,120.9,8803.0
P001,L3,L,3,sample,B-0010,B-0010-B01,1,50.0,37.5,10006.0
P001,L4,L,4,sample,B-0010,B-0010-B01,1,16.666666666666668,34.7,9774.0
P001,L5,L,5,sample,B-0010,B-0010-B01,1,5.555555555555555,47.5,9999.0
P001,L6,L,6,sample,B-0010,B-0010-B01,1,1.8518518518518519,64.8,9414.0
P001,L7,L,7,sample,B-0010,B-0010-B01,1,0.6172839506172839,82.8,10285.0
P001,L8,L,8,sample,B-0010,B-0010-B01,1,0.205761316872428,111.5,9677.0
P001,L9,L,9,sample,B-0010,B-0010-B01,1,0.06858710562414266,118.1,9166.0
P001,L10,L,10,sample,B-0010,B-0010-B01,1,0.022862368541380886,127.5,9324.0
P001,L11,L,11,sample,B-0010,B-0010-B01,1,0.007620789513793629,121.8,9593.0
P001,L12,L,12,sample,B-0010,B-0010-B01,1,0.002540263171264543,124.8,9286.0
P001,L13,L,13,sample,B-0010,B-0010-B01,2,50.0,34.9,10259.0
P001,L14,L,14,sample,B-0010,B-0010-B01,2,16.666666666666668,36.2,9725.0
P001,L15,L,15,sample,B-0010,B-0010-B01,2,5.555555555555555,43.4,10116.0
P001,L16,L,16,sample,B-0010,B-0010-B01,2,1.8518518518518519,59.8,10008.0
P001,L17,L,17,sample,B-0010,B-0010-B01,2,0.6172839506172839,87.6,9566.0
P001,L18,L,18,sample,B-0010,B-0010-B01,2,0.205761316872428,103.8,8940.0
P001,L19,L,19,sample,B-0010,B-0010-B01,2,0.06858710562414266,118.0,9108.0
P001,L20,L,20,sample,B-0010,B-0010-B01,2,0.022862368541380886,123.5,9271.0
P001,L21,L,21,sample,B-0010,B-0010-B01,2,0.007620789513793629,123.6,9289.0
P001,L22,L,22,sample,B-0010,B-0010-B01,2,0.002540263171264543,121.2,9577.0
P001,M3,M,3,sample,A-0134,A-0134-B01,1,50.0,195.8,16687.0
P001,M4,M,4,sample,A-0134,A-0134-B01,1,16.666666666666668,140.3,12433.0
P001,M5,M,5,sample,A-0134,A-0134-B01,1,5.555555555555555,113.2,10536.0
P001,M6,M,6,sample,A-0134,A-0134-B01,1,1.8518518518518519,96.3,9855.0
P001,M7,M,7,sample,A-0134,A-0134-B01,1,0.6172839506172839,93.6,9399.0
P001,M8,M,8,sample,A-0134,A-0134-B01,1,0.205761316872428,104.5,9593.0
P001,M9,M,9,sample,A-0134,A-0134-B01,1,0.06858710562414266,115.5,9315.0
P001,M10,M,10,sample,A-0134,A-0134-B01,1,0.022862368541380886,118.5,8781.0
P001,M11,M,11,sample,A-0134,A-0134-B01,1,0.007620789513793629,119.8,9242.0
P001,M12,M,12,sample,A-0134,A-0134-B01,1,0.002540263171264543,120.6,9159.0
P001,M13,M,13,sample,A-0134,A-0134-B01,2,50.0,198.2,16264.0
P001,M14,M,14,sample,A-0134,A-0134-B01,2,16.666666666666668,139.6,11598.0
P001,M15,M,15,sample,A-0134,A-0134-B01,2,5.555555555555555,113.9,10360.0
P001,M16,M,16,sample,A-0134,A-0134-B01,2,1.8518518518518519,101.5,9487.0
P001,M17,M,17,sample,A-0134,A-0134-B01,2,0.6172839506172839,98.4,9777.0
P001,M18,M,18,sample,A-0134,A-0134-B01,2,0.205761316872428,104.0,9230.0
P001,M19,M,19,sample,A-0134,A-0134-B01,2,0.06858710562414266,116.9,9548.0
P001,M20,M,20,sample,A-0134,A-0134-B01,2,0.022862368541380886,124.7,9218.0
P001,M21,M,21,sample,A-0134,A-0134-B01,2,0.007620789513793629,123.6,9452.0
P001,M22,M,22,sample,A-0134,A-0134-B01,2,0.002540263171264543,123.5,9459.0
P001,N3,N,3,sample,A-0111,A-0111-B01,1,50.0,194.6,16722.0
P001,N4,N,4,sample,A-0111,A-0111-B01,1,16.666666666666668,136.0,12071.0
P001,N5,N,5,sample,A-0111,A-0111-B01,1,5.555555555555555,105.7,10128.0
P001,N6,N,6,sample,A-0111,A-0111-B01,1,1.8518518518518519,95.3,9629.0
P001,N7,N,7,sample,A-0111,A-0111-B01,1,0.6172839506172839,91.1,9711.0
P001,N8,N,8,sample,A-0111,A-0111-B01,1,0.205761316872428,95.0,9665.0
P001,N9,N,9,sample,A-0111,A-0111-B01,1,0.06858710562414266,109.1,9164.0
P001,N10,N,10,sample,A-0111,A-0111-B01,1,0.022862368541380886,120.6,9092.0
P001,N11,N,11,sample,A-0111,A-0111-B01,1,0.007620789513793629,123.9,8970.0
P001,N12,N,12,sample,A-0111,A-0111-B01,1,0.002540263171264543,128.7,9028.0
P001,N13,N,13,sample,A-0111,A-0111-B01,2,50.0,185.8,16253.0
P001,N14,N,14,sample,A-0111,A-0111-B01,2,16.666666666666668,132.1,11771.0
P001,N15,N,15,sample,A-0111,A-0111-B01,2,5.555555555555555,105.6,10121.0
P001,N16,N,16,sample,A-0111,A-0111-B01,2,1.8518518518518519,93.2,9759.0
P001,N17,N,17,sample,A-0111,A-0111-B01,2,0.6172839506172839,87.4,9745.0
P001,N18,N,18,sample,A-0111,A-0111-B01,2,0.205761316872428,86.3,9502.0
P001,N19,N,19,sample,A-0111,A-0111-B01,2,0.06858710562414266,107.7,9278.0
P001,N20,N,20,sample,A-0111,A-0111-B01,2,0.022862368541380886,113.7,8972.0
P001,N21,N,21,sample,A-0111,A-0111-B01,2,0.007620789513793629,122.5,9683.0
P001,N22,N,22,sample,A-0111,A-0111-B01,2,0.002540263171264543,125.4,9052.0
P001,O3,O,3,sample,A-0261,A-0261-B01,1,50.0,176.6,16404.0
P001,O4,O,4,sample,A-0261,A-0261-B01,1,16.666666666666668,128.4,11392.0
P001,O5,O,5,sample,A-0261,A-0261-B01,1,5.555555555555555,98.7,10457.0
P001,O6,O,6,sample,A-0261,A-0261-B01,1,1.8518518518518519,84.4,9472.0
P001,O7,O,7,sample,A-0261,A-0261-B01,1,0.6172839506172839,80.8,10225.0
P001,O8,O,8,sample,A-0261,A-0261-B01,1,0.205761316872428,81.6,9789.0
P001,O9,O,9,sample,A-0261,A-0261-B01,1,0.06858710562414266,101.4,9616.0
P001,O10,O,10,sample,A-0261,A-0261-B01,1,0.022862368541380886,113.8,9227.0
P001,O11,O,11,sample,A-0261,A-0261-B01,1,0.007620789513793629,118.6,9390.0
P001,O12,O,12,sample,A-0261,A-0261-B01,1,0.002540263171264543,123.5,9232.0
P001,O13,O,13,sample,A-0261,A-0261-B01,2,50.0,181.5,16110.0
P001,O14,O,14,sample,A-0261,A-0261-B01,2,16.666666666666668,123.2,11722.0
P001,O15,O,15,sample,A-0261,A-0261-B01,2,5.555555555555555,95.8,9668.0
P001,O16,O,16,sample,A-0261,A-0261-B01,2,1.8518518518518519,87.0,9952.0
P001,O17,O,17,sample,A-0261,A-0261-B01,2,0.6172839506172839,81.0,9736.0
P001,O18,O,18,sample,A-0261,A-0261-B01,2,0.205761316872428,77.9,9521.0
P001,O19,O,19,sample,A-0261,A-0261-B01,2,0.06858710562414266,105.4,9439.0
P001,O20,O,20,sample,A-0261,A-0261-B01,2,0.022862368541380886,119.1,9463.0
P001,O21,O,21,sample,A-0261,A-0261-B01,2,0.007620789513793629,119.4,9450.0
P001,O22,O,22,sample,A-0261,A-0261-B01,2,0.002540263171264543,125.4,8998.0
P001,P3,P,3,sample,A-0352,A-0352-B01,1,50.0,152.4,16218.0
P001,P4,P,4,sample,A-0352,A-0352-B01,1,16.666666666666668,81.3,12055.0
P001,P5,P,5,sample,A-0352,A-0352-B01,1,5.555555555555555,42.9,10501.0
P001,P6,P,6,sample,A-0352,A-0352-B01,1,1.8518518518518519,74.4,10248.0
P001,P7,P,7,sample,A-0352,A-0352-B01,1,0.6172839506172839,90.0,10275.0
P001,P8,P,8,sample,A-0352,A-0352-B01,1,0.205761316872428,111.9,9600.0
P001,P9,P,9,sample,A-0352,A-0352-B01,1,0.06858710562414266,125.6,9765.0
P001,P10,P,10,sample,A-0352,A-0352-B01,1,0.022862368541380886,125.4,9676.0
P001,P11,P,11,sample,A-0352,A-0352-B01,1,0.007620789513793629,131.7,9533.0
P001,P12,P,12,sample,A-0352,A-0352-B01,1,0.002540263171264543,126.1,9022.0
P001,P13,P,13,sample,A-0352,A-0352-B01,2,50.0,153.3,16006.0
P001,P14,P,14,sample,A-0352,A-0352-B01,2,16.666666666666668,129.3,9416.0
P001,P15,P,15,sample,A-0352,A-0352-B01,2,5.555555555555555,48.3,9816.0
P001,P16,P,16,sample,A-0352,A-0352-B01,2,1.8518518518518519,69.5,9521.0
P001,P17,P,17,sample,A-0352,A-0352-B01,2,0.6172839506172839,95.2,9785.0
P001,P18,P,18,sample,A-0352,A-0352-B01,2,0.205761316872428,116.6,9250.0
P001,P19,P,19,sample,A-0352,A-0352-B01,2,0.06858710562414266,122.7,10096.0
P001,P20,P,20,sample,A-0352,A-0352-B01,2,0.022862368541380886,128.5,9178.0
P001,P21,P,21,sample,A-0352,A-0352-B01,2,0.007620789513793629,127.5,9563.0
P001,P22,P,22,sample,A-0352,A-0352-B01,2,0.002540263171264543,127.9,9074.0
P002,A1,A,1,high_control,,,0,0.0,136.0,9203.0
P002,A2,A,2,low_control,,,0,0.0,45.8,10086.0
P002,A23,A,23,reference,REF-1,REF-1-B01,1,50.0,38.1,9853.0
P002,A24,A,24,reference,REF-1,REF-1-B01,2,50.0,45.3,10198.0
P002,B1,B,1,high_control,,,0,0.0,134.4,9282.0
P002,B2,B,2,low_control,,,0,0.0,38.4,9874.0
P002,B23,B,23,reference,REF-1,REF-1-B01,1,16.666666666666668,37.2,9956.0
P002,B24,B,24,reference,REF-1,REF-1-B01,2,16.666666666666668,39.3,10184.0
P002,C1,C,1,high_control,,,0,0.0,133.3,9041.0
P002,C2,C,2,low_control,,,0,0.0,34.6,10434.0
P002,C23,C,23,reference,REF-1,REF-1-B01,1,5.555555555555555,40.9,9952.0
P002,C24,C,24,reference,REF-1,REF-1-B01,2,5.555555555555555,46.4,10298.0
P002,D1,D,1,high_control,,,0,0.0,133.3,9457.0
P002,D2,D,2,low_control,,,0,0.0,34.2,9809.0
P002,D23,D,23,reference,REF-1,REF-1-B01,1,1.8518518518518519,41.3,10035.0
P002,D24,D,24,reference,REF-1,REF-1-B01,2,1.8518518518518519,44.3,10283.0
P002,E1,E,1,high_control,,,0,0.0,131.1,9391.0
P002,E2,E,2,low_control,,,0,0.0,35.0,10262.0
P002,E23,E,23,reference,REF-1,REF-1-B01,1,0.6172839506172839,52.7,9627.0
P002,E24,E,24,reference,REF-1,REF-1-B01,2,0.6172839506172839,56.7,10347.0
P002,F1,F,1,high_control,,,0,0.0,136.8,9248.0
P002,F2,F,2,low_control,,,0,0.0,35.0,9959.0
P002,F23,F,23,reference,REF-1,REF-1-B01,1,0.205761316872428,69.1,9608.0
P002,F24,F,24,reference,REF-1,REF-1-B01,2,0.205761316872428,74.2,9557.0
P002,G1,G,1,high_control,,,0,0.0,132.2,9646.0
P002,G2,G,2,low_control,,,0,0.0,39.6,9752.0
P002,G23,G,23,reference,REF-1,REF-1-B01,1,0.06858710562414266,96.3,9150.0
P002,G24,G,24,reference,REF-1,REF-1-B01,2,0.06858710562414266,99.5,10341.0
P002,H1,H,1,high_control,,,0,0.0,136.0,9536.0
P002,H2,H,2,low_control,,,0,0.0,37.2,10132.0
P002,H23,H,23,reference,REF-1,REF-1-B01,1,0.022862368541380886,114.2,9006.0
P002,H24,H,24,reference,REF-1,REF-1-B01,2,0.022862368541380886,121.5,9163.0
P002,I1,I,1,high_control,,,0,0.0,132.8,9472.0
P002,I2,I,2,low_control,,,0,0.0,37.3,10188.0
P002,I23,I,23,reference,REF-1,REF-1-B01,1,0.007620789513793629,122.8,9619.0
P002,I24,I,24,reference,REF-1,REF-1-B01,2,0.007620789513793629,131.5,9591.0
P002,J1,J,1,high_control,,,0,0.0,138.4,9208.0
P002,J2,J,2,low_control,,,0,0.0,40.9,10024.0
P002,J23,J,23,reference,REF-1,REF-1-B01,1,0.002540263171264543,130.3,9480.0
P002,J24,J,24,reference,REF-1,REF-1-B01,2,0.002540263171264543,132.8,9340.0
P002,K1,K,1,high_control,,,0,0.0,128.8,9305.0
P002,K2,K,2,low_control,,,0,0.0,40.1,9767.0
P002,K23,K,23,high_control,,,0,0.0,126.4,9320.0
P002,K24,K,24,low_control,,,0,0.0,42.3,10235.0
P002,L1,L,1,high_control,,,0,0.0,130.0,9408.0
P002,L2,L,2,low_control,,,0,0.0,35.3,9860.0
P002,L23,L,23,high_control,,,0,0.0,126.4,9091.0
P002,L24,L,24,low_control,,,0,0.0,40.9,10305.0
P002,M1,M,1,high_control,,,0,0.0,134.4,9669.0
P002,M2,M,2,low_control,,,0,0.0,39.4,9499.0
P002,M23,M,23,high_control,,,0,0.0,131.0,9355.0
P002,M24,M,24,low_control,,,0,0.0,41.4,10181.0
P002,N1,N,1,high_control,,,0,0.0,134.0,9642.0
P002,N2,N,2,low_control,,,0,0.0,40.4,9598.0
P002,N23,N,23,high_control,,,0,0.0,130.4,9443.0
P002,N24,N,24,low_control,,,0,0.0,39.3,10058.0
P002,O1,O,1,high_control,,,0,0.0,130.9,9705.0
P002,O2,O,2,low_control,,,0,0.0,38.0,9991.0
P002,O23,O,23,high_control,,,0,0.0,131.6,9175.0
P002,O24,O,24,low_control,,,0,0.0,40.6,10440.0
P002,P1,P,1,high_control,,,0,0.0,135.7,9148.0
P002,P2,P,2,low_control,,,0,0.0,44.0,10697.0
P002,P23,P,23,high_control,,,0,0.0,133.4,8871.0
P002,P24,P,24,low_control,,,0,0.0,43.8,10347.0
P002,A3,A,3,sample,A-0023,A-0023-B01,1,50.0,135.7,9345.0
P002,A4,A,4,sample,A-0023,A-0023-B01,1,16.666666666666668,132.7,11753.0
P002,A5,A,5,sample,A-0023,A-0023-B01,1,5.555555555555555,99.7,10419.0
P002,A6,A,6,sample,A-0023,A-0023-B01,1,1.8518518518518519,87.9,10074.0
P002,A7,A,7,sample,A-0023,A-0023-B01,1,0.6172839506172839,83.7,9712.0
P002,A8,A,8,sample,A-0023,A-0023-B01,1,0.205761316872428,88.1,9922.0
P002,A9,A,9,sample,A-0023,A-0023-B01,1,0.06858710562414266,109.5,9881.0
P002,A10,A,10,sample,A-0023,A-0023-B01,1,0.022862368541380886,124.5,9448.0
P002,A11,A,11,sample,A-0023,A-0023-B01,1,0.007620789513793629,124.0,9659.0
P002,A12,A,12,sample,A-0023,A-0023-B01,1,0.002540263171264543,131.7,9291.0
P002,A13,A,13,sample,A-0023,A-0023-B01,2,50.0,189.6,17075.0
P002,A14,A,14,sample,A-0023,A-0023-B01,2,16.666666666666668,133.6,12257.0
P002,A15,A,15,sample,A-0023,A-0023-B01,2,5.555555555555555,102.0,10350.0
P002,A16,A,16,sample,A-0023,A-0023-B01,2,1.8518518518518519,84.3,10185.0
P002,A17,A,17,sample,A-0023,A-0023-B01,2,0.6172839506172839,84.3,10088.0
P002,A18,A,18,sample,A-0023,A-0023-B01,2,0.205761316872428,83.0,9666.0
P002,A19,A,19,sample,A-0023,A-0023-B01,2,0.06858710562414266,107.7,9288.0
P002,A20,A,20,sample,A-0023,A-0023-B01,2,0.022862368541380886,122.1,9375.0
P002,A21,A,21,sample,A-0023,A-0023-B01,2,0.007620789513793629,131.5,9839.0
P002,A22,A,22,sample,A-0023,A-0023-B01,2,0.002540263171264543,130.3,9149.0
P002,B3,B,3,sample,A-0338,A-0338-B01,1,50.0,43.3,9845.0
P002,B4,B,4,sample,A-0338,A-0338-B01,1,16.666666666666668,60.9,9914.0
P002,B5,B,5,sample,A-0338,A-0338-B01,1,5.555555555555555,76.3,9876.0
P002,B6,B,6,sample,A-0338,A-0338-B01,1,1.8518518518518519,102.1,9843.0
P002,B7,B,7,sample,A-0338,A-0338-B01,1,0.6172839506172839,115.4,9414.0
P002,B8,B,8,sample,A-0338,A-0338-B01,1,0.205761316872428,126.5,9256.0
P002,B9,B,9,sample,A-0338,A-0338-B01,1,0.06858710562414266,129.3,9419.0
P002,B10,B,10,sample,A-0338,A-0338-B01,1,0.022862368541380886,130.6,9424.0
P002,B11,B,11,sample,A-0338,A-0338-B01,1,0.007620789513793629,130.1,8696.0
P002,B12,B,12,sample,A-0338,A-0338-B01,1,0.002540263171264543,129.8,9093.0
P002,B13,B,13,sample,A-0338,A-0338-B01,2,50.0,42.3,9954.0
P002,B14,B,14,sample,A-0338,A-0338-B01,2,16.666666666666668,58.0,9612.0
P002,B15,B,15,sample,A-0338,A-0338-B01,2,5.555555555555555,81.7,9603.0
P002,B16,B,16,sample,A-0338,A-0338-B01,2,1.8518518518518519,105.8,9131.0
P002,B17,B,17,sample,A-0338,A-0338-B01,2,0.6172839506172839,117.5,9379.0
P002,B18,B,18,sample,A-0338,A-0338-B01,2,0.205761316872428,126.7,9512.0
P002,B19,B,19,sample,A-0338,A-0338-B01,2,0.06858710562414266,129.3,8759.0
P002,B20,B,20,sample,A-0338,A-0338-B01,2,0.022862368541380886,125.3,8607.0
P002,B21,B,21,sample,A-0338,A-0338-B01,2,0.007620789513793629,121.5,9200.0
P002,B22,B,22,sample,A-0338,A-0338-B01,2,0.002540263171264543,126.9,9314.0
P002,C3,C,3,sample,A-0093,A-0093-B01,1,50.0,43.5,10128.0
P002,C4,C,4,sample,A-0093,A-0093-B01,1,16.666666666666668,59.3,9443.0
P002,C5,C,5,sample,A-0093,A-0093-B01,1,5.555555555555555,79.2,9735.0
P002,C6,C,6,sample,A-0093,A-0093-B01,1,1.8518518518518519,104.7,9700.0
P002,C7,C,7,sample,A-0093,A-0093-B01,1,0.6172839506172839,123.5,9079.0
P002,C8,C,8,sample,A-0093,A-0093-B01,1,0.205761316872428,125.0,9268.0
P002,C9,C,9,sample,A-0093,A-0093-B01,1,0.06858710562414266,130.6,9195.0
P002,C10,C,10,sample,A-0093,A-0093-B01,1,0.022862368541380886,128.1,9065.0
P002,C11,C,11,sample,A-0093,A-0093-B01,1,0.007620789513793629,130.6,9172.0
P002,C12,C,12,sample,A-0093,A-0093-B01,1,0.002540263171264543,133.9,8978.0
P002,C13,C,13,sample,A-0093,A-0093-B01,2,50.0,50.1,10190.0
P002,C14,C,14,sample,A-0093,A-0093-B01,2,16.666666666666668,59.4,9800.0
P002,C15,C,15,sample,A-0093,A-0093-B01,2,5.555555555555555,75.5,9679.0
P002,C16,C,16,sample,A-0093,A-0093-B01,2,1.8518518518518519,98.6,9663.0
P002,C17,C,17,sample,A-0093,A-0093-B01,2,0.6172839506172839,111.7,8697.0
P002,C18,C,18,sample,A-0093,A-0093-B01,2,0.205761316872428,124.9,9239.0
P002,C19,C,19,sample,A-0093,A-0093-B01,2,0.06858710562414266,128.2,9294.0
P002,C20,C,20,sample,A-0093,A-0093-B01,2,0.022862368541380886,129.8,9176.0
P002,C21,C,21,sample,A-0093,A-0093-B01,2,0.007620789513793629,132.0,9197.0
P002,C22,C,22,sample,A-0093,A-0093-B01,2,0.002540263171264543,129.4,9583.0
P002,D3,D,3,sample,A-0364,A-0364-B01,1,50.0,128.1,14856.0
P002,D4,D,4,sample,A-0364,A-0364-B01,1,16.666666666666668,55.5,10394.0
P002,D5,D,5,sample,A-0364,A-0364-B01,1,5.555555555555555,65.0,10152.0
P002,D6,D,6,sample,A-0364,A-0364-B01,1,1.8518518518518519,91.9,9187.0
P002,D7,D,7,sample,A-0364,A-0364-B01,1,0.6172839506172839,105.9,9079.0
P002,D8,D,8,sample,A-0364,A-0364-B01,1,0.205761316872428,127.5,9194.0
P002,D9,D,9,sample,A-0364,A-0364-B01,1,0.06858710562414266,123.9,9463.0
P002,D10,D,10,sample,A-0364,A-0364-B01,1,0.022862368541380886,129.6,9002.0
P002,D11,D,11,sample,A-0364,A-0364-B01,1,0.007620789513793629,130.9,9118.0
P002,D12,D,12,sample,A-0364,A-0364-B01,1,0.002540263171264543,127.2,9290.0
P002,D13,D,13,sample,A-0364,A-0364-B01,2,50.0,134.3,14155.0
P002,D14,D,14,sample,A-0364,A-0364-B01,2,16.666666666666668,52.9,10867.0
P002,D15,D,15,sample,A-0364,A-0364-B01,2,5.555555555555555,70.1,9606.0
P002,D16,D,16,sample,A-0364,A-0364-B01,2,1.8518518518518519,92.0,9602.0
P002,D17,D,17,sample,A-0364,A-0364-B01,2,0.6172839506172839,111.7,9290.0
P002,D18,D,18,sample,A-0364,A-0364-B01,2,0.205761316872428,122.6,9062.0
P002,D19,D,19,sample,A-0364,A-0364-B01,2,0.06858710562414266,130.2,9558.0
P002,D20,D,20,sample,A-0364,A-0364-B01,2,0.022862368541380886,126.8,9354.0
P002,D21,D,21,sample,A-0364,A-0364-B01,2,0.007620789513793629,131.9,9349.0
P002,D22,D,22,sample,A-0364,A-0364-B01,2,0.002540263171264543,123.5,9018.0
P002,E3,E,3,sample,A-0014,A-0014-B01,1,50.0,206.7,16172.0
P002,E4,E,4,sample,A-0014,A-0014-B01,1,16.666666666666668,168.6,11976.0
P002,E5,E,5,sample,A-0014,A-0014-B01,1,5.555555555555555,138.4,10183.0
P002,E6,E,6,sample,A-0014,A-0014-B01,1,1.8518518518518519,129.1,9454.0
P002,E7,E,7,sample,A-0014,A-0014-B01,1,0.6172839506172839,129.1,9161.0
P002,E8,E,8,sample,A-0014,A-0014-B01,1,0.205761316872428,127.1,9220.0
P002,E9,E,9,sample,A-0014,A-0014-B01,1,0.06858710562414266,128.0,8975.0
P002,E10,E,10,sample,A-0014,A-0014-B01,1,0.022862368541380886,129.3,9326.0
P002,E11,E,11,sample,A-0014,A-0014-B01,1,0.007620789513793629,135.9,9473.0
P002,E12,E,12,sample,A-0014,A-0014-B01,1,0.002540263171264543,127.7,9467.0
P002,E13,E,13,sample,A-0014,A-0014-B01,2,50.0,210.8,15789.0
P002,E14,E,14,sample,A-0014,A-0014-B01,2,16.666666666666668,169.4,11312.0
P002,E15,E,15,sample,A-0014,A-0014-B01,2,5.555555555555555,146.2,9964.0
P002,E16,E,16,sample,A-0014,A-0014-B01,2,1.8518518518518519,129.1,9269.0
P002,E17,E,17,sample,A-0014,A-0014-B01,2,0.6172839506172839,120.9,9326.0
P002,E18,E,18,sample,A-0014,A-0014-B01,2,0.205761316872428,130.2,9368.0
P002,E19,E,19,sample,A-0014,A-0014-B01,2,0.06858710562414266,126.7,9017.0
P002,E20,E,20,sample,A-0014,A-0014-B01,2,0.022862368541380886,127.1,9358.0
P002,E21,E,21,sample,A-0014,A-0014-B01,2,0.007620789513793629,130.0,8863.0
P002,E22,E,22,sample,A-0014,A-0014-B01,2,0.002540263171264543,126.5,9067.0
P002,F3,F,3,sample,A-0233,A-0233-B01,1,50.0,198.8,15659.0
P002,F4,F,4,sample,A-0233,A-0233-B01,1,16.666666666666668,145.7,11949.0
P002,F5,F,5,sample,A-0233,A-0233-B01,1,5.555555555555555,122.5,9842.0
P002,F6,F,6,sample,A-0233,A-0233-B01,1,1.8518518518518519,110.0,9680.0
P002,F7,F,7,sample,A-0233,A-0233-B01,1,0.6172839506172839,110.3,9343.0
P002,F8,F,8,sample,A-0233,A-0233-B01,1,0.205761316872428,108.0,9145.0
P002,F9,F,9,sample,A-0233,A-0233-B01,1,0.06858710562414266,128.5,8911.0
P002,F10,F,10,sample,A-0233,A-0233-B01,1,0.022862368541380886,128.7,8980.0
P002,F11,F,11,sample,A-0233,A-0233-B01,1,0.007620789513793629,127.3,8900.0
P002,F12,F,12,sample,A-0233,A-0233-B01,1,0.002540263171264543,129.4,9023.0
P002,F13,F,13,sample,A-0233,A-0233-B01,2,50.0,207.1,17284.0
P002,F14,F,14,sample,A-0233,A-0233-B01,2,16.666666666666668,146.1,11644.0
P002,F15,F,15,sample,A-0233,A-0233-B01,2,5.555555555555555,126.6,10632.0
P002,F16,F,16,sample,A-0233,A-0233-B01,2,1.8518518518518519,109.6,9638.0
P002,F17,F,17,sample,A-0233,A-0233-B01,2,0.6172839506172839,110.5,9532.0
P002,F18,F,18,sample,A-0233,A-0233-B01,2,0.205761316872428,110.0,9586.0
P002,F19,F,19,sample,A-0233,A-0233-B01,2,0.06858710562414266,131.5,9269.0
P002,F20,F,20,sample,A-0233,A-0233-B01,2,0.022862368541380886,123.4,9012.0
P002,F21,F,21,sample,A-0233,A-0233-B01,2,0.007620789513793629,128.3,9278.0
P002,F22,F,22,sample,A-0233,A-0233-B01,2,0.002540263171264543,128.7,8932.0
P002,G3,G,3,sample,A-0123,A-0123-B01,1,50.0,157.2,15334.0
P002,G4,G,4,sample,A-0123,A-0123-B01,1,16.666666666666668,103.0,11775.0
P002,G5,G,5,sample,A-0123,A-0123-B01,1,5.555555555555555,72.8,10557.0
P002,G6,G,6,sample,A-0123,A-0123-B01,1,1.8518518518518519,70.9,10037.0
P002,G7,G,7,sample,A-0123,A-0123-B01,1,0.6172839506172839,95.1,9346.0
P002,G8,G,8,sample,A-0123,A-0123-B01,1,0.205761316872428,115.9,9403.0
P002,G9,G,9,sample,A-0123,A-0123-B01,1,0.06858710562414266,123.1,9331.0
P002,G10,G,10,sample,A-0123,A-0123-B01,1,0.022862368541380886,129.4,9237.0
P002,G11,G,11,sample,A-0123,A-0123-B01,1,0.007620789513793629,129.2,9293.0
P002,G12,G,12,sample,A-0123,A-0123-B01,1,0.002540263171264543,131.0,9229.0
P002,G13,G,13,sample,A-0123,A-0123-B01,2,50.0,173.5,16755.0
P002,G14,G,14,sample,A-0123,A-0123-B01,2,16.666666666666668,101.2,11443.0
P002,G15,G,15,sample,A-0123,A-0123-B01,2,5.555555555555555,69.1,10585.0
P002,G16,G,16,sample,A-0123,A-0123-B01,2,1.8518518518518519,65.2,9403.0
P002,G17,G,17,sample,A-0123,A-0123-B01,2,0.6172839506172839,103.8,9057.0
P002,G18,G,18,sample,A-0123,A-0123-B01,2,0.205761316872428,116.4,8924.0
P002,G19,G,19,sample,A-0123,A-0123-B01,2,0.06858710562414266,121.8,9230.0
P002,G20,G,20,sample,A-0123,A-0123-B01,2,0.022862368541380886,128.1,9290.0
P002,G21,G,21,sample,A-0123,A-0123-B01,2,0.007620789513793629,126.9,8661.0
P002,G22,G,22,sample,A-0123,A-0123-B01,2,0.002540263171264543,131.6,9179.0
P002,H3,H,3,sample,A-0302,A-0302-B01,1,50.0,192.8,16809.0
P002,H4,H,4,sample,A-0302,A-0302-B01,1,16.666666666666668,132.3,11221.0
P002,H5,H,5,sample,A-0302,A-0302-B01,1,5.555555555555555,108.1,10333.0
P002,H6,H,6,sample,A-0302,A-0302-B01,1,1.8518518518518519,99.7,9619.0
P002,H7,H,7,sample,A-0302,A-0302-B01,1,0.6172839506172839,88.1,9377.0
P002,H8,H,8,sample,A-0302,A-0302-B01,1,0.205761316872428,91.8,10076.0
P002,H9,H,9,sample,A-0302,A-0302-B01,1,0.06858710562414266,105.9,9045.0
P002,H10,H,10,sample,A-0302,A-0302-B01,1,0.022862368541380886,120.9,9128.0
P002,H11,H,11,sample,A-0302,A-0302-B01,1,0.007620789513793629,128.8,9348.0
P002,H12,H,12,sample,A-0302,A-0302-B01,1,0.002540263171264543,127.5,9589.0
P002,H13,H,13,sample,A-0302,A-0302-B01,2,50.0,197.9,16231.0
P002,H14,H,14,sample,A-0302,A-0302-B01,2,16.666666666666668,136.1,11736.0
P002,H15,H,15,sample,A-0302,A-0302-B01,2,5.555555555555555,106.3,10253.0
P002,H16,H,16,sample,A-0302,A-0302-B01,2,1.8518518518518519,94.7,9906.0
P002,H17,H,17,sample,A-0302,A-0302-B01,2,0.6172839506172839,91.5,9400.0
P002,H18,H,18,sample,A-0302,A-0302-B01,2,0.205761316872428,87.0,9814.0
P002,H19,H,19,sample,A-0302,A-0302-B01,2,0.06858710562414266,112.5,9552.0
P002,H20,H,20,sample,A-0302,A-0302-B01,2,0.022862368541380886,119.2,9207.0
P002,H21,H,21,sample,A-0302,A-0302-B01,2,0.007620789513793629,125.4,9543.0
P002,H22,H,22,sample,A-0302,A-0302-B01,2,0.002540263171264543,125.6,8907.0
P002,I3,I,3,sample,A-0252,A-0252-B01,1,50.0,127.5,14146.0
P002,I4,I,4,sample,A-0252,A-0252-B01,1,16.666666666666668,42.3,9684.0
P002,I5,I,5,sample,A-0252,A-0252-B01,1,5.555555555555555,58.8,10351.0
P002,I6,I,6,sample,A-0252,A-0252-B01,1,1.8518518518518519,81.3,9847.0
P002,I7,I,7,sample,A-0252,A-0252-B01,1,0.6172839506172839,98.5,9239.0
P002,I8,I,8,sample,A-0252,A-0252-B01,1,0.205761316872428,114.7,9579.0
P002,I9,I,9,sample,A-0252,A-0252-B01,1,0.06858710562414266,128.4,8922.0
P002,I10,I,10,sample,A-0252,A-0252-B01,1,0.022862368541380886,126.1,9181.0
P002,I11,I,11,sample,A-0252,A-0252-B01,1,0.007620789513793629,131.1,8771.0
P002,I12,I,12,sample,A-0252,A-0252-B01,1,0.002540263171264543,130.7,9120.0
P002,I13,I,13,sample,A-0252,A-0252-B01,2,50.0,121.1,13681.0
P002,I14,I,14,sample,A-0252,A-0252-B01,2,16.666666666666668,43.5,9867.0
P002,I15,I,15,sample,A-0252,A-0252-B01,2,5.555555555555555,58.3,9890.0
P002,I16,I,16,sample,A-0252,A-0252-B01,2,1.8518518518518519,76.4,9515.0
P002,I17,I,17,sample,A-0252,A-0252-B01,2,0.6172839506172839,99.5,9440.0
P002,I18,I,18,sample,A-0252,A-0252-B01,2,0.205761316872428,123.9,9296.0
P002,I19,I,19,sample,A-0252,A-0252-B01,2,0.06858710562414266,126.6,9113.0
P002,I20,I,20,sample,A-0252,A-0252-B01,2,0.022862368541380886,121.2,9060.0
P002,I21,I,21,sample,A-0252,A-0252-B01,2,0.007620789513793629,135.3,9142.0
P002,I22,I,22,sample,A-0252,A-0252-B01,2,0.002540263171264543,126.6,8988.0
P002,J3,J,3,sample,A-0057,A-0057-B01,1,50.0,165.1,16047.0
P002,J4,J,4,sample,A-0057,A-0057-B01,1,16.666666666666668,122.0,12038.0
P002,J5,J,5,sample,A-0057,A-0057-B01,1,5.555555555555555,81.6,10143.0
P002,J6,J,6,sample,A-0057,A-0057-B01,1,1.8518518518518519,71.4,9815.0
P002,J7,J,7,sample,A-0057,A-0057-B01,1,0.6172839506172839,102.6,9405.0
P002,J8,J,8,sample,A-0057,A-0057-B01,1,0.205761316872428,114.3,9345.0
P002,J9,J,9,sample,A-0057,A-0057-B01,1,0.06858710562414266,128.5,9318.0
P002,J10,J,10,sample,A-0057,A-0057-B01,1,0.022862368541380886,128.4,9264.0
P002,J11,J,11,sample,A-0057,A-0057-B01,1,0.007620789513793629,128.0,8749.0
P002,J12,J,12,sample,A-0057,A-0057-B01,1,0.002540263171264543,131.3,9259.0
P002,J13,J,13,sample,A-0057,A-0057-B01,2,50.0,176.9,16235.0
P002,J14,J,14,sample,A-0057,A-0057-B01,2,16.666666666666668,111.5,11735.0
P002,J15,J,15,sample,A-0057,A-0057-B01,2,5.555555555555555,81.3,10470.0
P002,J16,J,16,sample,A-0057,A-0057-B01,2,1.8518518518518519,66.8,10112.0
P002,J17,J,17,sample,A-0057,A-0057-B01,2,0.6172839506172839,102.0,9367.0
P002,J18,J,18,sample,A-0057,A-0057-B01,2,0.205761316872428,118.2,9120.0
P002,J19,J,19,sample,A-0057,A-0057-B01,2,0.06858710562414266,124.7,9215.0
P002,J20,J,20,sample,A-0057,A-0057-B01,2,0.022862368541380886,132.7,9398.0
P002,J21,J,21,sample,A-0057,A-0057-B01,2,0.007620789513793629,129.9,9064.0
P002,J22,J,22,sample,A-0057,A-0057-B01,2,0.002540263171264543,130.2,9225.0
P002,K3,K,3,sample,A-0339,A-0339-B01,1,50.0,124.8,9077.0
P002,K4,K,4,sample,A-0339,A-0339-B01,1,16.666666666666668,144.6,11557.0
P002,K5,K,5,sample,A-0339,A-0339-B01,1,5.555555555555555,117.2,10282.0
P002,K6,K,6,sample,A-0339,A-0339-B01,1,1.8518518518518519,127.3,9333.0
P002,K7,K,7,sample,A-0339,A-0339-B01,1,0.6172839506172839,98.7,9398.0
P002,K8,K,8,sample,A-0339,A-0339-B01,1,0.205761316872428,108.0,10021.0
P002,K9,K,9,sample,A-0339,A-0339-B01,1,0.06858710562414266,122.9,9298.0
P002,K10,K,10,sample,A-0339,A-0339-B01,1,0.022862368541380886,125.3,9110.0
P002,K11,K,11,sample,A-0339,A-0339-B01,1,0.007620789513793629,132.8,9018.0
P002,K12,K,12,sample,A-0339,A-0339-B01,1,0.002540263171264543,130.8,9156.0
P002,K13,K,13,sample,A-0339,A-0339-B01,2,50.0,204.8,16622.0
P002,K14,K,14,sample,A-0339,A-0339-B01,2,16.666666666666668,150.2,12317.0
P002,K15,K,15,sample,A-0339,A-0339-B01,2,5.555555555555555,119.4,10016.0
P002,K16,K,16,sample,A-0339,A-0339-B01,2,1.8518518518518519,106.7,10146.0
P002,K17,K,17,sample,A-0339,A-0339-B01,2,0.6172839506172839,105.1,9534.0
P002,K18,K,18,sample,A-0339,A-0339-B01,2,0.205761316872428,106.1,9750.0
P002,K19,K,19,sample,A-0339,A-0339-B01,2,0.06858710562414266,119.5,9414.0
P002,K20,K,20,sample,A-0339,A-0339-B01,2,0.022862368541380886,124.8,9542.0
P002,K21,K,21,sample,A-0339,A-0339-B01,2,0.007620789513793629,128.6,9115.0
P002,K22,K,22,sample,A-0339,A-0339-B01,2,0.002540263171264543,128.9,9220.0
P002,L3,L,3,sample,B-0291,B-0291-B01,1,50.0,42.2,9960.0
P002,L4,L,4,sample,B-0291,B-0291-B01,1,16.666666666666668,45.3,10109.0
P002,L5,L,5,sample,B-0291,B-0291-B01,1,5.555555555555555,65.9,9877.0
P002,L6,L,6,sample,B-0291,B-0291-B01,1,1.8518518518518519,96.6,9632.0
P002,L7,L,7,sample,B-0291,B-0291-B01,1,0.6172839506172839,110.5,9249.0
P002,L8,L,8,sample,B-0291,B-0291-B01,1,0.205761316872428,124.0,9046.0
P002,L9,L,9,sample,B-0291,B-0291-B01,1,0.06858710562414266,126.5,9198.0
P002,L10,L,10,sample,B-0291,B-0291-B01,1,0.022862368541380886,127.8,9206.0
P002,L11,L,11,sample,B-0291,B-0291-B01,1,0.007620789513793629,132.5,9316.0
P002,L12,L,12,sample,B-0291,B-0291-B01,1,0.002540263171264543,127.0,9266.0
P002,L13,L,13,sample,B-0291,B-0291-B01,2,50.0,38.4,9578.0
P002,L14,L,14,sample,B-0291,B-0291-B01,2,16.666666666666668,50.7,9370.0
P002,L15,L,15,sample,B-0291,B-0291-B01,2,5.555555555555555,68.6,10042.0
P002,L16,L,16,sample,B-0291,B-0291-B01,2,1.8518518518518519,88.8,9566.0
P002,L17,L,17,sample,B-0291,B-0291-B01,2,0.6172839506172839,112.8,9373.0
P002,L18,L,18,sample,B-0291,B-0291-B01,2,0.205761316872428,124.1,9362.0
P002,L19,L,19,sample,B-0291,B-0291-B01,2,0.06858710562414266,125.8,9495.0
P002,L20,L,20,sample,B-0291,B-0291-B01,2,0.022862368541380886,133.5,9048.0
P002,L21,L,21,sample,B-0291,B-0291-B01,2,0.007620789513793629,130.9,9571.0
P002,L22,L,22,sample,B-0291,B-0291-B01,2,0.002540263171264543,129.3,9369.0
P002,M3,M,3,sample,A-0080,A-0080-B01,1,50.0,45.2,9859.0
P002,M4,M,4,sample,A-0080,A-0080-B01,1,16.666666666666668,51.3,9802.0
P002,M5,M,5,sample,A-0080,A-0080-B01,1,5.555555555555555,79.7,9520.0
P002,M6,M,6,sample,A-0080,A-0080-B01,1,1.8518518518518519,102.5,9339.0
P002,M7,M,7,sample,A-0080,A-0080-B01,1,0.6172839506172839,117.4,9437.0
P002,M8,M,8,sample,A-0080,A-0080-B01,1,0.205761316872428,124.8,9136.0
P002,M9,M,9,sample,A-0080,A-0080-B01,1,0.06858710562414266,127.9,9051.0
P002,M10,M,10,sample,A-0080,A-0080-B01,1,0.022862368541380886,132.0,8967.0
P002,M11,M,11,sample,A-0080,A-0080-B01,1,0.007620789513793629,125.7,9148.0
P002,M12,M,12,sample,A-0080,A-0080-B01,1,0.002540263171264543,125.9,8972.0
P002,M13,M,13,sample,A-0080,A-0080-B01,2,50.0,51.0,10092.0
P002,M14,M,14,sample,A-0080,A-0080-B01,2,16.666666666666668,59.4,9794.0
P002,M15,M,15,sample,A-0080,A-0080-B01,2,5.555555555555555,79.6,9731.0
P002,M16,M,16,sample,A-0080,A-0080-B01,2,1.8518518518518519,103.8,9364.0
P002,M17,M,17,sample,A-0080,A-0080-B01,2,0.6172839506172839,122.3,9353.0
P002,M18,M,18,sample,A-0080,A-0080-B01,2,0.205761316872428,126.5,9005.0
P002,M19,M,19,sample,A-0080,A-0080-B01,2,0.06858710562414266,126.2,9277.0
P002,M20,M,20,sample,A-0080,A-0080-B01,2,0.022862368541380886,129.2,9323.0
P002,M21,M,21,sample,A-0080,A-0080-B01,2,0.007620789513793629,130.6,9206.0
P002,M22,M,22,sample,A-0080,A-0080-B01,2,0.002540263171264543,131.3,9535.0
P002,N3,N,3,sample,A-0399,A-0399-B01,1,50.0,188.2,16971.0
P002,N4,N,4,sample,A-0399,A-0399-B01,1,16.666666666666668,126.6,11761.0
P002,N5,N,5,sample,A-0399,A-0399-B01,1,5.555555555555555,91.2,10380.0
P002,N6,N,6,sample,A-0399,A-0399-B01,1,1.8518518518518519,77.1,9504.0
P002,N7,N,7,sample,A-0399,A-0399-B01,1,0.6172839506172839,89.6,8952.0
P002,N8,N,8,sample,A-0399,A-0399-B01,1,0.205761316872428,113.6,9314.0
P002,N9,N,9,sample,A-0399,A-0399-B01,1,0.06858710562414266,119.3,9088.0
P002,N10,N,10,sample,A-0399,A-0399-B01,1,0.022862368541380886,130.3,9456.0
P002,N11,N,11,sample,A-0399,A-0399-B01,1,0.007620789513793629,125.9,8960.0
P002,N12,N,12,sample,A-0399,A-0399-B01,1,0.002540263171264543,129.0,9307.0
P002,N13,N,13,sample,A-0399,A-0399-B01,2,50.0,184.8,16652.0
P002,N14,N,14,sample,A-0399,A-0399-B01,2,16.666666666666668,129.2,12705.0
P002,N15,N,15,sample,A-0399,A-0399-B01,2,5.555555555555555,95.9,10698.0
P002,N16,N,16,sample,A-0399,A-0399-B01,2,1.8518518518518519,79.8,10135.0
P002,N17,N,17,sample,A-0399,A-0399-B01,2,0.6172839506172839,87.5,9426.0
P002,N18,N,18,sample,A-0399,A-0399-B01,2,0.205761316872428,111.3,9427.0
P002,N19,N,19,sample,A-0399,A-0399-B01,2,0.06858710562414266,121.0,9375.0
P002,N20,N,20,sample,A-0399,A-0399-B01,2,0.022862368541380886,127.4,9470.0
P002,N21,N,21,sample,A-0399,A-0399-B01,2,0.007620789513793629,131.7,9159.0
P002,N22,N,22,sample,A-0399,A-0399-B01,2,0.002540263171264543,131.0,8980.0
P002,O3,O,3,sample,A-0262,A-0262-B01,1,50.0,43.2,10248.0
P002,O4,O,4,sample,A-0262,A-0262-B01,1,16.666666666666668,50.1,9677.0
P002,O5,O,5,sample,A-0262,A-0262-B01,1,5.555555555555555,58.6,9540.0
P002,O6,O,6,sample,A-0262,A-0262-B01,1,1.8518518518518519,88.8,9880.0
P002,O7,O,7,sample,A-0262,A-0262-B01,1,0.6172839506172839,108.2,9364.0
P002,O8,O,8,sample,A-0262,A-0262-B01,1,0.205761316872428,124.3,8940.0
P002,O9,O,9,sample,A-0262,A-0262-B01,1,0.06858710562414266,124.9,9598.0
P002,O10,O,10,sample,A-0262,A-0262-B01,1,0.022862368541380886,131.6,9433.0
P002,O11,O,11,sample,A-0262,A-0262-B01,1,0.007620789513793629,129.1,9339.0
P002,O12,O,12,sample,A-0262,A-0262-B01,1,0.002540263171264543,131.7,9214.0
P002,O13,O,13,sample,A-0262,A-0262-B01,2,50.0,41.8,10008.0
P002,O14,O,14,sample,A-0262,A-0262-B01,2,16.666666666666668,44.9,9783.0
P002,O15,O,15,sample,A-0262,A-0262-B01,2,5.555555555555555,59.9,9950.0
P002,O16,O,16,sample,A-0262,A-0262-B01,2,1.8518518518518519,86.1,9099.0
P002,O17,O,17,sample,A-0262,A-0262-B01,2,0.6172839506172839,108.6,9223.0
P002,O18,O,18,sample,A-0262,A-0262-B01,2,0.205761316872428,119.0,9189.0
P002,O19,O,19,sample,A-0262,A-0262-B01,2,0.06858710562414266,128.0,9001.0
P002,O20,O,20,sample,A-0262,A-0262-B01,2,0.022862368541380886,130.8,9485.0
P002,O21,O,21,sample,A-0262,A-0262-B01,2,0.007620789513793629,131.0,9102.0
P002,O22,O,22,sample,A-0262,A-0262-B01,2,0.002540263171264543,127.1,9488.0
P002,P3,P,3,sample,A-0056,A-0056-B01,1,50.0,47.0,10508.0
P002,P4,P,4,sample,A-0056,A-0056-B01,1,16.666666666666668,49.2,10472.0
P002,P5,P,5,sample,A-0056,A-0056-B01,1,5.555555555555555,63.9,9783.0
P002,P6,P,6,sample,A-0056,A-0056-B01,1,1.8518518518518519,82.3,9721.0
P002,P7,P,7,sample,A-0056,A-0056-B01,1,0.6172839506172839,105.9,9664.0
P002,P8,P,8,sample,A-0056,A-0056-B01,1,0.205761316872428,127.3,9362.0
P002,P9,P,9,sample,A-0056,A-0056-B01,1,0.06858710562414266,127.7,9936.0
P002,P10,P,10,sample,A-0056,A-0056-B01,1,0.022862368541380886,131.1,9607.0
P002,P11,P,11,sample,A-0056,A-0056-B01,1,0.007620789513793629,135.8,9129.0
P002,P12,P,12,sample,A-0056,A-0056-B01,1,0.002540263171264543,132.2,9673.0
P002,P13,P,13,sample,A-0056,A-0056-B01,2,50.0,41.5,10094.0
P002,P14,P,14,sample,A-0056,A-0056-B01,2,16.666666666666668,48.3,10412.0
P002,P15,P,15,sample,A-0056,A-0056-B01,2,5.555555555555555,61.0,10176.0
P002,P16,P,16,sample,A-0056,A-0056-B01,2,1.8518518518518519,89.2,9878.0
P002,P17,P,17,sample,A-0056,A-0056-B01,2,0.6172839506172839,107.8,9725.0
P002,P18,P,18,sample,A-0056,A-0056-B01,2,0.205761316872428,119.1,9466.0
P002,P19,P,19,sample,A-0056,A-0056-B01,2,0.06858710562414266,128.1,9477.0
P002,P20,P,20,sample,A-0056,A-0056-B01,2,0.022862368541380886,135.6,9609.0
P002,P21,P,21,sample,A-0056,A-0056-B01,2,0.007620789513793629,134.7,9130.0
P002,P22,P,22,sample,A-0056,A-0056-B01,2,0.002540263171264543,131.0,9328.0
P003,A1,A,1,high_control,,,0,0.0,127.6,9652.0
P003,A2,A,2,low_control,,,0,0.0,33.3,10352.0
P003,A23,A,23,reference,REF-1,REF-1-B01,1,50.0,38.7,10684.0
P003,A24,A,24,reference,REF-1,REF-1-B01,2,50.0,38.1,10544.0
P003,B1,B,1,high_control,,,0,0.0,129.2,9037.0
P003,B2,B,2,low_control,,,0,0.0,28.4,10309.0
P003,B23,B,23,reference,REF-1,REF-1-B01,1,16.666666666666668,30.8,9617.0
P003,B24,B,24,reference,REF-1,REF-1-B01,2,16.666666666666668,39.4,10525.0
P003,C1,C,1,high_control,,,0,0.0,124.9,9766.0
P003,C2,C,2,low_control,,,0,0.0,30.7,10093.0
P003,C23,C,23,reference,REF-1,REF-1-B01,1,5.555555555555555,33.0,9733.0
P003,C24,C,24,reference,REF-1,REF-1-B01,2,5.555555555555555,39.6,9624.0
P003,D1,D,1,high_control,,,0,0.0,129.4,9609.0
P003,D2,D,2,low_control,,,0,0.0,29.9,10285.0
P003,D23,D,23,reference,REF-1,REF-1-B01,1,1.8518518518518519,34.0,10169.0
P003,D24,D,24,reference,REF-1,REF-1-B01,2,1.8518518518518519,40.6,10046.0
P003,E1,E,1,high_control,,,0,0.0,128.5,9478.0
P003,E2,E,2,low_control,,,0,0.0,32.8,10077.0
P003,E23,E,23,reference,REF-1,REF-1-B01,1,0.6172839506172839,48.6,9713.0
P003,E24,E,24,reference,REF-1,REF-1-B01,2,0.6172839506172839,50.4,9944.0
P003,F1,F,1,high_control,,,0,0.0,128.5,9346.0
P003,F2,F,2,low_control,,,0,0.0,30.5,9944.0
P003,F23,F,23,reference,REF-1,REF-1-B01,1,0.205761316872428,65.1,9755.0
P003,F24,F,24,reference,REF-1,REF-1-B01,2,0.205761316872428,68.8,9155.0
P003,G1,G,1,high_control,,,0,0.0,123.9,9790.0
P003,G2,G,2,low_control,,,0,0.0,32.7,10032.0
P003,G23,G,23,reference,REF-1,REF-1-B01,1,0.06858710562414266,90.6,9657.0
P003,G24,G,24,reference,REF-1,REF-1-B01,2,0.06858710562414266,99.5,9577.0
P003,H1,H,1,high_control,,,0,0.0,123.1,9290.0
P003,H2,H,2,low_control,,,0,0.0,29.7,10217.0
P003,H23,H,23,reference,REF-1,REF-1-B01,1,0.022862368541380886,106.7,8972.0
P003,H24,H,24,reference,REF-1,REF-1-B01,2,0.022862368541380886,114.1,9508.0
P003,I1,I,1,high_control,,,0,0.0,126.1,9465.0
P003,I2,I,2,low_control,,,0,0.0,27.8,10053.0
P003,I23,I,23,reference,REF-1,REF-1-B01,1,0.007620789513793629,119.7,9484.0
P003,I24,I,24,reference,REF-1,REF-1-B01,2,0.007620789513793629,120.2,9422.0
P003,J1,J,1,high_control,,,0,0.0,125.7,9187.0
P003,J2,J,2,low_control,,,0,0.0,31.2,9953.0
P003,J23,J,23,reference,REF-1,REF-1-B01,1,0.002540263171264543,121.7,9006.0
P003,J24,J,24,reference,REF-1,REF-1-B01,2,0.002540263171264543,128.1,9137.0
P003,K1,K,1,high_control,,,0,0.0,123.9,9827.0
P003,K2,K,2,low_control,,,0,0.0,36.5,9709.0
P003,K23,K,23,high_control,,,0,0.0,122.2,9198.0
P003,K24,K,24,low_control,,,0,0.0,31.1,9829.0
P003,L1,L,1,high_control,,,0,0.0,124.0,9381.0
P003,L2,L,2,low_control,,,0,0.0,30.4,10329.0
P003,L23,L,23,high_control,,,0,0.0,123.5,9307.0
P003,L24,L,24,low_control,,,0,0.0,34.9,10096.0
P003,M1,M,1,high_control,,,0,0.0,127.3,9384.0
P003,M2,M,2,low_control,,,0,0.0,30.8,9976.0
P003,M23,M,23,high_control,,,0,0.0,124.0,9320.0
P003,M24,M,24,low_control,,,0,0.0,37.2,10287.0
P003,N1,N,1,high_control,,,0,0.0,129.5,9636.0
P003,N2,N,2,low_control,,,0,0.0,32.3,10206.0
P003,N23,N,23,high_control,,,0,0.0,123.9,8987.0
P003,N24,N,24,low_control,,,0,0.0,33.7,10804.0
P003,O1,O,1,high_control,,,0,0.0,124.0,9631.0
P003,O2,O,2,low_control,,,0,0.0,33.8,9942.0
P003,O23,O,23,high_control,,,0,0.0,126.1,8995.0
P003,O24,O,24,low_control,,,0,0.0,36.0,10295.0
P003,P1,P,1,high_control,,,0,0.0,129.1,9381.0
P003,P2,P,2,low_control,,,0,0.0,32.4,9946.0
P003,P23,P,23,high_control,,,0,0.0,124.0,9476.0
P003,P24,P,24,low_control,,,0,0.0,36.1,10421.0
P003,A3,A,3,sample,A-0025,A-0025-B01,1,50.0,45.3,10316.0
P003,A4,A,4,sample,A-0025,A-0025-B01,1,16.666666666666668,48.2,9575.0
P003,A5,A,5,sample,A-0025,A-0025-B01,1,5.555555555555555,70.6,9771.0
P003,A6,A,6,sample,A-0025,A-0025-B01,1,1.8518518518518519,98.2,9815.0
P003,A7,A,7,sample,A-0025,A-0025-B01,1,0.6172839506172839,110.7,9601.0
P003,A8,A,8,sample,A-0025,A-0025-B01,1,0.205761316872428,119.8,9592.0
P003,A9,A,9,sample,A-0025,A-0025-B01,1,0.06858710562414266,124.7,9289.0
P003,A10,A,10,sample,A-0025,A-0025-B01,1,0.022862368541380886,125.0,9194.0
P003,A11,A,11,sample,A-0025,A-0025-B01,1,0.007620789513793629,132.3,9767.0
P003,A12,A,12,sample,A-0025,A-0025-B01,1,0.002540263171264543,129.8,9683.0
P003,A13,A,13,sample,A-0025,A-0025-B01,2,50.0,38.6,10453.0
P003,A14,A,14,sample,A-0025,A-0025-B01,2,16.666666666666668,46.0,9847.0
P003,A15,A,15,sample,A-0025,A-0025-B01,2,5.555555555555555,71.4,10065.0
P003,A16,A,16,sample,A-0025,A-0025-B01,2,1.8518518518518519,91.4,10097.0
P003,A17,A,17,sample,A-0025,A-0025-B01,2,0.6172839506172839,109.0,9661.0
P003,A18,A,18,sample,A-0025,A-0025-B01,2,0.205761316872428,123.4,9218.0
P003,A19,A,19,sample,A-0025,A-0025-B01,2,0.06858710562414266,124.1,10384.0
P003,A20,A,20,sample,A-0025,A-0025-B01,2,0.022862368541380886,124.5,9634.0
P003,A21,A,21,sample,A-0025,A-0025-B01,2,0.007620789513793629,123.9,9372.0
P003,A22,A,22,sample,A-0025,A-0025-B01,2,0.002540263171264543,126.6,9623.0
P003,B3,B,3,sample,B-0160,B-0160-B01,1,50.0,130.6,15101.0
P003,B4,B,4,sample,B-0160,B-0160-B01,1,16.666666666666668,43.7,10079.0
P003,B5,B,5,sample,B-0160,B-0160-B01,1,5.555555555555555,45.8,9872.0
P003,B6,B,6,sample,B-0160,B-0160-B01,1,1.8518518518518519,54.9,9600.0
P003,B7,B,7,sample,B-0160,B-0160-B01,1,0.6172839506172839,79.7,9959.0
P003,B8,B,8,sample,B-0160,B-0160-B01,1,0.205761316872428,101.5,9704.0
P003,B9,B,9,sample,B-0160,B-0160-B01,1,0.06858710562414266,115.9,8905.0
P003,B10,B,10,sample,B-0160,B-0160-B01,1,0.022862368541380886,119.3,9543.0
P003,B11,B,11,sample,B-0160,B-0160-B01,1,0.007620789513793629,127.8,8647.0
P003,B12,B,12,sample,B-0160,B-0160-B01,1,0.002540263171264543,121.2,9033.0
P003,B13,B,13,sample,B-0160,B-0160-B01,2,50.0,136.4,14921.0
P003,B14,B,14,sample,B-0160,B-0160-B01,2,16.666666666666668,46.0,10348.0
P003,B15,B,15,sample,B-0160,B-0160-B01,2,5.555555555555555,44.2,9815.0
P003,B16,B,16,sample,B-0160,B-0160-B01,2,1.8518518518518519,59.8,9911.0
P003,B17,B,17,sample,B-0160,B-0160-B01,2,0.6172839506172839,75.7,9544.0
P003,B18,B,18,sample,B-0160,B-0160-B01,2,0.205761316872428,97.9,9247.0
P003,B19,B,19,sample,B-0160,B-0160-B01,2,0.06858710562414266,118.0,9055.0
P003,B20,B,20,sample,B-0160,B-0160-B01,2,0.022862368541380886,121.0,9189.0
P003,B21,B,21,sample,B-0160,B-0160-B01,2,0.007620789513793629,123.6,9610.0
P003,B22,B,22,sample,B-0160,B-0160-B01,2,0.002540263171264543,124.9,9318.0
P003,C3,C,3,sample,A-0196,A-0196-B01,1,50.0,81.9,11531.0
P003,C4,C,4,sample,A-0196,A-0196-B01,1,16.666666666666668,38.9,9319.0
P003,C5,C,5,sample,A-0196,A-0196-B01,1,5.555555555555555,56.1,9209.0
P003,C6,C,6,sample,A-0196,A-0196-B01,1,1.8518518518518519,75.2,9797.0
P003,C7,C,7,sample,A-0196,A-0196-B01,1,0.6172839506172839,101.0,9507.0
P003,C8,C,8,sample,A-0196,A-0196-B01,1,0.205761316872428,109.1,9294.0
P003,C9,C,9,sample,A-0196,A-0196-B01,1,0.06858710562414266,117.4,9179.0
P003,C10,C,10,sample,A-0196,A-0196-B01,1,0.022862368541380886,125.3,9068.0
P003,C11,C,11,sample,A-0196,A-0196-B01,1,0.007620789513793629,119.0,9385.0
P003,C12,C,12,sample,A-0196,A-0196-B01,1,0.002540263171264543,121.1,9067.0
P003,C13,C,13,sample,A-0196,A-0196-B01,2,50.0,118.9,9157.0
P003,C14,C,14,sample,A-0196,A-0196-B01,2,16.666666666666668,42.5,9826.0
P003,C15,C,15,sample,A-0196,A-0196-B01,2,5.555555555555555,58.6,10054.0
P003,C16,C,16,sample,A-0196,A-0196-B01,2,1.8518518518518519,74.9,9181.0
P003,C17,C,17,sample,A-0196,A-0196-B01,2,0.6172839506172839,103.1,9253.0
P003,C18,C,18,sample,A-0196,A-0196-B01,2,0.205761316872428,115.0,9189.0
P003,C19,C,19,sample,A-0196,A-0196-B01,2,0.06858710562414266,121.2,9068.0
P003,C20,C,20,sample,A-0196,A-0196-B01,2,0.022862368541380886,122.9,9482.0
P003,C21,C,21,sample,A-0196,A-0196-B01,2,0.007620789513793629,124.1,9779.0
P003,C22,C,22,sample,A-0196,A-0196-B01,2,0.002540263171264543,125.1,9221.0
P003,D3,D,3,sample,A-0166,A-0166-B01,1,50.0,132.9,14998.0
P003,D4,D,4,sample,A-0166,A-0166-B01,1,16.666666666666668,52.2,10508.0
P003,D5,D,5,sample,A-0166,A-0166-B01,1,5.555555555555555,61.3,9864.0
P003,D6,D,6,sample,A-0166,A-0166-B01,1,1.8518518518518519,82.7,9973.0
P003,D7,D,7,sample,A-0166,A-0166-B01,1,0.6172839506172839,96.6,9489.0
P003,D8,D,8,sample,A-0166,A-0166-B01,1,0.205761316872428,119.7,9228.0
P003,D9,D,9,sample,A-0166,A-0166-B01,1,0.06858710562414266,124.1,9489.0
P003,D10,D,10,sample,A-0166,A-0166-B01,1,0.022862368541380886,121.2,9403.0
P003,D11,D,11,sample,A-0166,A-0166-B01,1,0.007620789513793629,120.5,9241.0
P003,D12,D,12,sample,A-0166,A-0166-B01,1,0.002540263171264543,122.5,8826.0
P003,D13,D,13,sample,A-0166,A-0166-B01,2,50.0,141.0,16268.0
P003,D14,D,14,sample,A-0166,A-0166-B01,2,16.666666666666668,58.1,10730.0
P003,D15,D,15,sample,A-0166,A-0166-B01,2,5.555555555555555,60.5,9952.0
P003,D16,D,16,sample,A-0166,A-0166-B01,2,1.8518518518518519,80.6,9236.0
P003,D17,D,17,sample,A-0166,A-0166-B01,2,0.6172839506172839,99.6,9844.0
P003,D18,D,18,sample,A-0166,A-0166-B01,2,0.205761316872428,116.4,9139.0
P003,D19,D,19,sample,A-0166,A-0166-B01,2,0.06858710562414266,122.9,9049.0
P003,D20,D,20,sample,A-0166,A-0166-B01,2,0.022862368541380886,119.6,8862.0
P003,D21,D,21,sample,A-0166,A-0166-B01,2,0.007620789513793629,120.5,9319.0
P003,D22,D,22,sample,A-0166,A-0166-B01,2,0.002540263171264543,119.2,8945.0
P003,E3,E,3,sample,B-0070,B-0070-B01,1,50.0,115.3,13723.0
P003,E4,E,4,sample,B-0070,B-0070-B01,1,16.666666666666668,41.4,9502.0
P003,E5,E,5,sample,B-0070,B-0070-B01,1,5.555555555555555,46.3,9889.0
P003,E6,E,6,sample,B-0070,B-0070-B01,1,1.8518518518518519,71.0,9734.0
P003,E7,E,7,sample,B-0070,B-0070-B01,1,0.6172839506172839,92.2,9163.0
P003,E8,E,8,sample,B-0070,B-0070-B01,1,0.205761316872428,105.7,9377.0
P003,E9,E,9,sample,B-0070,B-0070-B01,1,0.06858710562414266,116.1,9249.0
P003,E10,E,10,sample,B-0070,B-0070-B01,1,0.022862368541380886,121.5,9145.0
P003,E11,E,11,sample,B-0070,B-0070-B01,1,0.007620789513793629,122.6,9276.0
P003,E12,E,12,sample,B-0070,B-0070-B01,1,0.002540263171264543,117.5,9366.0
P003,E13,E,13,sample,B-0070,B-0070-B01,2,50.0,123.3,14858.0
P003,E14,E,14,sample,B-0070,B-0070-B01,2,16.666666666666668,38.4,10133.0
P003,E15,E,15,sample,B-0070,B-0070-B01,2,5.555555555555555,48.8,10272.0
P003,E16,E,16,sample,B-0070,B-0070-B01,2,1.8518518518518519,68.1,9819.0
P003,E17,E,17,sample,B-0070,B-0070-B01,2,0.6172839506172839,93.0,9594.0
P003,E18,E,18,sample,B-0070,B-0070-B01,2,0.205761316872428,111.8,9051.0
P003,E19,E,19,sample,B-0070,B-0070-B01,2,0.06858710562414266,120.3,9341.0
P003,E20,E,20,sample,B-0070,B-0070-B01,2,0.022862368541380886,119.5,9316.0
P003,E21,E,21,sample,B-0070,B-0070-B01,2,0.007620789513793629,124.5,9211.0
P003,E22,E,22,sample,B-0070,B-0070-B01,2,0.002540263171264543,126.5,9477.0
P003,F3,F,3,sample,A-0340,A-0340-B01,1,50.0,121.8,9596.0
P003,F4,F,4,sample,A-0340,A-0340-B01,1,16.666666666666668,59.6,9622.0
P003,F5,F,5,sample,A-0340,A-0340-B01,1,5.555555555555555,89.9,9689.0
P003,F6,F,6,sample,A-0340,A-0340-B01,1,1.8518518518518519,103.3,9490.0
P003,F7,F,7,sample,A-0340,A-0340-B01,1,0.6172839506172839,115.8,9335.0
P003,F8,F,8,sample,A-0340,A-0340-B01,1,0.205761316872428,121.8,9266.0
P003,F9,F,9,sample,A-0340,A-0340-B01,1,0.06858710562414266,117.2,9461.0
P003,F10,F,10,sample,A-0340,A-0340-B01,1,0.022862368541380886,121.8,9310.0
P003,F11,F,11,sample,A-0340,A-0340-B01,1,0.007620789513793629,125.0,9139.0
P003,F12,F,12,sample,A-0340,A-0340-B01,1,0.002540263171264543,123.2,9675.0
P003,F13,F,13,sample,A-0340,A-0340-B01,2,50.0,46.5,10167.0
P003,F14,F,14,sample,A-0340,A-0340-B01,2,16.666666666666668,67.0,9903.0
P003,F15,F,15,sample,A-0340,A-0340-B01,2,5.555555555555555,85.1,9569.0
P003,F16,F,16,sample,A-0340,A-0340-B01,2,1.8518518518518519,106.4,9401.0
P003,F17,F,17,sample,A-0340,A-0340-B01,2,0.6172839506172839,117.7,9545.0
P003,F18,F,18,sample,A-0340,A-0340-B01,2,0.205761316872428,118.7,9138.0
P003,F19,F,19,sample,A-0340,A-0340-B01,2,0.06858710562414266,119.9,9217.0
P003,F20,F,20,sample,A-0340,A-0340-B01,2,0.022862368541380886,121.2,9283.0
P003,F21,F,21,sample,A-0340,A-0340-B01,2,0.007620789513793629,124.9,9146.0
P003,F22,F,22,sample,A-0340,A-0340-B01,2,0.002540263171264543,123.2,9101.0
P003,G3,G,3,sample,A-0027,A-0027-B01,1,50.0,39.7,10213.0
P003,G4,G,4,sample,A-0027,A-0027-B01,1,16.666666666666668,60.0,9800.0
P003,G5,G,5,sample,A-0027,A-0027-B01,1,5.555555555555555,77.7,9505.0
P003,G6,G,6,sample,A-0027,A-0027-B01,1,1.8518518518518519,104.0,9614.0
P003,G7,G,7,sample,A-0027,A-0027-B01,1,0.6172839506172839,115.3,9095.0
P003,G8,G,8,sample,A-0027,A-0027-B01,1,0.205761316872428,122.4,8967.0
P003,G9,G,9,sample,A-0027,A-0027-B01,1,0.06858710562414266,128.8,9470.0
P003,G10,G,10,sample,A-0027,A-0027-B01,1,0.022862368541380886,121.1,9101.0
P003,G11,G,11,sample,A-0027,A-0027-B01,1,0.007620789513793629,123.6,8950.0
P003,G12,G,12,sample,A-0027,A-0027-B01,1,0.002540263171264543,121.6,9463.0
P003,G13,G,13,sample,A-0027,A-0027-B01,2,50.0,42.9,9802.0
P003,G14,G,14,sample,A-0027,A-0027-B01,2,16.666666666666668,57.8,9770.0
P003,G15,G,15,sample,A-0027,A-0027-B01,2,5.555555555555555,80.8,9590.0
P003,G16,G,16,sample,A-0027,A-0027-B01,2,1.8518518518518519,101.0,9423.0
P003,G17,G,17,sample,A-0027,A-0027-B01,2,0.6172839506172839,115.8,9283.0
P003,G18,G,18,sample,A-0027,A-0027-B01,2,0.205761316872428,121.4,9253.0
P003,G19,G,19,sample,A-0027,A-0027-B01,2,0.06858710562414266,123.7,9247.0
P003,G20,G,20,sample,A-0027,A-0027-B01,2,0.022862368541380886,124.1,8917.0
P003,G21,G,21,sample,A-0027,A-0027-B01,2,0.007620789513793629,123.0,9552.0
P003,G22,G,22,sample,A-0027,A-0027-B01,2,0.002540263171264543,124.2,9057.0
P003,H3,H,3,sample,A-0220,A-0220-B01,1,50.0,41.3,9877.0
P003,H4,H,4,sample,A-0220,A-0220-B01,1,16.666666666666668,45.9,10272.0
P003,H5,H,5,sample,A-0220,A-0220-B01,1,5.555555555555555,68.3,9791.0
P003,H6,H,6,sample,A-0220,A-0220-B01,1,1.8518518518518519,93.4,9356.0
P003,H7,H,7,sample,A-0220,A-0220-B01,1,0.6172839506172839,108.2,9222.0
P003,H8,H,8,sample,A-0220,A-0220-B01,1,0.205761316872428,118.5,9032.0
P003,H9,H,9,sample,A-0220,A-0220-B01,1,0.06858710562414266,122.9,9157.0
P003,H10,H,10,sample,A-0220,A-0220-B01,1,0.022862368541380886,124.0,8992.0
P003,H11,H,11,sample,A-0220,A-0220-B01,1,0.007620789513793629,122.8,9249.0
P003,H12,H,12,sample,A-0220,A-0220-B01,1,0.002540263171264543,122.4,9540.0
P003,H13,H,13,sample,A-0220,A-0220-B01,2,50.0,36.7,9778.0
P003,H14,H,14,sample,A-0220,A-0220-B01,2,16.666666666666668,47.0,9709.0
P003,H15,H,15,sample,A-0220,A-0220-B01,2,5.555555555555555,64.0,9428.0
P003,H16,H,16,sample,A-0220,A-0220-B01,2,1.8518518518518519,89.1,9672.0
P003,H17,H,17,sample,A-0220,A-0220-B01,2,0.6172839506172839,109.9,9540.0
P003,H18,H,18,sample,A-0220,A-0220-B01,2,0.205761316872428,114.9,9333.0
P003,H19,H,19,sample,A-0220,A-0220-B01,2,0.06858710562414266,119.0,9130.0
P003,H20,H,20,sample,A-0220,A-0220-B01,2,0.022862368541380886,124.4,9103.0
P003,H21,H,21,sample,A-0220,A-0220-B01,2,0.007620789513793629,124.1,8811.0
P003,H22,H,22,sample,A-0220,A-0220-B01,2,0.002540263171264543,124.1,9212.0
P003,I3,I,3,sample,B-0165,B-0165-B01,1,50.0,32.3,10129.0
P003,I4,I,4,sample,B-0165,B-0165-B01,1,16.666666666666668,39.2,10353.0
P003,I5,I,5,sample,B-0165,B-0165-B01,1,5.555555555555555,53.4,9895.0
P003,I6,I,6,sample,B-0165,B-0165-B01,1,1.8518518518518519,70.5,9309.0
P003,I7,I,7,sample,B-0165,B-0165-B01,1,0.6172839506172839,96.2,9692.0
P003,I8,I,8,sample,B-0165,B-0165-B01,1,0.205761316872428,109.6,9470.0
P003,I9,I,9,sample,B-0165,B-0165-B01,1,0.06858710562414266,120.2,9043.0
P003,I10,I,10,sample,B-0165,B-0165-B01,1,0.022862368541380886,118.9,9685.0
P003,I11,I,11,sample,B-0165,B-0165-B01,1,0.007620789513793629,119.6,9272.0
P003,I12,I,12,sample,B-0165,B-0165-B01,1,0.002540263171264543,120.7,9054.0
P003,I13,I,13,sample,B-0165,B-0165-B01,2,50.0,34.1,9790.0
P003,I14,I,14,sample,B-0165,B-0165-B01,2,16.666666666666668,40.6,9388.0
P003,I15,I,15,sample,B-0165,B-0165-B01,2,5.555555555555555,46.4,10175.0
P003,I16,I,16,sample,B-0165,B-0165-B01,2,1.8518518518518519,67.5,9787.0
P003,I17,I,17,sample,B-0165,B-0165-B01,2,0.6172839506172839,86.5,9650.0
P003,I18,I,18,sample,B-0165,B-0165-B01,2,0.205761316872428,106.7,9455.0
P003,I19,I,19,sample,B-0165,B-0165-B01,2,0.06858710562414266,113.1,9155.0
P003,I20,I,20,sample,B-0165,B-0165-B01,2,0.022862368541380886,121.4,8889.0
P003,I21,I,21,sample,B-0165,B-0165-B01,2,0.007620789513793629,120.5,9022.0
P003,I22,I,22,sample,B-0165,B-0165-B01,2,0.002540263171264543,120.8,9153.0
P003,J3,J,3,sample,A-0247,A-0247-B01,1,50.0,163.1,17114.0
P003,J4,J,4,sample,A-0247,A-0247-B01,1,16.666666666666668,90.5,12082.0
P003,J5,J,5,sample,A-0247,A-0247-B01,1,5.555555555555555,57.6,10401.0
P003,J6,J,6,sample,A-0247,A-0247-B01,1,1.8518518518518519,48.6,9959.0
P003,J7,J,7,sample,A-0247,A-0247-B01,1,0.6172839506172839,77.3,9821.0
P003,J8,J,8,sample,A-0247,A-0247-B01,1,0.205761316872428,97.5,9117.0
P003,J9,J,9,sample,A-0247,A-0247-B01,1,0.06858710562414266,113.6,9124.0
P003,J10,J,10,sample,A-0247,A-0247-B01,1,0.022862368541380886,117.9,9105.0
P003,J11,J,11,sample,A-0247,A-0247-B01,1,0.007620789513793629,124.0,9405.0
P003,J12,J,12,sample,A-0247,A-0247-B01,1,0.002540263171264543,125.6,9052.0
P003,J13,J,13,sample,A-0247,A-0247-B01,2,50.0,160.2,16526.0
P003,J14,J,14,sample,A-0247,A-0247-B01,2,16.666666666666668,90.9,12122.0
P003,J15,J,15,sample,A-0247,A-0247-B01,2,5.555555555555555,62.2,10262.0
P003,J16,J,16,sample,A-0247,A-0247-B01,2,1.8518518518518519,56.2,9827.0
P003,J17,J,17,sample,A-0247,A-0247-B01,2,0.6172839506172839,77.3,9498.0
P003,J18,J,18,sample,A-0247,A-0247-B01,2,0.205761316872428,96.1,9555.0
P003,J19,J,19,sample,A-0247,A-0247-B01,2,0.06858710562414266,116.5,8904.0
P003,J20,J,20,sample,A-0247,A-0247-B01,2,0.022862368541380886,120.9,9215.0
P003,J21,J,21,sample,A-0247,A-0247-B01,2,0.007620789513793629,119.4,9415.0
P003,J22,J,22,sample,A-0247,A-0247-B01,2,0.002540263171264543,118.9,8817.0
P003,K3,K,3,sample,A-0212,A-0212-B01,1,50.0,191.0,16243.0
P003,K4,K,4,sample,A-0212,A-0212-B01,1,16.666666666666668,140.6,11678.0
P003,K5,K,5,sample,A-0212,A-0212-B01,1,5.555555555555555,116.1,10540.0
P003,K6,K,6,sample,A-0212,A-0212-B01,1,1.8518518518518519,106.3,9138.0
P003,K7,K,7,sample,A-0212,A-0212-B01,1,0.6172839506172839,102.9,9232.0
P003,K8,K,8,sample,A-0212,A-0212-B01,1,0.205761316872428,103.5,9518.0
P003,K9,K,9,sample,A-0212,A-0212-B01,1,0.06858710562414266,112.9,9139.0
P003,K10,K,10,sample,A-0212,A-0212-B01,1,0.022862368541380886,122.1,9138.0
P003,K11,K,11,sample,A-0212,A-0212-B01,1,0.007620789513793629,120.7,9232.0
P003,K12,K,12,sample,A-0212,A-0212-B01,1,0.002540263171264543,119.5,9053.0
P003,K13,K,13,sample,A-0212,A-0212-B01,2,50.0,187.6,15219.0
P003,K14,K,14,sample,A-0212,A-0212-B01,2,16.666666666666668,143.5,12091.0
P003,K15,K,15,sample,A-0212,A-0212-B01,2,5.555555555555555,119.2,10246.0
P003,K16,K,16,sample,A-0212,A-0212-B01,2,1.8518518518518519,105.4,9705.0
P003,K17,K,17,sample,A-0212,A-0212-B01,2,0.6172839506172839,105.0,9643.0
P003,K18,K,18,sample,A-0212,A-0212-B01,2,0.205761316872428,97.7,9257.0
P003,K19,K,19,sample,A-0212,A-0212-B01,2,0.06858710562414266,113.0,9237.0
P003,K20,K,20,sample,A-0212,A-0212-B01,2,0.022862368541380886,120.7,9226.0
P003,K21,K,21,sample,A-0212,A-0212-B01,2,0.007620789513793629,120.3,8928.0
P003,K22,K,22,sample,A-0212,A-0212-B01,2,0.002540263171264543,116.7,9107.0
P003,L3,L,3,sample,B-0296,B-0296-B01,1,50.0,36.3,9794.0
P003,L4,L,4,sample,B-0296,B-0296-B01,1,16.666666666666668,33.9,9581.0
P003,L5,L,5,sample,B-0296,B-0296-B01,1,5.555555555555555,41.9,9601.0
P003,L6,L,6,sample,B-0296,B-0296-B01,1,1.8518518518518519,59.4,9873.0
P003,L7,L,7,sample,B-0296,B-0296-B01,1,0.6172839506172839,76.0,9647.0
P003,L8,L,8,sample,B-0296,B-0296-B01,1,0.205761316872428,102.8,9347.0
P003,L9,L,9,sample,B-0296,B-0296-B01,1,0.06858710562414266,115.9,9321.0
P003,L10,L,10,sample,B-0296,B-0296-B01,1,0.022862368541380886,118.2,8645.0
P003,L11,L,11,sample,B-0296,B-0296-B01,1,0.007620789513793629,121.1,9264.0
P003,L12,L,12,sample,B-0296,B-0296-B01,1,0.002540263171264543,123.6,9609.0
P003,L13,L,13,sample,B-0296,B-0296-B01,2,50.0,35.3,10032.0
P003,L14,L,14,sample,B-0296,B-0296-B01,2,16.666666666666668,34.3,10430.0
P003,L15,L,15,sample,B-0296,B-0296-B01,2,5.555555555555555,46.5,10084.0
P003,L16,L,16,sample,B-0296,B-0296-B01,2,1.8518518518518519,58.4,9365.0
P003,L17,L,17,sample,B-0296,B-0296-B01,2,0.6172839506172839,75.0,10081.0
P003,L18,L,18,sample,B-0296,B-0296-B01,2,0.205761316872428,103.6,9546.0
P003,L19,L,19,sample,B-0296,B-0296-B01,2,0.06858710562414266,115.6,9039.0
P003,L20,L,20,sample,B-0296,B-0296-B01,2,0.022862368541380886,125.7,9026.0
P003,L21,L,21,sample,B-0296,B-0296-B01,2,0.007620789513793629,123.1,9115.0
P003,L22,L,22,sample,B-0296,B-0296-B01,2,0.002540263171264543,122.0,9112.0
P003,M3,M,3,sample,A-0129,A-0129-B01,1,50.0,174.2,16346.0
P003,M4,M,4,sample,A-0129,A-0129-B01,1,16.666666666666668,125.3,12335.0
P003,M5,M,5,sample,A-0129,A-0129-B01,1,5.555555555555555,94.1,10343.0
P003,M6,M,6,sample,A-0129,A-0129-B01,1,1.8518518518518519,81.7,9748.0
P003,M7,M,7,sample,A-0129,A-0129-B01,1,0.6172839506172839,79.6,9796.0
P003,M8,M,8,sample,A-0129,A-0129-B01,1,0.205761316872428,72.8,9566.0
P003,M9,M,9,sample,A-0129,A-0129-B01,1,0.06858710562414266,95.6,9223.0
P003,M10,M,10,sample,A-0129,A-0129-B01,1,0.022862368541380886,115.1,9637.0
P003,M11,M,11,sample,A-0129,A-0129-B01,1,0.007620789513793629,121.3,9118.0
P003,M12,M,12,sample,A-0129,A-0129-B01,1,0.002540263171264543,119.7,9089.0
P003,M13,M,13,sample,A-0129,A-0129-B01,2,50.0,174.0,15742.0
P003,M14,M,14,sample,A-0129,A-0129-B01,2,16.666666666666668,127.3,12467.0
P003,M15,M,15,sample,A-0129,A-0129-B01,2,5.555555555555555,90.2,10374.0
P003,M16,M,16,sample,A-0129,A-0129-B01,2,1.8518518518518519,85.8,10068.0
P003,M17,M,17,sample,A-0129,A-0129-B01,2,0.6172839506172839,74.3,9411.0
P003,M18,M,18,sample,A-0129,A-0129-B01,2,0.205761316872428,79.0,9761.0
P003,M19,M,19,sample,A-0129,A-0129-B01,2,0.06858710562414266,97.5,9264.0
P003,M20,M,20,sample,A-0129,A-0129-B01,2,0.022862368541380886,110.8,9143.0
P003,M21,M,21,sample,A-0129,A-0129-B01,2,0.007620789513793629,118.9,9220.0
P003,M22,M,22,sample,A-0129,A-0129-B01,2,0.002540263171264543,118.3,9428.0
P003,N3,N,3,sample,B-0209,B-0209-B01,1,50.0,33.5,10132.0
P003,N4,N,4,sample,B-0209,B-0209-B01,1,16.666666666666668,35.1,10074.0
P003,N5,N,5,sample,B-0209,B-0209-B01,1,5.555555555555555,40.8,10268.0
P003,N6,N,6,sample,B-0209,B-0209-B01,1,1.8518518518518519,44.5,9628.0
P003,N7,N,7,sample,B-0209,B-0209-B01,1,0.6172839506172839,66.3,9428.0
P003,N8,N,8,sample,B-0209,B-0209-B01,1,0.205761316872428,82.8,9631.0
P003,N9,N,9,sample,B-0209,B-0209-B01,1,0.06858710562414266,105.6,9648.0
P003,N10,N,10,sample,B-0209,B-0209-B01,1,0.022862368541380886,117.2,8861.0
P003,N11,N,11,sample,B-0209,B-0209-B01,1,0.007620789513793629,122.2,9282.0
P003,N12,N,12,sample,B-0209,B-0209-B01,1,0.002540263171264543,123.1,9263.0
P003,N13,N,13,sample,B-0209,B-0209-B01,2,50.0,37.2,9643.0
P003,N14,N,14,sample,B-0209,B-0209-B01,2,16.666666666666668,32.5,9875.0
P003,N15,N,15,sample,B-0209,B-0209-B01,2,5.555555555555555,36.6,9811.0
P003,N16,N,16,sample,B-0209,B-0209-B01,2,1.8518518518518519,46.4,9424.0
P003,N17,N,17,sample,B-0209,B-0209-B01,2,0.6172839506172839,58.3,9679.0
P003,N18,N,18,sample,B-0209,B-0209-B01,2,0.205761316872428,85.4,9327.0
P003,N19,N,19,sample,B-0209,B-0209-B01,2,0.06858710562414266,106.5,9417.0
P003,N20,N,20,sample,B-0209,B-0209-B01,2,0.022862368541380886,113.7,9402.0
P003,N21,N,21,sample,B-0209,B-0209-B01,2,0.007620789513793629,124.8,9444.0
P003,N22,N,22,sample,B-0209,B-0209-B01,2,0.002540263171264543,121.3,8942.0
P003,O3,O,3,sample,B-0005,B-0005-B01,1,50.0,29.6,9876.0
P003,O4,O,4,sample,B-0005,B-0005-B01,1,16.666666666666668,34.4,10277.0
P003,O5,O,5,sample,B-0005,B-0005-B01,1,5.555555555555555,32.6,9674.0
P003,O6,O,6,sample,B-0005,B-0005-B01,1,1.8518518518518519,40.3,10407.0
P003,O7,O,7,sample,B-0005,B-0005-B01,1,0.6172839506172839,40.2,9782.0
P003,O8,O,8,sample,B-0005,B-0005-B01,1,0.205761316872428,58.8,9708.0
P003,O9,O,9,sample,B-0005,B-0005-B01,1,0.06858710562414266,90.4,9081.0
P003,O10,O,10,sample,B-0005,B-0005-B01,1,0.022862368541380886,105.6,9408.0
P003,O11,O,11,sample,B-0005,B-0005-B01,1,0.007620789513793629,115.0,9181.0
P003,O12,O,12,sample,B-0005,B-0005-B01,1,0.002540263171264543,122.4,9302.0
P003,O13,O,13,sample,B-0005,B-0005-B01,2,50.0,30.6,9917.0
P003,O14,O,14,sample,B-0005,B-0005-B01,2,16.666666666666668,29.5,9732.0
P003,O15,O,15,sample,B-0005,B-0005-B01,2,5.555555555555555,28.3,9911.0
P003,O16,O,16,sample,B-0005,B-0005-B01,2,1.8518518518518519,36.7,9855.0
P003,O17,O,17,sample,B-0005,B-0005-B01,2,0.6172839506172839,41.2,9557.0
P003,O18,O,18,sample,B-0005,B-0005-B01,2,0.205761316872428,61.9,9932.0
P003,O19,O,19,sample,B-0005,B-0005-B01,2,0.06858710562414266,87.8,9462.0
P003,O20,O,20,sample,B-0005,B-0005-B01,2,0.022862368541380886,108.4,9465.0
P003,O21,O,21,sample,B-0005,B-0005-B01,2,0.007620789513793629,116.9,9017.0
P003,O22,O,22,sample,B-0005,B-0005-B01,2,0.002540263171264543,124.8,9061.0
P003,P3,P,3,sample,A-0113,A-0113-B01,1,50.0,181.8,15708.0
P003,P4,P,4,sample,A-0113,A-0113-B01,1,16.666666666666668,125.2,12491.0
P003,P5,P,5,sample,A-0113,A-0113-B01,1,5.555555555555555,99.4,10665.0
P003,P6,P,6,sample,A-0113,A-0113-B01,1,1.8518518518518519,88.1,10686.0
P003,P7,P,7,sample,A-0113,A-0113-B01,1,0.6172839506172839,83.2,9727.0
P003,P8,P,8,sample,A-0113,A-0113-B01,1,0.205761316872428,81.0,9580.0
P003,P9,P,9,sample,A-0113,A-0113-B01,1,0.06858710562414266,105.8,9750.0
P003,P10,P,10,sample,A-0113,A-0113-B01,1,0.022862368541380886,119.1,9557.0
P003,P11,P,11,sample,A-0113,A-0113-B01,1,0.007620789513793629,120.2,8981.0
P003,P12,P,12,sample,A-0113,A-0113-B01,1,0.002540263171264543,126.2,9180.0
P003,P13,P,13,sample,A-0113,A-0113-B01,2,50.0,178.8,16017.0
P003,P14,P,14,sample,A-0113,A-0113-B01,2,16.666666666666668,130.9,11852.0
P003,P15,P,15,sample,A-0113,A-0113-B01,2,5.555555555555555,102.9,10631.0
P003,P16,P,16,sample,A-0113,A-0113-B01,2,1.8518518518518519,88.8,10289.0
P003,P17,P,17,sample,A-0113,A-0113-B01,2,0.6172839506172839,85.6,10070.0
P003,P18,P,18,sample,A-0113,A-0113-B01,2,0.205761316872428,85.5,9930.0
P003,P19,P,19,sample,A-0113,A-0113-B01,2,0.06858710562414266,99.3,9479.0
P003,P20,P,20,sample,A-0113,A-0113-B01,2,0.022862368541380886,116.2,9209.0
P003,P21,P,21,sample,A-0113,A-0113-B01,2,0.007620789513793629,125.3,9420.0
P003,P22,P,22,sample,A-0113,A-0113-B01,2,0.002540263171264543,125.2,9628.0
P004,A1,A,1,high_control,,,0,0.0,133.2,9498.0
P004,A2,A,2,low_control,,,0,0.0,44.4,9720.0
P004,A23,A,23,reference,REF-1,REF-1-B01,1,50.0,44.2,10099.0
P004,A24,A,24,reference,REF-1,REF-1-B01,2,50.0,51.8,9731.0
P004,B1,B,1,high_control,,,0,0.0,132.7,9524.0
P004,B2,B,2,low_control,,,0,0.0,40.7,9631.0
P004,B23,B,23,reference,REF-1,REF-1-B01,1,16.666666666666668,42.9,9377.0
P004,B24,B,24,reference,REF-1,REF-1-B01,2,16.666666666666668,46.0,11092.0
P004,C1,C,1,high_control,,,0,0.0,135.7,9579.0
P004,C2,C,2,low_control,,,0,0.0,41.2,10008.0
P004,C23,C,23,reference,REF-1,REF-1-B01,1,5.555555555555555,45.2,9535.0
P004,C24,C,24,reference,REF-1,REF-1-B01,2,5.555555555555555,48.7,10423.0
P004,D1,D,1,high_control,,,0,0.0,139.7,9438.0
P004,D2,D,2,low_control,,,0,0.0,36.0,10319.0
P004,D23,D,23,reference,REF-1,REF-1-B01,1,1.8518518518518519,43.4,9640.0
P004,D24,D,24,reference,REF-1,REF-1-B01,2,1.8518518518518519,51.4,9905.0
P004,E1,E,1,high_control,,,0,0.0,132.0,9362.0
P004,E2,E,2,low_control,,,0,0.0,40.9,10497.0
P004,E23,E,23,reference,REF-1,REF-1-B01,1,0.6172839506172839,53.2,9355.0
P004,E24,E,24,reference,REF-1,REF-1-B01,2,0.6172839506172839,61.6,10398.0
P004,F1,F,1,high_control,,,0,0.0,132.4,9457.0
P004,F2,F,2,low_control,,,0,0.0,39.0,10249.0
P004,F23,F,23,reference,REF-1,REF-1-B01,1,0.205761316872428,75.3,9954.0
P004,F24,F,24,reference,REF-1,REF-1-B01,2,0.205761316872428,76.5,10338.0
P004,G1,G,1,high_control,,,0,0.0,135.2,9563.0
P004,G2,G,2,low_control,,,0,0.0,42.3,10267.0
P004,G23,G,23,reference,REF-1,REF-1-B01,1,0.06858710562414266,97.8,9664.0
P004,G24,G,24,reference,REF-1,REF-1-B01,2,0.06858710562414266,103.7,9520.0
P004,H1,H,1,high_control,,,0,0.0,135.4,9475.0
P004,H2,H,2,low_control,,,0,0.0,37.5,9816.0
P004,H23,H,23,reference,REF-1,REF-1-B01,1,0.022862368541380886,115.8,9620.0
P004,H24,H,24,reference,REF-1,REF-1-B01,2,0.022862368541380886,121.5,9577.0
P004,I1,I,1,high_control,,,0,0.0,136.2,9355.0
P004,I2,I,2,low_control,,,0,0.0,40.3,9742.0
P004,I23,I,23,reference,REF-1,REF-1-B01,1,0.007620789513793629,129.7,8957.0
P004,I24,I,24,reference,REF-1,REF-1-B01,2,0.007620789513793629,127.4,9271.0
P004,J1,J,1,high_control,,,0,0.0,134.4,9192.0
P004,J2,J,2,low_control,,,0,0.0,40.9,10108.0
P004,J23,J,23,reference,REF-1,REF-1-B01,1,0.002540263171264543,128.9,9550.0
P004,J24,J,24,reference,REF-1,REF-1-B01,2,0.002540263171264543,136.6,9215.0
P004,K1,K,1,high_control,,,0,0.0,137.4,8961.0
P004,K2,K,2,low_control,,,0,0.0,42.0,10130.0
P004,K23,K,23,high_control,,,0,0.0,130.5,8780.0
P004,K24,K,24,low_control,,,0,0.0,38.6,10449.0
P004,L1,L,1,high_control,,,0,0.0,135.2,9826.0
P004,L2,L,2,low_control,,,0,0.0,41.2,10165.0
P004,L23,L,23,high_control,,,0,0.0,130.5,8818.0
P004,L24,L,24,low_control,,,0,0.0,45.3,10104.0
P004,M1,M,1,high_control,,,0,0.0,136.3,9456.0
P004,M2,M,2,low_control,,,0,0.0,38.2,9615.0
P004,M23,M,23,high_control,,,0,0.0,130.4,8841.0
P004,M24,M,24,low_control,,,0,0.0,45.6,10114.0
P004,N1,N,1,high_control,,,0,0.0,134.9,9090.0
P004,N2,N,2,low_control,,,0,0.0,37.7,10220.0
P004,N23,N,23,high_control,,,0,0.0,129.7,9311.0
P004,N24,N,24,low_control,,,0,0.0,45.0,10461.0
P004,O1,O,1,high_control,,,0,0.0,137.3,9597.0
P004,O2,O,2,low_control,,,0,0.0,39.2,10223.0
P004,O23,O,23,high_control,,,0,0.0,135.3,9200.0
P004,O24,O,24,low_control,,,0,0.0,44.5,10070.0
P004,P1,P,1,high_control,,,0,0.0,138.9,10007.0
P004,P2,P,2,low_control,,,0,0.0,44.1,10290.0
P004,P23,P,23,high_control,,,0,0.0,129.2,9643.0
P004,P24,P,24,low_control,,,0,0.0,44.4,10208.0
P004,A3,A,3,sample,A-0313,A-0313-B01,1,50.0,143.7,14870.0
P004,A4,A,4,sample,A-0313,A-0313-B01,1,16.666666666666668,58.6,10179.0
P004,A5,A,5,sample,A-0313,A-0313-B01,1,5.555555555555555,69.8,10270.0
P004,A6,A,6,sample,A-0313,A-0313-B01,1,1.8518518518518519,91.9,9931.0
P004,A7,A,7,sample,A-0313,A-0313-B01,1,0.6172839506172839,110.0,9337.0
P004,A8,A,8,sample,A-0313,A-0313-B01,1,0.205761316872428,134.1,9800.0
P004,A9,A,9,sample,A-0313,A-0313-B01,1,0.06858710562414266,135.5,9707.0
P004,A10,A,10,sample,A-0313,A-0313-B01,1,0.022862368541380886,133.3,9445.0
P004,A11,A,11,sample,A-0313,A-0313-B01,1,0.007620789513793629,132.6,9423.0
P004,A12,A,12,sample,A-0313,A-0313-B01,1,0.002540263171264543,138.7,9371.0
P004,A13,A,13,sample,A-0313,A-0313-B01,2,50.0,145.9,14931.0
P004,A14,A,14,sample,A-0313,A-0313-B01,2,16.666666666666668,60.0,9675.0
P004,A15,A,15,sample,A-0313,A-0313-B01,2,5.555555555555555,68.7,10057.0
P004,A16,A,16,sample,A-0313,A-0313-B01,2,1.8518518518518519,93.4,10259.0
P004,A17,A,17,sample,A-0313,A-0313-B01,2,0.6172839506172839,116.5,9657.0
P004,A18,A,18,sample,A-0313,A-0313-B01,2,0.205761316872428,125.1,9203.0
P004,A19,A,19,sample,A-0313,A-0313-B01,2,0.06858710562414266,136.6,9522.0
P004,A20,A,20,sample,A-0313,A-0313-B01,2,0.022862368541380886,133.3,9365.0
P004,A21,A,21,sample,A-0313,A-0313-B01,2,0.007620789513793629,134.9,8960.0
P004,A22,A,22,sample,A-0313,A-0313-B01,2,0.002540263171264543,138.4,9460.0
P004,B3,B,3,sample,A-0195,A-0195-B01,1,50.0,152.2,15812.0
P004,B4,B,4,sample,A-0195,A-0195-B01,1,16.666666666666668,59.6,10374.0
P004,B5,B,5,sample,A-0195,A-0195-B01,1,5.555555555555555,56.8,9979.0
P004,B6,B,6,sample,A-0195,A-0195-B01,1,1.8518518518518519,83.2,9361.0
P004,B7,B,7,sample,A-0195,A-0195-B01,1,0.6172839506172839,107.6,9391.0
P004,B8,B,8,sample,A-0195,A-0195-B01,1,0.205761316872428,120.2,9391.0
P004,B9,B,9,sample,A-0195,A-0195-B01,1,0.06858710562414266,128.1,9663.0
P004,B10,B,10,sample,A-0195,A-0195-B01,1,0.022862368541380886,132.8,8721.0
P004,B11,B,11,sample,A-0195,A-0195-B01,1,0.007620789513793629,135.6,9393.0
P004,B12,B,12,sample,A-0195,A-0195-B01,1,0.002540263171264543,129.8,9572.0
P004,B13,B,13,sample,A-0195,A-0195-B01,2,50.0,150.9,16092.0
P004,B14,B,14,sample,A-0195,A-0195-B01,2,16.666666666666668,50.2,10015.0
P004,B15,B,15,sample,A-0195,A-0195-B01,2,5.555555555555555,58.6,9934.0
P004,B16,B,16,sample,A-0195,A-0195-B01,2,1.8518518518518519,91.4,9419.0
P004,B17,B,17,sample,A-0195,A-0195-B01,2,0.6172839506172839,109.5,9649.0
P004,B18,B,18,sample,A-0195,A-0195-B01,2,0.205761316872428,125.4,9531.0
P004,B19,B,19,sample,A-0195,A-0195-B01,2,0.06858710562414266,129.5,9743.0
P004,B20,B,20,sample,A-0195,A-0195-B01,2,0.022862368541380886,131.1,9294.0
P004,B21,B,21,sample,A-0195,A-0195-B01,2,0.007620789513793629,134.2,9144.0
P004,B22,B,22,sample,A-0195,A-0195-B01,2,0.002540263171264543,134.0,9453.0
P004,C3,C,3,sample,A-0327,A-0327-B01,1,50.0,191.9,17347.0
P004,C4,C,4,sample,A-0327,A-0327-B01,1,16.666666666666668,128.4,11715.0
P004,C5,C,5,sample,A-0327,A-0327-B01,1,5.555555555555555,105.5,9879.0
P004,C6,C,6,sample,A-0327,A-0327-B01,1,1.8518518518518519,95.7,9361.0
P004,C7,C,7,sample,A-0327,A-0327-B01,1,0.6172839506172839,87.8,9215.0
P004,C8,C,8,sample,A-0327,A-0327-B01,1,0.205761316872428,97.0,9962.0
P004,C9,C,9,sample,A-0327,A-0327-B01,1,0.06858710562414266,120.8,9577.0
P004,C10,C,10,sample,A-0327,A-0327-B01,1,0.022862368541380886,121.5,8844.0
P004,C11,C,11,sample,A-0327,A-0327-B01,1,0.007620789513793629,127.5,9023.0
P004,C12,C,12,sample,A-0327,A-0327-B01,1,0.002540263171264543,134.4,9338.0
P004,C13,C,13,sample,A-0327,A-0327-B01,2,50.0,187.0,15796.0
P004,C14,C,14,sample,A-0327,A-0327-B01,2,16.666666666666668,134.2,12248.0
P004,C15,C,15,sample,A-0327,A-0327-B01,2,5.555555555555555,101.4,10304.0
P004,C16,C,16,sample,A-0327,A-0327-B01,2,1.8518518518518519,86.8,10144.0
P004,C17,C,17,sample,A-0327,A-0327-B01,2,0.6172839506172839,87.1,9112.0
P004,C18,C,18,sample,A-0327,A-0327-B01,2,0.205761316872428,104.5,9829.0
P004,C19,C,19,sample,A-0327,A-0327-B01,2,0.06858710562414266,122.9,9373.0
P004,C20,C,20,sample,A-0327,A-0327-B01,2,0.022862368541380886,128.0,9418.0
P004,C21,C,21,sample,A-0327,A-0327-B01,2,0.007620789513793629,133.6,8783.0
P004,C22,C,22,sample,A-0327,A-0327-B01,2,0.002540263171264543,131.8,9340.0
P004,D3,D,3,sample,B-0287,B-0287-B01,1,50.0,40.5,10256.0
P004,D4,D,4,sample,B-0287,B-0287-B01,1,16.666666666666668,47.4,9950.0
P004,D5,D,5,sample,B-0287,B-0287-B01,1,5.555555555555555,48.7,9992.0
P004,D6,D,6,sample,B-0287,B-0287-B01,1,1.8518518518518519,67.5,9416.0
P004,D7,D,7,sample,B-0287,B-0287-B01,1,0.6172839506172839,92.8,9340.0
P004,D8,D,8,sample,B-0287,B-0287-B01,1,0.205761316872428,113.7,9408.0
P004,D9,D,9,sample,B-0287,B-0287-B01,1,0.06858710562414266,125.1,9390.0
P004,D10,D,10,sample,B-0287,B-0287-B01,1,0.022862368541380886,129.9,9179.0
P004,D11,D,11,sample,B-0287,B-0287-B01,1,0.007620789513793629,129.9,9287.0
P004,D12,D,12,sample,B-0287,B-0287-B01,1,0.002540263171264543,133.5,8957.0
P004,D13,D,13,sample,B-0287,B-0287-B01,2,50.0,43.5,9885.0
P004,D14,D,14,sample,B-0287,B-0287-B01,2,16.666666666666668,40.7,10110.0
P004,D15,D,15,sample,B-0287,B-0287-B01,2,5.555555555555555,46.1,10161.0
P004,D16,D,16,sample,B-0287,B-0287-B01,2,1.8518518518518519,68.0,9840.0
P004,D17,D,17,sample,B-0287,B-0287-B01,2,0.6172839506172839,92.8,9600.0
P004,D18,D,18,sample,B-0287,B-0287-B01,2,0.205761316872428,111.6,9270.0
P004,D19,D,19,sample,B-0287,B-0287-B01,2,0.06858710562414266,131.2,9479.0
P004,D20,D,20,sample,B-0287,B-0287-B01,2,0.022862368541380886,131.4,9364.0
P004,D21,D,21,sample,B-0287,B-0287-B01,2,0.007620789513793629,127.1,9259.0
P004,D22,D,22,sample,B-0287,B-0287-B01,2,0.002540263171264543,134.7,9251.0
P004,E3,E,3,sample,A-0269,A-0269-B01,1,50.0,149.7,15290.0
P004,E4,E,4,sample,A-0269,A-0269-B01,1,16.666666666666668,76.7,10793.0
P004,E5,E,5,sample,A-0269,A-0269-B01,1,5.555555555555555,46.6,9626.0
P004,E6,E,6,sample,A-0269,A-0269-B01,1,1.8518518518518519,82.3,9744.0
P004,E7,E,7,sample,A-0269,A-0269-B01,1,0.6172839506172839,103.2,9499.0
P004,E8,E,8,sample,A-0269,A-0269-B01,1,0.205761316872428,120.0,9457.0
P004,E9,E,9,sample,A-0269,A-0269-B01,1,0.06858710562414266,127.2,9003.0
P004,E10,E,10,sample,A-0269,A-0269-B01,1,0.022862368541380886,130.9,8781.0
P004,E11,E,11,sample,A-0269,A-0269-B01,1,0.007620789513793629,128.3,9087.0
P004,E12,E,12,sample,A-0269,A-0269-B01,1,0.002540263171264543,129.9,8775.0
P004,E13,E,13,sample,A-0269,A-0269-B01,2,50.0,147.5,14733.0
P004,E14,E,14,sample,A-0269,A-0269-B01,2,16.666666666666668,77.3,11585.0
P004,E15,E,15,sample,A-0269,A-0269-B01,2,5.555555555555555,48.1,10273.0
P004,E16,E,16,sample,A-0269,A-0269-B01,2,1.8518518518518519,85.2,9604.0
P004,E17,E,17,sample,A-0269,A-0269-B01,2,0.6172839506172839,104.6,9346.0
P004,E18,E,18,sample,A-0269,A-0269-B01,2,0.205761316872428,124.8,9135.0
P004,E19,E,19,sample,A-0269,A-0269-B01,2,0.06858710562414266,130.9,9029.0
P004,E20,E,20,sample,A-0269,A-0269-B01,2,0.022862368541380886,127.9,9320.0
P004,E21,E,21,sample,A-0269,A-0269-B01,2,0.007620789513793629,129.5,9665.0
P004,E22,E,22,sample,A-0269,A-0269-B01,2,0.002540263171264543,128.2,9242.0
P004,F3,F,3,sample,A-0318,A-0318-B01,1,50.0,44.5,9669.0
P004,F4,F,4,sample,A-0318,A-0318-B01,1,16.666666666666668,55.1,10277.0
P004,F5,F,5,sample,A-0318,A-0318-B01,1,5.555555555555555,65.7,9484.0
P004,F6,F,6,sample,A-0318,A-0318-B01,1,1.8518518518518519,95.4,9418.0
P004,F7,F,7,sample,A-0318,A-0318-B01,1,0.6172839506172839,116.3,9564.0
P004,F8,F,8,sample,A-0318,A-0318-B01,1,0.205761316872428,121.9,9429.0
P004,F9,F,9,sample,A-0318,A-0318-B01,1,0.06858710562414266,130.2,9155.0
P004,F10,F,10,sample,A-0318,A-0318-B01,1,0.022862368541380886,133.6,9468.0
P004,F11,F,11,sample,A-0318,A-0318-B01,1,0.007620789513793629,129.3,9141.0
P004,F12,F,12,sample,A-0318,A-0318-B01,1,0.002540263171264543,132.0,9241.0
P004,F13,F,13,sample,A-0318,A-0318-B01,2,50.0,44.0,10460.0
P004,F14,F,14,sample,A-0318,A-0318-B01,2,16.666666666666668,53.6,10216.0
P004,F15,F,15,sample,A-0318,A-0318-B01,2,5.555555555555555,73.0,9796.0
P004,F16,F,16,sample,A-0318,A-0318-B01,2,1.8518518518518519,95.2,9827.0
P004,F17,F,17,sample,A-0318,A-0318-B01,2,0.6172839506172839,113.2,9519.0
P004,F18,F,18,sample,A-0318,A-0318-B01,2,0.205761316872428,123.1,9298.0
P004,F19,F,19,sample,A-0318,A-0318-B01,2,0.06858710562414266,126.8,9397.0
P004,F20,F,20,sample,A-0318,A-0318-B01,2,0.022862368541380886,133.8,9071.0
P004,F21,F,21,sample,A-0318,A-0318-B01,2,0.007620789513793629,130.1,9270.0
P004,F22,F,22,sample,A-0318,A-0318-B01,2,0.002540263171264543,133.1,9340.0
P004,G3,G,3,sample,A-0005,A-0005-B01,1,50.0,54.3,9585.0
P004,G4,G,4,sample,A-0005,A-0005-B01,1,16.666666666666668,73.4,9881.0
P004,G5,G,5,sample,A-0005,A-0005-B01,1,5.555555555555555,101.4,9463.0
P004,G6,G,6,sample,A-0005,A-0005-B01,1,1.8518518518518519,120.4,9791.0
P004,G7,G,7,sample,A-0005,A-0005-B01,1,0.6172839506172839,124.0,9462.0
P004,G8,G,8,sample,A-0005,A-0005-B01,1,0.205761316872428,127.9,9191.0
P004,G9,G,9,sample,A-0005,A-0005-B01,1,0.06858710562414266,128.8,9136.0
P004,G10,G,10,sample,A-0005,A-0005-B01,1,0.022862368541380886,133.0,8835.0
P004,G11,G,11,sample,A-0005,A-0005-B01,1,0.007620789513793629,128.7,9131.0
P004,G12,G,12,sample,A-0005,A-0005-B01,1,0.002540263171264543,134.1,9255.0
P004,G13,G,13,sample,A-0005,A-0005-B01,2,50.0,58.8,10131.0
P004,G14,G,14,sample,A-0005,A-0005-B01,2,16.666666666666668,74.0,9831.0
P004,G15,G,15,sample,A-0005,A-0005-B01,2,5.555555555555555,101.1,9576.0
P004,G16,G,16,sample,A-0005,A-0005-B01,2,1.8518518518518519,117.9,9279.0
P004,G17,G,17,sample,A-0005,A-0005-B01,2,0.6172839506172839,121.8,9713.0
P004,G18,G,18,sample,A-0005,A-0005-B01,2,0.205761316872428,129.9,9425.0
P004,G19,G,19,sample,A-0005,A-0005-B01,2,0.06858710562414266,129.2,8982.0
P004,G20,G,20,sample,A-0005,A-0005-B01,2,0.022862368541380886,132.1,8927.0
P004,G21,G,21,sample,A-0005,A-0005-B01,2,0.007620789513793629,133.7,9336.0
P004,G22,G,22,sample,A-0005,A-0005-B01,2,0.002540263171264543,132.4,9283.0
P004,H3,H,3,sample,A-0003,A-0003-B01,1,50.0,48.6,9898.0
P004,H4,H,4,sample,A-0003,A-0003-B01,1,16.666666666666668,55.0,9933.0
P004,H5,H,5,sample,A-0003,A-0003-B01,1,5.555555555555555,79.0,9553.0
P004,H6,H,6,sample,A-0003,A-0003-B01,1,1.8518518518518519,104.5,9760.0
P004,H7,H,7,sample,A-0003,A-0003-B01,1,0.6172839506172839,119.5,9701.0
P004,H8,H,8,sample,A-0003,A-0003-B01,1,0.205761316872428,128.3,8966.0
P004,H9,H,9,sample,A-0003,A-0003-B01,1,0.06858710562414266,130.6,8836.0
P004,H10,H,10,sample,A-0003,A-0003-B01,1,0.022862368541380886,133.4,8974.0
P004,H11,H,11,sample,A-0003,A-0003-B01,1,0.007620789513793629,133.4,9243.0
P004,H12,H,12,sample,A-0003,A-0003-B01,1,0.002540263171264543,132.5,8816.0
P004,H13,H,13,sample,A-0003,A-0003-B01,2,50.0,48.3,9675.0
P004,H14,H,14,sample,A-0003,A-0003-B01,2,16.666666666666668,61.8,9979.0
P004,H15,H,15,sample,A-0003,A-0003-B01,2,5.555555555555555,79.6,9703.0
P004,H16,H,16,sample,A-0003,A-0003-B01,2,1.8518518518518519,104.1,9732.0
P004,H17,H,17,sample,A-0003,A-0003-B01,2,0.6172839506172839,115.2,9197.0
P004,H18,H,18,sample,A-0003,A-0003-B01,2,0.205761316872428,128.7,9266.0
P004,H19,H,19,sample,A-0003,A-0003-B01,2,0.06858710562414266,133.8,9068.0
P004,H20,H,20,sample,A-0003,A-0003-B01,2,0.022862368541380886,129.9,9252.0
P004,H21,H,21,sample,A-0003,A-0003-B01,2,0.007620789513793629,130.6,9029.0
P004,H22,H,22,sample,A-0003,A-0003-B01,2,0.002540263171264543,133.1,9239.0
P004,I3,I,3,sample,A-0360,A-0360-B01,1,50.0,214.2,16475.0
P004,I4,I,4,sample,A-0360,A-0360-B01,1,16.666666666666668,162.7,11809.0
P004,I5,I,5,sample,A-0360,A-0360-B01,1,5.555555555555555,136.8,10231.0
P004,I6,I,6,sample,A-0360,A-0360-B01,1,1.8518518518518519,124.3,9220.0
P004,I7,I,7,sample,A-0360,A-0360-B01,1,0.6172839506172839,117.3,9707.0
P004,I8,I,8,sample,A-0360,A-0360-B01,1,0.205761316872428,121.5,9243.0
P004,I9,I,9,sample,A-0360,A-0360-B01,1,0.06858710562414266,132.1,8902.0
P004,I10,I,10,sample,A-0360,A-0360-B01,1,0.022862368541380886,125.8,8836.0
P004,I11,I,11,sample,A-0360,A-0360-B01,1,0.007620789513793629,130.0,9400.0
P004,I12,I,12,sample,A-0360,A-0360-B01,1,0.002540263171264543,132.3,9142.0
P004,I13,I,13,sample,A-0360,A-0360-B01,2,50.0,213.8,15375.0
P004,I14,I,14,sample,A-0360,A-0360-B01,2,16.666666666666668,164.5,11147.0
P004,I15,I,15,sample,A-0360,A-0360-B01,2,5.555555555555555,139.0,9950.0
P004,I16,I,16,sample,A-0360,A-0360-B01,2,1.8518518518518519,127.4,8977.0
P004,I17,I,17,sample,A-0360,A-0360-B01,2,0.6172839506172839,127.7,9381.0
P004,I18,I,18,sample,A-0360,A-0360-B01,2,0.205761316872428,118.2,9439.0
P004,I19,I,19,sample,A-0360,A-0360-B01,2,0.06858710562414266,128.2,9458.0
P004,I20,I,20,sample,A-0360,A-0360-B01,2,0.022862368541380886,135.1,8903.0
P004,I21,I,21,sample,A-0360,A-0360-B01,2,0.007620789513793629,128.1,9209.0
P004,I22,I,22,sample,A-0360,A-0360-B01,2,0.002540263171264543,130.0,9667.0
P004,J3,J,3,sample,A-0034,A-0034-B01,1,50.0,42.9,10201.0
P004,J4,J,4,sample,A-0034,A-0034-B01,1,16.666666666666668,47.2,10082.0
P004,J5,J,5,sample,A-0034,A-0034-B01,1,5.555555555555555,63.7,10336.0
P004,J6,J,6,sample,A-0034,A-0034-B01,1,1.8518518518518519,84.3,9769.0
P004,J7,J,7,sample,A-0034,A-0034-B01,1,0.6172839506172839,112.1,9197.0
P004,J8,J,8,sample,A-0034,A-0034-B01,1,0.205761316872428,116.8,9606.0
P004,J9,J,9,sample,A-0034,A-0034-B01,1,0.06858710562414266,130.1,9304.0
P004,J10,J,10,sample,A-0034,A-0034-B01,1,0.022862368541380886,128.1,9802.0
P004,J11,J,11,sample,A-0034,A-0034-B01,1,0.007620789513793629,134.1,9087.0
P004,J12,J,12,sample,A-0034,A-0034-B01,1,0.002540263171264543,132.8,9009.0
P004,J13,J,13,sample,A-0034,A-0034-B01,2,50.0,41.7,9962.0
P004,J14,J,14,sample,A-0034,A-0034-B01,2,16.666666666666668,43.0,10100.0
P004,J15,J,15,sample,A-0034,A-0034-B01,2,5.555555555555555,65.8,9975.0
P004,J16,J,16,sample,A-0034,A-0034-B01,2,1.8518518518518519,85.0,9505.0
P004,J17,J,17,sample,A-0034,A-0034-B01,2,0.6172839506172839,115.3,10153.0
P004,J18,J,18,sample,A-0034,A-0034-B01,2,0.205761316872428,122.2,9285.0
P004,J19,J,19,sample,A-0034,A-0034-B01,2,0.06858710562414266,130.5,9078.0
P004,J20,J,20,sample,A-0034,A-0034-B01,2,0.022862368541380886,130.0,9358.0
P004,J21,J,21,sample,A-0034,A-0034-B01,2,0.007620789513793629,135.0,9098.0
P004,J22,J,22,sample,A-0034,A-0034-B01,2,0.002540263171264543,131.8,9400.0
P004,K3,K,3,sample,A-0275,A-0275-B01,1,50.0,200.7,16878.0
P004,K4,K,4,sample,A-0275,A-0275-B01,1,16.666666666666668,140.1,12660.0
P004,K5,K,5,sample,A-0275,A-0275-B01,1,5.555555555555555,115.2,10587.0
P004,K6,K,6,sample,A-0275,A-0275-B01,1,1.8518518518518519,99.5,9510.0
P004,K7,K,7,sample,A-0275,A-0275-B01,1,0.6172839506172839,93.8,9713.0
P004,K8,K,8,sample,A-0275,A-0275-B01,1,0.205761316872428,93.6,9425.0
P004,K9,K,9,sample,A-0275,A-0275-B01,1,0.06858710562414266,113.1,8971.0
P004,K10,K,10,sample,A-0275,A-0275-B01,1,0.022862368541380886,127.6,9479.0
P004,K11,K,11,sample,A-0275,A-0275-B01,1,0.007620789513793629,123.5,9077.0
P004,K12,K,12,sample,A-0275,A-0275-B01,1,0.002540263171264543,131.7,9002.0
P004,K13,K,13,sample,A-0275,A-0275-B01,2,50.0,192.6,15825.0
P004,K14,K,14,sample,A-0275,A-0275-B01,2,16.666666666666668,142.4,12220.0
P004,K15,K,15,sample,A-0275,A-0275-B01,2,5.555555555555555,113.3,10309.0
P004,K16,K,16,sample,A-0275,A-0275-B01,2,1.8518518518518519,99.8,10129.0
P004,K17,K,17,sample,A-0275,A-0275-B01,2,0.6172839506172839,98.5,9844.0
P004,K18,K,18,sample,A-0275,A-0275-B01,2,0.205761316872428,98.5,9340.0
P004,K19,K,19,sample,A-0275,A-0275-B01,2,0.06858710562414266,116.2,9600.0
P004,K20,K,20,sample,A-0275,A-0275-B01,2,0.022862368541380886,123.1,9040.0
P004,K21,K,21,sample,A-0275,A-0275-B01,2,0.007620789513793629,130.8,9442.0
P004,K22,K,22,sample,A-0275,A-0275-B01,2,0.002540263171264543,129.2,9180.0
P004,L3,L,3,sample,A-0273,A-0273-B01,1,50.0,201.5,15933.0
P004,L4,L,4,sample,A-0273,A-0273-B01,1,16.666666666666668,145.1,11804.0
P004,L5,L,5,sample,A-0273,A-0273-B01,1,5.555555555555555,113.7,10186.0
P004,L6,L,6,sample,A-0273,A-0273-B01,1,1.8518518518518519,103.3,9792.0
P004,L7,L,7,sample,A-0273,A-0273-B01,1,0.6172839506172839,99.0,10075.0
P004,L8,L,8,sample,A-0273,A-0273-B01,1,0.205761316872428,116.5,9571.0
P004,L9,L,9,sample,A-0273,A-0273-B01,1,0.06858710562414266,123.1,9451.0
P004,L10,L,10,sample,A-0273,A-0273-B01,1,0.022862368541380886,124.4,9433.0
P004,L11,L,11,sample,A-0273,A-0273-B01,1,0.007620789513793629,131.1,8906.0
P004,L12,L,12,sample,A-0273,A-0273-B01,1,0.002540263171264543,129.8,9180.0
P004,L13,L,13,sample,A-0273,A-0273-B01,2,50.0,193.0,15448.0
P004,L14,L,14,sample,A-0273,A-0273-B01,2,16.666666666666668,142.1,12040.0
P004,L15,L,15,sample,A-0273,A-0273-B01,2,5.555555555555555,111.8,10104.0
P004,L16,L,16,sample,A-0273,A-0273-B01,2,1.8518518518518519,100.8,9395.0
P004,L17,L,17,sample,A-0273,A-0273-B01,2,0.6172839506172839,96.2,9680.0
P004,L18,L,18,sample,A-0273,A-0273-B01,2,0.205761316872428,114.7,9189.0
P004,L19,L,19,sample,A-0273,A-0273-B01,2,0.06858710562414266,125.3,9216.0
P004,L20,L,20,sample,A-0273,A-0273-B01,2,0.022862368541380886,127.1,9106.0
P004,L21,L,21,sample,A-0273,A-0273-B01,2,0.007620789513793629,127.1,9088.0
P004,L22,L,22,sample,A-0273,A-0273-B01,2,0.002540263171264543,133.6,9274.0
P004,M3,M,3,sample,B-0300,B-0300-B01,1,50.0,38.0,10244.0
P004,M4,M,4,sample,B-0300,B-0300-B01,1,16.666666666666668,39.1,10075.0
P004,M5,M,5,sample,B-0300,B-0300-B01,1,5.555555555555555,42.0,10000.0
P004,M6,M,6,sample,B-0300,B-0300-B01,1,1.8518518518518519,41.3,10166.0
P004,M7,M,7,sample,B-0300,B-0300-B01,1,0.6172839506172839,43.9,9636.0
P004,M8,M,8,sample,B-0300,B-0300-B01,1,0.205761316872428,43.2,10098.0
P004,M9,M,9,sample,B-0300,B-0300-B01,1,0.06858710562414266,48.4,9588.0
P004,M10,M,10,sample,B-0300,B-0300-B01,1,0.022862368541380886,80.0,9910.0
P004,M11,M,11,sample,B-0300,B-0300-B01,1,0.007620789513793629,112.6,9408.0
P004,M12,M,12,sample,B-0300,B-0300-B01,1,0.002540263171264543,126.9,9488.0
P004,M13,M,13,sample,B-0300,B-0300-B01,2,50.0,38.7,9802.0
P004,M14,M,14,sample,B-0300,B-0300-B01,2,16.666666666666668,36.0,10449.0
P004,M15,M,15,sample,B-0300,B-0300-B01,2,5.555555555555555,40.3,10223.0
P004,M16,M,16,sample,B-0300,B-0300-B01,2,1.8518518518518519,39.0,9760.0
P004,M17,M,17,sample,B-0300,B-0300-B01,2,0.6172839506172839,41.6,10009.0
P004,M18,M,18,sample,B-0300,B-0300-B01,2,0.205761316872428,36.4,9836.0
P004,M19,M,19,sample,B-0300,B-0300-B01,2,0.06858710562414266,54.6,10077.0
P004,M20,M,20,sample,B-0300,B-0300-B01,2,0.022862368541380886,76.4,9713.0
P004,M21,M,21,sample,B-0300,B-0300-B01,2,0.007620789513793629,115.5,9308.0
P004,M22,M,22,sample,B-0300,B-0300-B01,2,0.002540263171264543,126.6,9353.0
P004,N3,N,3,sample,A-0039,A-0039-B01,1,50.0,41.3,10066.0
P004,N4,N,4,sample,A-0039,A-0039-B01,1,16.666666666666668,45.7,9410.0
P004,N5,N,5,sample,A-0039,A-0039-B01,1,5.555555555555555,69.4,9426.0
P004,N6,N,6,sample,A-0039,A-0039-B01,1,1.8518518518518519,87.0,9589.0
P004,N7,N,7,sample,A-0039,A-0039-B01,1,0.6172839506172839,110.8,9535.0
P004,N8,N,8,sample,A-0039,A-0039-B01,1,0.205761316872428,125.2,9014.0
P004,N9,N,9,sample,A-0039,A-0039-B01,1,0.06858710562414266,132.9,9965.0
P004,N10,N,10,sample,A-0039,A-0039-B01,1,0.022862368541380886,134.8,8812.0
P004,N11,N,11,sample,A-0039,A-0039-B01,1,0.007620789513793629,132.3,9864.0
P004,N12,N,12,sample,A-0039,A-0039-B01,1,0.002540263171264543,127.9,9454.0
P004,N13,N,13,sample,A-0039,A-0039-B01,2,50.0,43.8,9791.0
P004,N14,N,14,sample,A-0039,A-0039-B01,2,16.666666666666668,47.7,9572.0
P004,N15,N,15,sample,A-0039,A-0039-B01,2,5.555555555555555,66.7,9979.0
P004,N16,N,16,sample,A-0039,A-0039-B01,2,1.8518518518518519,92.7,9352.0
P004,N17,N,17,sample,A-0039,A-0039-B01,2,0.6172839506172839,112.3,9656.0
P004,N18,N,18,sample,A-0039,A-0039-B01,2,0.205761316872428,124.2,9368.0
P004,N19,N,19,sample,A-0039,A-0039-B01,2,0.06858710562414266,133.3,8855.0
P004,N20,N,20,sample,A-0039,A-0039-B01,2,0.022862368541380886,131.1,8978.0
P004,N21,N,21,sample,A-0039,A-0039-B01,2,0.007620789513793629,132.0,9091.0
P004,N22,N,22,sample,A-0039,A-0039-B01,2,0.002540263171264543,128.0,9246.0
P004,O3,O,3,sample,B-0085,B-0085-B01,1,50.0,36.6,9776.0
P004,O4,O,4,sample,B-0085,B-0085-B01,1,16.666666666666668,38.6,10574.0
P004,O5,O,5,sample,B-0085,B-0085-B01,1,5.555555555555555,42.3,10404.0
P004,O6,O,6,sample,B-0085,B-0085-B01,1,1.8518518518518519,44.4,9763.0
P004,O7,O,7,sample,B-0085,B-0085-B01,1,0.6172839506172839,47.8,9896.0
P004,O8,O,8,sample,B-0085,B-0085-B01,1,0.205761316872428,63.7,9716.0
P004,O9,O,9,sample,B-0085,B-0085-B01,1,0.06858710562414266,84.4,9701.0
P004,O10,O,10,sample,B-0085,B-0085-B01,1,0.022862368541380886,110.7,9278.0
P004,O11,O,11,sample,B-0085,B-0085-B01,1,0.007620789513793629,125.1,9101.0
P004,O12,O,12,sample,B-0085,B-0085-B01,1,0.002540263171264543,126.4,9349.0
P004,O13,O,13,sample,B-0085,B-0085-B01,2,50.0,46.0,9912.0
P004,O14,O,14,sample,B-0085,B-0085-B01,2,16.666666666666668,36.0,9694.0
P004,O15,O,15,sample,B-0085,B-0085-B01,2,5.555555555555555,39.8,9908.0
P004,O16,O,16,sample,B-0085,B-0085-B01,2,1.8518518518518519,46.9,10124.0
P004,O17,O,17,sample,B-0085,B-0085-B01,2,0.6172839506172839,47.8,10034.0
P004,O18,O,18,sample,B-0085,B-0085-B01,2,0.205761316872428,61.4,9809.0
P004,O19,O,19,sample,B-0085,B-0085-B01,2,0.06858710562414266,87.0,9383.0
P004,O20,O,20,sample,B-0085,B-0085-B01,2,0.022862368541380886,106.9,9438.0
P004,O21,O,21,sample,B-0085,B-0085-B01,2,0.007620789513793629,126.2,8963.0
P004,O22,O,22,sample,B-0085,B-0085-B01,2,0.002540263171264543,126.7,9606.0
P004,P3,P,3,sample,A-0328,A-0328-B01,1,50.0,63.6,61834.0
P004,P4,P,4,sample,A-0328,A-0328-B01,1,16.666666666666668,47.0,56342.0
P004,P5,P,5,sample,A-0328,A-0328-B01,1,5.555555555555555,66.5,27597.0
P004,P6,P,6,sample,A-0328,A-0328-B01,1,1.8518518518518519,91.7,15535.0
P004,P7,P,7,sample,A-0328,A-0328-B01,1,0.6172839506172839,119.2,11289.0
P004,P8,P,8,sample,A-0328,A-0328-B01,1,0.205761316872428,129.3,9996.0
P004,P9,P,9,sample,A-0328,A-0328-B01,1,0.06858710562414266,136.0,9781.0
P004,P10,P,10,sample,A-0328,A-0328-B01,1,0.022862368541380886,137.2,9318.0
P004,P11,P,11,sample,A-0328,A-0328-B01,1,0.007620789513793629,136.5,9292.0
P004,P12,P,12,sample,A-0328,A-0328-B01,1,0.002540263171264543,139.7,9550.0
P004,P13,P,13,sample,A-0328,A-0328-B01,2,50.0,65.3,60445.0
P004,P14,P,14,sample,A-0328,A-0328-B01,2,16.666666666666668,46.4,58386.0
P004,P15,P,15,sample,A-0328,A-0328-B01,2,5.555555555555555,67.8,24576.0
P004,P16,P,16,sample,A-0328,A-0328-B01,2,1.8518518518518519,93.3,15342.0
P004,P17,P,17,sample,A-0328,A-0328-B01,2,0.6172839506172839,119.2,11371.0
P004,P18,P,18,sample,A-0328,A-0328-B01,2,0.205761316872428,126.1,10430.0
P004,P19,P,19,sample,A-0328,A-0328-B01,2,0.06858710562414266,137.6,9407.0
P004,P20,P,20,sample,A-0328,A-0328-B01,2,0.022862368541380886,136.1,9571.0
P004,P21,P,21,sample,A-0328,A-0328-B01,2,0.007620789513793629,136.5,9610.0
P004,P22,P,22,sample,A-0328,A-0328-B01,2,0.002540263171264543,131.9,9226.0
P005,A1,A,1,high_control,,,0,0.0,128.7,9643.0
P005,A2,A,2,low_control,,,0,0.0,38.7,10217.0
P005,A23,A,23,reference,REF-1,REF-1-B01,1,50.0,35.1,10233.0
P005,A24,A,24,reference,REF-1,REF-1-B01,2,50.0,37.0,10416.0
P005,B1,B,1,high_control,,,0,0.0,125.8,9517.0
P005,B2,B,2,low_control,,,0,0.0,32.6,9944.0
P005,B23,B,23,reference,REF-1,REF-1-B01,1,16.666666666666668,34.0,9905.0
P005,B24,B,24,reference,REF-1,REF-1-B01,2,16.666666666666668,32.7,10065.0
P005,C1,C,1,high_control,,,0,0.0,127.4,8981.0
P005,C2,C,2,low_control,,,0,0.0,31.5,10105.0
P005,C23,C,23,reference,REF-1,REF-1-B01,1,5.555555555555555,29.4,10341.0
P005,C24,C,24,reference,REF-1,REF-1-B01,2,5.555555555555555,35.6,10001.0
P005,D1,D,1,high_control,,,0,0.0,128.1,9404.0
P005,D2,D,2,low_control,,,0,0.0,32.4,10083.0
P005,D23,D,23,reference,REF-1,REF-1-B01,1,1.8518518518518519,37.5,9795.0
P005,D24,D,24,reference,REF-1,REF-1-B01,2,1.8518518518518519,43.3,10207.0
P005,E1,E,1,high_control,,,0,0.0,125.8,9183.0
P005,E2,E,2,low_control,,,0,0.0,34.2,10093.0
P005,E23,E,23,reference,REF-1,REF-1-B01,1,0.6172839506172839,49.8,10026.0
P005,E24,E,24,reference,REF-1,REF-1-B01,2,0.6172839506172839,45.4,10059.0
P005,F1,F,1,high_control,,,0,0.0,132.7,9518.0
P005,F2,F,2,low_control,,,0,0.0,29.8,10396.0
P005,F23,F,23,reference,REF-1,REF-1-B01,1,0.205761316872428,67.7,9327.0
P005,F24,F,24,reference,REF-1,REF-1-B01,2,0.205761316872428,69.5,9482.0
P005,G1,G,1,high_control,,,0,0.0,128.1,9124.0
P005,G2,G,2,low_control,,,0,0.0,29.1,10234.0
P005,G23,G,23,reference,REF-1,REF-1-B01,1,0.06858710562414266,93.7,9321.0
P005,G24,G,24,reference,REF-1,REF-1-B01,2,0.06858710562414266,95.9,9635.0
P005,H1,H,1,high_control,,,0,0.0,127.8,9109.0
P005,H2,H,2,low_control,,,0,0.0,32.1,10207.0
P005,H23,H,23,reference,REF-1,REF-1-B01,1,0.022862368541380886,105.6,9808.0
P005,H24,H,24,reference,REF-1,REF-1-B01,2,0.022862368541380886,117.0,9698.0
P005,I1,I,1,high_control,,,0,0.0,129.1,9326.0
P005,I2,I,2,low_control,,,0,0.0,31.9,9779.0
P005,I23,I,23,reference,REF-1,REF-1-B01,1,0.007620789513793629,117.2,9706.0
P005,I24,I,24,reference,REF-1,REF-1-B01,2,0.007620789513793629,119.9,9254.0
P005,J1,J,1,high_control,,,0,0.0,127.1,9569.0
P005,J2,J,2,low_control,,,0,0.0,35.3,9646.0
P005,J23,J,23,reference,REF-1,REF-1-B01,1,0.002540263171264543,123.4,9216.0
P005,J24,J,24,reference,REF-1,REF-1-B01,2,0.002540263171264543,125.0,9231.0
P005,K1,K,1,high_control,,,0,0.0,124.7,9379.0
P005,K2,K,2,low_control,,,0,0.0,36.5,10174.0
P005,K23,K,23,high_control,,,0,0.0,123.0,9534.0
P005,K24,K,24,low_control,,,0,0.0,36.2,9997.0
P005,L1,L,1,high_control,,,0,0.0,125.0,9322.0
P005,L2,L,2,low_control,,,0,0.0,29.8,9908.0
P005,L23,L,23,high_control,,,0,0.0,119.0,9408.0
P005,L24,L,24,low_control,,,0,0.0,33.8,10408.0
P005,M1,M,1,high_control,,,0,0.0,130.8,9446.0
P005,M2,M,2,low_control,,,0,0.0,34.4,9905.0
P005,M23,M,23,high_control,,,0,0.0,125.9,9383.0
P005,M24,M,24,low_control,,,0,0.0,37.4,10249.0
P005,N1,N,1,high_control,,,0,0.0,124.5,9619.0
P005,N2,N,2,low_control,,,0,0.0,30.8,9755.0
P005,N23,N,23,high_control,,,0,0.0,121.7,9445.0
P005,N24,N,24,low_control,,,0,0.0,36.2,10582.0
P005,O1,O,1,high_control,,,0,0.0,131.6,9079.0
P005,O2,O,2,low_control,,,0,0.0,30.8,10252.0
P005,O23,O,23,high_control,,,0,0.0,126.7,9051.0
P005,O24,O,24,low_control,,,0,0.0,36.5,10089.0
P005,P1,P,1,high_control,,,0,0.0,132.3,9566.0
P005,P2,P,2,low_control,,,0,0.0,39.8,10304.0
P005,P23,P,23,high_control,,,0,0.0,126.4,9453.0
P005,P24,P,24,low_control,,,0,0.0,34.1,10518.0
P005,A3,A,3,sample,B-0153,B-0153-B01,1,50.0,34.3,10235.0
P005,A4,A,4,sample,B-0153,B-0153-B01,1,16.666666666666668,40.3,10314.0
P005,A5,A,5,sample,B-0153,B-0153-B01,1,5.555555555555555,38.1,9872.0
P005,A6,A,6,sample,B-0153,B-0153-B01,1,1.8518518518518519,47.0,9688.0
P005,A7,A,7,sample,B-0153,B-0153-B01,1,0.6172839506172839,53.2,9956.0
P005,A8,A,8,sample,B-0153,B-0153-B01,1,0.205761316872428,71.4,10127.0
P005,A9,A,9,sample,B-0153,B-0153-B01,1,0.06858710562414266,95.3,9554.0
P005,A10,A,10,sample,B-0153,B-0153-B01,1,0.022862368541380886,113.8,9811.0
P005,A11,A,11,sample,B-0153,B-0153-B01,1,0.007620789513793629,124.5,9664.0
P005,A12,A,12,sample,B-0153,B-0153-B01,1,0.002540263171264543,121.4,9860.0
P005,A13,A,13,sample,B-0153,B-0153-B01,2,50.0,31.6,10146.0
P005,A14,A,14,sample,B-0153,B-0153-B01,2,16.666666666666668,38.7,10296.0
P005,A15,A,15,sample,B-0153,B-0153-B01,2,5.555555555555555,38.7,10270.0
P005,A16,A,16,sample,B-0153,B-0153-B01,2,1.8518518518518519,41.7,9992.0
P005,A17,A,17,sample,B-0153,B-0153-B01,2,0.6172839506172839,55.8,9552.0
P005,A18,A,18,sample,B-0153,B-0153-B01,2,0.205761316872428,73.6,10304.0
P005,A19,A,19,sample,B-0153,B-0153-B01,2,0.06858710562414266,101.5,9708.0
P005,A20,A,20,sample,B-0153,B-0153-B01,2,0.022862368541380886,111.6,10170.0
P005,A21,A,21,sample,B-0153,B-0153-B01,2,0.007620789513793629,126.5,9598.0
P005,A22,A,22,sample,B-0153,B-0153-B01,2,0.002540263171264543,126.3,9112.0
P005,B3,B,3,sample,A-0294,A-0294-B01,1,50.0,182.5,16503.0
P005,B4,B,4,sample,A-0294,A-0294-B01,1,16.666666666666668,126.5,11443.0
P005,B5,B,5,sample,A-0294,A-0294-B01,1,5.555555555555555,95.4,10494.0
P005,B6,B,6,sample,A-0294,A-0294-B01,1,1.8518518518518519,81.1,9739.0
P005,B7,B,7,sample,A-0294,A-0294-B01,1,0.6172839506172839,86.3,9380.0
P005,B8,B,8,sample,A-0294,A-0294-B01,1,0.205761316872428,106.0,9377.0
P005,B9,B,9,sample,A-0294,A-0294-B01,1,0.06858710562414266,117.5,9499.0
P005,B10,B,10,sample,A-0294,A-0294-B01,1,0.022862368541380886,121.0,9247.0
P005,B11,B,11,sample,A-0294,A-0294-B01,1,0.007620789513793629,126.6,9231.0
P005,B12,B,12,sample,A-0294,A-0294-B01,1,0.002540263171264543,118.3,9055.0
P005,B13,B,13,sample,A-0294,A-0294-B01,2,50.0,181.9,17427.0
P005,B14,B,14,sample,A-0294,A-0294-B01,2,16.666666666666668,130.6,12380.0
P005,B15,B,15,sample,A-0294,A-0294-B01,2,5.555555555555555,92.5,10410.0
P005,B16,B,16,sample,A-0294,A-0294-B01,2,1.8518518518518519,77.5,9845.0
P005,B17,B,17,sample,A-0294,A-0294-B01,2,0.6172839506172839,88.9,9023.0
P005,B18,B,18,sample,A-0294,A-0294-B01,2,0.205761316872428,107.0,9364.0
P005,B19,B,19,sample,A-0294,A-0294-B01,2,0.06858710562414266,117.7,9201.0
P005,B20,B,20,sample,A-0294,A-0294-B01,2,0.022862368541380886,119.6,9321.0
P005,B21,B,21,sample,A-0294,A-0294-B01,2,0.007620789513793629,119.7,9121.0
P005,B22,B,22,sample,A-0294,A-0294-B01,2,0.002540263171264543,119.6,9110.0
P005,C3,C,3,sample,A-0333,A-0333-B01,1,50.0,43.0,9811.0
P005,C4,C,4,sample,A-0333,A-0333-B01,1,16.666666666666668,53.8,9738.0
P005,C5,C,5,sample,A-0333,A-0333-B01,1,5.555555555555555,71.6,9493.0
P005,C6,C,6,sample,A-0333,A-0333-B01,1,1.8518518518518519,103.2,9474.0
P005,C7,C,7,sample,A-0333,A-0333-B01,1,0.6172839506172839,113.3,9062.0
P005,C8,C,8,sample,A-0333,A-0333-B01,1,0.205761316872428,121.2,9181.0
P005,C9,C,9,sample,A-0333,A-0333-B01,1,0.06858710562414266,123.0,9318.0
P005,C10,C,10,sample,A-0333,A-0333-B01,1,0.022862368541380886,122.4,9309.0
P005,C11,C,11,sample,A-0333,A-0333-B01,1,0.007620789513793629,119.9,8947.0
P005,C12,C,12,sample,A-0333,A-0333-B01,1,0.002540263171264543,119.7,8857.0
P005,C13,C,13,sample,A-0333,A-0333-B01,2,50.0,43.0,10045.0
P005,C14,C,14,sample,A-0333,A-0333-B01,2,16.666666666666668,54.9,9612.0
P005,C15,C,15,sample,A-0333,A-0333-B01,2,5.555555555555555,73.4,9405.0
P005,C16,C,16,sample,A-0333,A-0333-B01,2,1.8518518518518519,99.0,9553.0
P005,C17,C,17,sample,A-0333,A-0333-B01,2,0.6172839506172839,112.1,9446.0
P005,C18,C,18,sample,A-0333,A-0333-B01,2,0.205761316872428,118.8,9013.0
P005,C19,C,19,sample,A-0333,A-0333-B01,2,0.06858710562414266,124.4,9657.0
P005,C20,C,20,sample,A-0333,A-0333-B01,2,0.022862368541380886,124.7,9394.0
P005,C21,C,21,sample,A-0333,A-0333-B01,2,0.007620789513793629,122.1,9009.0
P005,C22,C,22,sample,A-0333,A-0333-B01,2,0.002540263171264543,123.7,9118.0
P005,D3,D,3,sample,A-0361,A-0361-B01,1,50.0,144.2,15531.0
P005,D4,D,4,sample,A-0361,A-0361-B01,1,16.666666666666668,88.1,12337.0
P005,D5,D,5,sample,A-0361,A-0361-B01,1,5.555555555555555,44.7,10531.0
P005,D6,D,6,sample,A-0361,A-0361-B01,1,1.8518518518518519,55.7,9773.0
P005,D7,D,7,sample,A-0361,A-0361-B01,1,0.6172839506172839,82.3,9417.0
P005,D8,D,8,sample,A-0361,A-0361-B01,1,0.205761316872428,106.4,9399.0
P005,D9,D,9,sample,A-0361,A-0361-B01,1,0.06858710562414266,112.0,9089.0
P005,D10,D,10,sample,A-0361,A-0361-B01,1,0.022862368541380886,120.8,9412.0
P005,D11,D,11,sample,A-0361,A-0361-B01,1,0.007620789513793629,120.5,9466.0
P005,D12,D,12,sample,A-0361,A-0361-B01,1,0.002540263171264543,123.7,9536.0
P005,D13,D,13,sample,A-0361,A-0361-B01,2,50.0,152.9,15649.0
P005,D14,D,14,sample,A-0361,A-0361-B01,2,16.666666666666668,85.7,12136.0
P005,D15,D,15,sample,A-0361,A-0361-B01,2,5.555555555555555,45.9,10678.0
P005,D16,D,16,sample,A-0361,A-0361-B01,2,1.8518518518518519,57.3,9252.0
P005,D17,D,17,sample,A-0361,A-0361-B01,2,0.6172839506172839,85.1,9548.0
P005,D18,D,18,sample,A-0361,A-0361-B01,2,0.205761316872428,103.3,9178.0
P005,D19,D,19,sample,A-0361,A-0361-B01,2,0.06858710562414266,118.7,9789.0
P005,D20,D,20,sample,A-0361,A-0361-B01,2,0.022862368541380886,117.5,9136.0
P005,D21,D,21,sample,A-0361,A-0361-B01,2,0.007620789513793629,124.4,9268.0
P005,D22,D,22,sample,A-0361,A-0361-B01,2,0.002540263171264543,123.1,8918.0
P005,E3,E,3,sample,A-0201,A-0201-B01,1,50.0,187.3,16821.0
P005,E4,E,4,sample,A-0201,A-0201-B01,1,16.666666666666668,129.3,12020.0
P005,E5,E,5,sample,A-0201,A-0201-B01,1,5.555555555555555,103.2,9925.0
P005,E6,E,6,sample,A-0201,A-0201-B01,1,1.8518518518518519,87.6,9507.0
P005,E7,E,7,sample,A-0201,A-0201-B01,1,0.6172839506172839,96.0,9176.0
P005,E8,E,8,sample,A-0201,A-0201-B01,1,0.205761316872428,113.5,9507.0
P005,E9,E,9,sample,A-0201,A-0201-B01,1,0.06858710562414266,119.4,9153.0
P005,E10,E,10,sample,A-0201,A-0201-B01,1,0.022862368541380886,123.3,9613.0
P005,E11,E,11,sample,A-0201,A-0201-B01,1,0.007620789513793629,127.0,9510.0
P005,E12,E,12,sample,A-0201,A-0201-B01,1,0.002540263171264543,126.8,9217.0
P005,E13,E,13,sample,A-0201,A-0201-B01,2,50.0,189.1,17045.0
P005,E14,E,14,sample,A-0201,A-0201-B01,2,16.666666666666668,128.8,11967.0
P005,E15,E,15,sample,A-0201,A-0201-B01,2,5.555555555555555,98.8,10103.0
P005,E16,E,16,sample,A-0201,A-0201-B01,2,1.8518518518518519,86.8,9775.0
P005,E17,E,17,sample,A-0201,A-0201-B01,2,0.6172839506172839,97.4,9304.0
P005,E18,E,18,sample,A-0201,A-0201-B01,2,0.205761316872428,112.3,9518.0
P005,E19,E,19,sample,A-0201,A-0201-B01,2,0.06858710562414266,119.7,9518.0
P005,E20,E,20,sample,A-0201,A-0201-B01,2,0.022862368541380886,127.3,9274.0
P005,E21,E,21,sample,A-0201,A-0201-B01,2,0.007620789513793629,120.7,9117.0
P005,E22,E,22,sample,A-0201,A-0201-B01,2,0.002540263171264543,123.3,9090.0
P005,F3,F,3,sample,A-0395,A-0395-B01,1,50.0,131.4,14957.0
P005,F4,F,4,sample,A-0395,A-0395-B01,1,16.666666666666668,67.9,11433.0
P005,F5,F,5,sample,A-0395,A-0395-B01,1,5.555555555555555,35.5,9753.0
P005,F6,F,6,sample,A-0395,A-0395-B01,1,1.8518518518518519,67.1,9630.0
P005,F7,F,7,sample,A-0395,A-0395-B01,1,0.6172839506172839,87.7,9541.0
P005,F8,F,8,sample,A-0395,A-0395-B01,1,0.205761316872428,106.7,9220.0
P005,F9,F,9,sample,A-0395,A-0395-B01,1,0.06858710562414266,118.9,9191.0
P005,F10,F,10,sample,A-0395,A-0395-B01,1,0.022862368541380886,123.2,9324.0
P005,F11,F,11,sample,A-0395,A-0395-B01,1,0.007620789513793629,120.3,8836.0
P005,F12,F,12,sample,A-0395,A-0395-B01,1,0.002540263171264543,127.6,9229.0
P005,F13,F,13,sample,A-0395,A-0395-B01,2,50.0,142.5,15693.0
P005,F14,F,14,sample,A-0395,A-0395-B01,2,16.666666666666668,69.1,11035.0
P005,F15,F,15,sample,A-0395,A-0395-B01,2,5.555555555555555,38.7,10000.0
P005,F16,F,16,sample,A-0395,A-0395-B01,2,1.8518518518518519,62.8,9936.0
P005,F17,F,17,sample,A-0395,A-0395-B01,2,0.6172839506172839,85.6,9772.0
P005,F18,F,18,sample,A-0395,A-0395-B01,2,0.205761316872428,108.9,9136.0
P005,F19,F,19,sample,A-0395,A-0395-B01,2,0.06858710562414266,118.0,9303.0
P005,F20,F,20,sample,A-0395,A-0395-B01,2,0.022862368541380886,121.0,9547.0
P005,F21,F,21,sample,A-0395,A-0395-B01,2,0.007620789513793629,122.7,9100.0
P005,F22,F,22,sample,A-0395,A-0395-B01,2,0.002540263171264543,114.9,9596.0
P005,G3,G,3,sample,B-0241,B-0241-B01,1,50.0,36.1,10268.0
P005,G4,G,4,sample,B-0241,B-0241-B01,1,16.666666666666668,39.5,9877.0
P005,G5,G,5,sample,B-0241,B-0241-B01,1,5.555555555555555,43.8,9975.0
P005,G6,G,6,sample,B-0241,B-0241-B01,1,1.8518518518518519,57.1,10118.0
P005,G7,G,7,sample,B-0241,B-0241-B01,1,0.6172839506172839,75.7,9427.0
P005,G8,G,8,sample,B-0241,B-0241-B01,1,0.205761316872428,102.3,9379.0
P005,G9,G,9,sample,B-0241,B-0241-B01,1,0.06858710562414266,110.7,9725.0
P005,G10,G,10,sample,B-0241,B-0241-B01,1,0.022862368541380886,121.8,9353.0
P005,G11,G,11,sample,B-0241,B-0241-B01,1,0.007620789513793629,122.7,9278.0
P005,G12,G,12,sample,B-0241,B-0241-B01,1,0.002540263171264543,124.5,9573.0
P005,G13,G,13,sample,B-0241,B-0241-B01,2,50.0,34.3,9764.0
P005,G14,G,14,sample,B-0241,B-0241-B01,2,16.666666666666668,33.3,10015.0
P005,G15,G,15,sample,B-0241,B-0241-B01,2,5.555555555555555,40.1,9776.0
P005,G16,G,16,sample,B-0241,B-0241-B01,2,1.8518518518518519,53.8,9645.0
P005,G17,G,17,sample,B-0241,B-0241-B01,2,0.6172839506172839,77.4,10248.0
P005,G18,G,18,sample,B-0241,B-0241-B01,2,0.205761316872428,98.2,9479.0
P005,G19,G,19,sample,B-0241,B-0241-B01,2,0.06858710562414266,113.0,9365.0
P005,G20,G,20,sample,B-0241,B-0241-B01,2,0.022862368541380886,120.2,9397.0
P005,G21,G,21,sample,B-0241,B-0241-B01,2,0.007620789513793629,119.7,8776.0
P005,G22,G,22,sample,B-0241,B-0241-B01,2,0.002540263171264543,119.6,9466.0
P005,H3,H,3,sample,A-0369,A-0369-B01,1,50.0,132.3,14644.0
P005,H4,H,4,sample,A-0369,A-0369-B01,1,16.666666666666668,49.3,10506.0
P005,H5,H,5,sample,A-0369,A-0369-B01,1,5.555555555555555,55.3,9601.0
P005,H6,H,6,sample,A-0369,A-0369-B01,1,1.8518518518518519,72.8,9438.0
P005,H7,H,7,sample,A-0369,A-0369-B01,1,0.6172839506172839,99.9,9249.0
P005,H8,H,8,sample,A-0369,A-0369-B01,1,0.205761316872428,114.0,8961.0
P005,H9,H,9,sample,A-0369,A-0369-B01,1,0.06858710562414266,122.1,9553.0
P005,H10,H,10,sample,A-0369,A-0369-B01,1,0.022862368541380886,118.9,8897.0
P005,H11,H,11,sample,A-0369,A-0369-B01,1,0.007620789513793629,124.6,8688.0
P005,H12,H,12,sample,A-0369,A-0369-B01,1,0.002540263171264543,121.2,8888.0
P005,H13,H,13,sample,A-0369,A-0369-B01,2,50.0,140.9,15156.0
P005,H14,H,14,sample,A-0369,A-0369-B01,2,16.666666666666668,50.0,10066.0
P005,H15,H,15,sample,A-0369,A-0369-B01,2,5.555555555555555,50.6,9815.0
P005,H16,H,16,sample,A-0369,A-0369-B01,2,1.8518518518518519,73.6,9412.0
P005,H17,H,17,sample,A-0369,A-0369-B01,2,0.6172839506172839,95.0,9542.0
P005,H18,H,18,sample,A-0369,A-0369-B01,2,0.205761316872428,111.6,9316.0
P005,H19,H,19,sample,A-0369,A-0369-B01,2,0.06858710562414266,121.9,9627.0
P005,H20,H,20,sample,A-0369,A-0369-B01,2,0.022862368541380886,124.0,9215.0
P005,H21,H,21,sample,A-0369,A-0369-B01,2,0.007620789513793629,120.6,9282.0
P005,H22,H,22,sample,A-0369,A-0369-B01,2,0.002540263171264543,127.1,9152.0
P005,I3,I,3,sample,A-0389,A-0389-B01,1,50.0,121.5,9219.0
P005,I4,I,4,sample,A-0389,A-0389-B01,1,16.666666666666668,50.6,10263.0
P005,I5,I,5,sample,A-0389,A-0389-B01,1,5.555555555555555,79.8,9662.0
P005,I6,I,6,sample,A-0389,A-0389-B01,1,1.8518518518518519,99.6,9251.0
P005,I7,I,7,sample,A-0389,A-0389-B01,1,0.6172839506172839,115.8,9346.0
P005,I8,I,8,sample,A-0389,A-0389-B01,1,0.205761316872428,122.0,9040.0
P005,I9,I,9,sample,A-0389,A-0389-B01,1,0.06858710562414266,121.0,9340.0
P005,I10,I,10,sample,A-0389,A-0389-B01,1,0.022862368541380886,125.0,9167.0
P005,I11,I,11,sample,A-0389,A-0389-B01,1,0.007620789513793629,124.4,9141.0
P005,I12,I,12,sample,A-0389,A-0389-B01,1,0.002540263171264543,124.3,9103.0
P005,I13,I,13,sample,A-0389,A-0389-B01,2,50.0,44.6,9853.0
P005,I14,I,14,sample,A-0389,A-0389-B01,2,16.666666666666668,54.2,10099.0
P005,I15,I,15,sample,A-0389,A-0389-B01,2,5.555555555555555,81.0,9498.0
P005,I16,I,16,sample,A-0389,A-0389-B01,2,1.8518518518518519,99.1,9746.0
P005,I17,I,17,sample,A-0389,A-0389-B01,2,0.6172839506172839,116.3,9145.0
P005,I18,I,18,sample,A-0389,A-0389-B01,2,0.205761316872428,122.3,9445.0
P005,I19,I,19,sample,A-0389,A-0389-B01,2,0.06858710562414266,124.8,9244.0
P005,I20,I,20,sample,A-0389,A-0389-B01,2,0.022862368541380886,124.8,9436.0
P005,I21,I,21,sample,A-0389,A-0389-B01,2,0.007620789513793629,123.0,8889.0
P005,I22,I,22,sample,A-0389,A-0389-B01,2,0.002540263171264543,129.1,9339.0
P005,J3,J,3,sample,A-0065,A-0065-B01,1,50.0,187.5,17104.0
P005,J4,J,4,sample,A-0065,A-0065-B01,1,16.666666666666668,138.3,11688.0
P005,J5,J,5,sample,A-0065,A-0065-B01,1,5.555555555555555,109.9,10342.0
P005,J6,J,6,sample,A-0065,A-0065-B01,1,1.8518518518518519,96.7,9881.0
P005,J7,J,7,sample,A-0065,A-0065-B01,1,0.6172839506172839,95.5,10013.0
P005,J8,J,8,sample,A-0065,A-0065-B01,1,0.205761316872428,97.7,9450.0
P005,J9,J,9,sample,A-0065,A-0065-B01,1,0.06858710562414266,108.7,9565.0
P005,J10,J,10,sample,A-0065,A-0065-B01,1,0.022862368541380886,117.3,9572.0
P005,J11,J,11,sample,A-0065,A-0065-B01,1,0.007620789513793629,124.8,9208.0
P005,J12,J,12,sample,A-0065,A-0065-B01,1,0.002540263171264543,122.6,9348.0
P005,J13,J,13,sample,A-0065,A-0065-B01,2,50.0,184.6,15997.0
P005,J14,J,14,sample,A-0065,A-0065-B01,2,16.666666666666668,139.9,11631.0
P005,J15,J,15,sample,A-0065,A-0065-B01,2,5.555555555555555,107.4,10338.0
P005,J16,J,16,sample,A-0065,A-0065-B01,2,1.8518518518518519,97.7,9634.0
P005,J17,J,17,sample,A-0065,A-0065-B01,2,0.6172839506172839,95.7,9525.0
P005,J18,J,18,sample,A-0065,A-0065-B01,2,0.205761316872428,125.5,8880.0
P005,J19,J,19,sample,A-0065,A-0065-B01,2,0.06858710562414266,117.9,9219.0
P005,J20,J,20,sample,A-0065,A-0065-B01,2,0.022862368541380886,118.8,9337.0
P005,J21,J,21,sample,A-0065,A-0065-B01,2,0.007620789513793629,123.0,8991.0
P005,J22,J,22,sample,A-0065,A-0065-B01,2,0.002540263171264543,123.0,8951.0
P005,K3,K,3,sample,A-0291,A-0291-B01,1,50.0,146.2,16269.0
P005,K4,K,4,sample,A-0291,A-0291-B01,1,16.666666666666668,64.2,10887.0
P005,K5,K,5,sample,A-0291,A-0291-B01,1,5.555555555555555,55.2,9665.0
P005,K6,K,6,sample,A-0291,A-0291-B01,1,1.8518518518518519,82.7,9654.0
P005,K7,K,7,sample,A-0291,A-0291-B01,1,0.6172839506172839,99.1,9090.0
P005,K8,K,8,sample,A-0291,A-0291-B01,1,0.205761316872428,114.1,9322.0
P005,K9,K,9,sample,A-0291,A-0291-B01,1,0.06858710562414266,119.7,9678.0
P005,K10,K,10,sample,A-0291,A-0291-B01,1,0.022862368541380886,127.1,9692.0
P005,K11,K,11,sample,A-0291,A-0291-B01,1,0.007620789513793629,124.5,10194.0
P005,K12,K,12,sample,A-0291,A-0291-B01,1,0.002540263171264543,126.3,9017.0
P005,K13,K,13,sample,A-0291,A-0291-B01,2,50.0,140.8,15759.0
P005,K14,K,14,sample,A-0291,A-0291-B01,2,16.666666666666668,62.8,11358.0
P005,K15,K,15,sample,A-0291,A-0291-B01,2,5.555555555555555,43.7,10384.0
P005,K16,K,16,sample,A-0291,A-0291-B01,2,1.8518518518518519,79.9,9261.0
P005,K17,K,17,sample,A-0291,A-0291-B01,2,0.6172839506172839,103.4,9713.0
P005,K18,K,18,sample,A-0291,A-0291-B01,2,0.205761316872428,116.9,9535.0
P005,K19,K,19,sample,A-0291,A-0291-B01,2,0.06858710562414266,125.2,9223.0
P005,K20,K,20,sample,A-0291,A-0291-B01,2,0.022862368541380886,124.4,8768.0
P005,K21,K,21,sample,A-0291,A-0291-B01,2,0.007620789513793629,126.2,9059.0
P005,K22,K,22,sample,A-0291,A-0291-B01,2,0.002540263171264543,123.1,9527.0
P005,L3,L,3,sample,A-0047,A-0047-B01,1,50.0,34.8,9797.0
P005,L4,L,4,sample,A-0047,A-0047-B01,1,16.666666666666668,34.7,10069.0
P005,L5,L,5,sample,A-0047,A-0047-B01,1,5.555555555555555,39.9,9649.0
P005,L6,L,6,sample,A-0047,A-0047-B01,1,1.8518518518518519,56.1,10063.0
P005,L7,L,7,sample,A-0047,A-0047-B01,1,0.6172839506172839,75.5,9507.0
P005,L8,L,8,sample,A-0047,A-0047-B01,1,0.205761316872428,102.4,9347.0
P005,L9,L,9,sample,A-0047,A-0047-B01,1,0.06858710562414266,116.4,9511.0
P005,L10,L,10,sample,A-0047,A-0047-B01,1,0.022862368541380886,120.4,9380.0
P005,L11,L,11,sample,A-0047,A-0047-B01,1,0.007620789513793629,121.3,9743.0
P005,L12,L,12,sample,A-0047,A-0047-B01,1,0.002540263171264543,125.4,9238.0
P005,L13,L,13,sample,A-0047,A-0047-B01,2,50.0,35.8,9908.0
P005,L14,L,14,sample,A-0047,A-0047-B01,2,16.666666666666668,34.7,9612.0
P005,L15,L,15,sample,A-0047,A-0047-B01,2,5.555555555555555,39.2,9679.0
P005,L16,L,16,sample,A-0047,A-0047-B01,2,1.8518518518518519,52.9,10192.0
P005,L17,L,17,sample,A-0047,A-0047-B01,2,0.6172839506172839,74.4,9504.0
P005,L18,L,18,sample,A-0047,A-0047-B01,2,0.205761316872428,100.8,9442.0
P005,L19,L,19,sample,A-0047,A-0047-B01,2,0.06858710562414266,115.8,9401.0
P005,L20,L,20,sample,A-0047,A-0047-B01,2,0.022862368541380886,116.8,8918.0
P005,L21,L,21,sample,A-0047,A-0047-B01,2,0.007620789513793629,123.2,9666.0
P005,L22,L,22,sample,A-0047,A-0047-B01,2,0.002540263171264543,124.2,8943.0
P005,M3,M,3,sample,A-0110,A-0110-B01,1,50.0,158.9,16588.0
P005,M4,M,4,sample,A-0110,A-0110-B01,1,16.666666666666668,95.4,11626.0
P005,M5,M,5,sample,A-0110,A-0110-B01,1,5.555555555555555,61.1,10005.0
P005,M6,M,6,sample,A-0110,A-0110-B01,1,1.8518518518518519,55.5,10502.0
P005,M7,M,7,sample,A-0110,A-0110-B01,1,0.6172839506172839,81.1,9742.0
P005,M8,M,8,sample,A-0110,A-0110-B01,1,0.205761316872428,103.4,9250.0
P005,M9,M,9,sample,A-0110,A-0110-B01,1,0.06858710562414266,114.5,9080.0
P005,M10,M,10,sample,A-0110,A-0110-B01,1,0.022862368541380886,121.1,9351.0
P005,M11,M,11,sample,A-0110,A-0110-B01,1,0.007620789513793629,123.4,8849.0
P005,M12,M,12,sample,A-0110,A-0110-B01,1,0.002540263171264543,121.5,8774.0
P005,M13,M,13,sample,A-0110,A-0110-B01,2,50.0,162.3,16164.0
P005,M14,M,14,sample,A-0110,A-0110-B01,2,16.666666666666668,94.4,11905.0
P005,M15,M,15,sample,A-0110,A-0110-B01,2,5.555555555555555,67.5,10398.0
P005,M16,M,16,sample,A-0110,A-0110-B01,2,1.8518518518518519,54.5,10284.0
P005,M17,M,17,sample,A-0110,A-0110-B01,2,0.6172839506172839,79.1,9582.0
P005,M18,M,18,sample,A-0110,A-0110-B01,2,0.205761316872428,105.7,9551.0
P005,M19,M,19,sample,A-0110,A-0110-B01,2,0.06858710562414266,116.7,9303.0
P005,M20,M,20,sample,A-0110,A-0110-B01,2,0.022862368541380886,119.8,9373.0
P005,M21,M,21,sample,A-0110,A-0110-B01,2,0.007620789513793629,125.2,9268.0
P005,M22,M,22,sample,A-0110,A-0110-B01,2,0.002540263171264543,124.5,9346.0
P005,N3,N,3,sample,A-0217,A-0217-B01,1,50.0,37.2,9784.0
P005,N4,N,4,sample,A-0217,A-0217-B01,1,16.666666666666668,38.1,9880.0
P005,N5,N,5,sample,A-0217,A-0217-B01,1,5.555555555555555,54.7,9738.0
P005,N6,N,6,sample,A-0217,A-0217-B01,1,1.8518518518518519,69.3,9489.0
P005,N7,N,7,sample,A-0217,A-0217-B01,1,0.6172839506172839,93.2,9746.0
P005,N8,N,8,sample,A-0217,A-0217-B01,1,0.205761316872428,111.7,9463.0
P005,N9,N,9,sample,A-0217,A-0217-B01,1,0.06858710562414266,109.0,8976.0
P005,N10,N,10,sample,A-0217,A-0217-B01,1,0.022862368541380886,123.1,9049.0
P005,N11,N,11,sample,A-0217,A-0217-B01,1,0.007620789513793629,124.7,9324.0
P005,N12,N,12,sample,A-0217,A-0217-B01,1,0.002540263171264543,118.7,9205.0
P005,N13,N,13,sample,A-0217,A-0217-B01,2,50.0,37.0,10179.0
P005,N14,N,14,sample,A-0217,A-0217-B01,2,16.666666666666668,37.2,10107.0
P005,N15,N,15,sample,A-0217,A-0217-B01,2,5.555555555555555,46.1,10151.0
P005,N16,N,16,sample,A-0217,A-0217-B01,2,1.8518518518518519,67.2,9956.0
P005,N17,N,17,sample,A-0217,A-0217-B01,2,0.6172839506172839,95.2,9453.0
P005,N18,N,18,sample,A-0217,A-0217-B01,2,0.205761316872428,112.7,9317.0
P005,N19,N,19,sample,A-0217,A-0217-B01,2,0.06858710562414266,120.4,9126.0
P005,N20,N,20,sample,A-0217,A-0217-B01,2,0.022862368541380886,118.5,9342.0
P005,N21,N,21,sample,A-0217,A-0217-B01,2,0.007620789513793629,123.2,8915.0
P005,N22,N,22,sample,A-0217,A-0217-B01,2,0.002540263171264543,122.2,9648.0
P005,O3,O,3,sample,A-0219,A-0219-B01,1,50.0,141.8,15611.0
P005,O4,O,4,sample,A-0219,A-0219-B01,1,16.666666666666668,48.9,10102.0
P005,O5,O,5,sample,A-0219,A-0219-B01,1,5.555555555555555,48.5,9762.0
P005,O6,O,6,sample,A-0219,A-0219-B01,1,1.8518518518518519,68.2,9574.0
P005,O7,O,7,sample,A-0219,A-0219-B01,1,0.6172839506172839,96.9,9135.0
P005,O8,O,8,sample,A-0219,A-0219-B01,1,0.205761316872428,115.9,9572.0
P005,O9,O,9,sample,A-0219,A-0219-B01,1,0.06858710562414266,120.9,9337.0
P005,O10,O,10,sample,A-0219,A-0219-B01,1,0.022862368541380886,123.3,9216.0
P005,O11,O,11,sample,A-0219,A-0219-B01,1,0.007620789513793629,126.7,9348.0
P005,O12,O,12,sample,A-0219,A-0219-B01,1,0.002540263171264543,124.6,9568.0
P005,O13,O,13,sample,A-0219,A-0219-B01,2,50.0,136.8,14890.0
P005,O14,O,14,sample,A-0219,A-0219-B01,2,16.666666666666668,57.1,10637.0
P005,O15,O,15,sample,A-0219,A-0219-B01,2,5.555555555555555,49.9,10145.0
P005,O16,O,16,sample,A-0219,A-0219-B01,2,1.8518518518518519,68.9,9618.0
P005,O17,O,17,sample,A-0219,A-0219-B01,2,0.6172839506172839,94.5,9633.0
P005,O18,O,18,sample,A-0219,A-0219-B01,2,0.205761316872428,111.1,9352.0
P005,O19,O,19,sample,A-0219,A-0219-B01,2,0.06858710562414266,117.3,9123.0
P005,O20,O,20,sample,A-0219,A-0219-B01,2,0.022862368541380886,126.1,9268.0
P005,O21,O,21,sample,A-0219,A-0219-B01,2,0.007620789513793629,121.8,9345.0
P005,O22,O,22,sample,A-0219,A-0219-B01,2,0.002540263171264543,124.0,9493.0
P005,P3,P,3,sample,A-0216,A-0216-B01,1,50.0,148.2,16309.0
P005,P4,P,4,sample,A-0216,A-0216-B01,1,16.666666666666668,57.3,11018.0
P005,P5,P,5,sample,A-0216,A-0216-B01,1,5.555555555555555,45.3,10263.0
P005,P6,P,6,sample,A-0216,A-0216-B01,1,1.8518518518518519,54.7,10153.0
P005,P7,P,7,sample,A-0216,A-0216-B01,1,0.6172839506172839,76.8,9794.0
P005,P8,P,8,sample,A-0216,A-0216-B01,1,0.205761316872428,103.7,9350.0
P005,P9,P,9,sample,A-0216,A-0216-B01,1,0.06858710562414266,117.0,9676.0
P005,P10,P,10,sample,A-0216,A-0216-B01,1,0.022862368541380886,124.7,9208.0
P005,P11,P,11,sample,A-0216,A-0216-B01,1,0.007620789513793629,121.8,9129.0
P005,P12,P,12,sample,A-0216,A-0216-B01,1,0.002540263171264543,122.4,9381.0
P005,P13,P,13,sample,A-0216,A-0216-B01,2,50.0,124.4,8981.0
P005,P14,P,14,sample,A-0216,A-0216-B01,2,16.666666666666668,58.1,10870.0
P005,P15,P,15,sample,A-0216,A-0216-B01,2,5.555555555555555,41.5,10154.0
P005,P16,P,16,sample,A-0216,A-0216-B01,2,1.8518518518518519,59.2,10194.0
P005,P17,P,17,sample,A-0216,A-0216-B01,2,0.6172839506172839,80.4,9679.0
P005,P18,P,18,sample,A-0216,A-0216-B01,2,0.205761316872428,103.0,10061.0
P005,P19,P,19,sample,A-0216,A-0216-B01,2,0.06858710562414266,113.8,9328.0
P005,P20,P,20,sample,A-0216,A-0216-B01,2,0.022862368541380886,128.4,9230.0
P005,P21,P,21,sample,A-0216,A-0216-B01,2,0.007620789513793629,125.0,9556.0
P005,P22,P,22,sample,A-0216,A-0216-B01,2,0.002540263171264543,124.1,9559.0
P006,A1,A,1,high_control,,,0,0.0,129.4,9449.0
P006,A2,A,2,low_control,,,0,0.0,32.7,9788.0
P006,A23,A,23,reference,REF-1,REF-1-B01,1,50.0,58.0,9914.0
P006,A24,A,24,reference,REF-1,REF-1-B01,2,50.0,46.8,10031.0
P006,B1,B,1,high_control,,,0,0.0,126.4,9314.0
P006,B2,B,2,low_control,,,0,0.0,51.7,10035.0
P006,B23,B,23,reference,REF-1,REF-1-B01,1,16.666666666666668,38.2,10129.0
P006,B24,B,24,reference,REF-1,REF-1-B01,2,16.666666666666668,43.8,10167.0
P006,C1,C,1,high_control,,,0,0.0,125.8,9450.0
P006,C2,C,2,low_control,,,0,0.0,25.2,9596.0
P006,C23,C,23,reference,REF-1,REF-1-B01,1,5.555555555555555,44.3,10253.0
P006,C24,C,24,reference,REF-1,REF-1-B01,2,5.555555555555555,34.7,10320.0
P006,D1,D,1,high_control,,,0,0.0,132.8,9512.0
P006,D2,D,2,low_control,,,0,0.0,32.5,9977.0
P006,D23,D,23,reference,REF-1,REF-1-B01,1,1.8518518518518519,27.5,9634.0
P006,D24,D,24,reference,REF-1,REF-1-B01,2,1.8518518518518519,35.8,9802.0
P006,E1,E,1,high_control,,,0,0.0,110.4,9182.0
P006,E2,E,2,low_control,,,0,0.0,49.2,9735.0
P006,E23,E,23,reference,REF-1,REF-1-B01,1,0.6172839506172839,60.5,9698.0
P006,E24,E,24,reference,REF-1,REF-1-B01,2,0.6172839506172839,47.9,10375.0
P006,F1,F,1,high_control,,,0,0.0,138.6,9590.0
P006,F2,F,2,low_control,,,0,0.0,23.0,9823.0
P006,F23,F,23,reference,REF-1,REF-1-B01,1,0.205761316872428,70.7,9747.0
P006,F24,F,24,reference,REF-1,REF-1-B01,2,0.205761316872428,84.4,10085.0
P006,G1,G,1,high_control,,,0,0.0,131.4,9598.0
P006,G2,G,2,low_control,,,0,0.0,34.8,10398.0
P006,G23,G,23,reference,REF-1,REF-1-B01,1,0.06858710562414266,87.9,9274.0
P006,G24,G,24,reference,REF-1,REF-1-B01,2,0.06858710562414266,108.4,9487.0
P006,H1,H,1,high_control,,,0,0.0,127.6,9192.0
P006,H2,H,2,low_control,,,0,0.0,45.7,9674.0
P006,H23,H,23,reference,REF-1,REF-1-B01,1,0.022862368541380886,132.9,9042.0
P006,H24,H,24,reference,REF-1,REF-1-B01,2,0.022862368541380886,103.1,9616.0
P006,I1,I,1,high_control,,,0,0.0,123.0,9265.0
P006,I2,I,2,low_control,,,0,0.0,35.7,9844.0
P006,I23,I,23,reference,REF-1,REF-1-B01,1,0.007620789513793629,120.9,9280.0
P006,I24,I,24,reference,REF-1,REF-1-B01,2,0.007620789513793629,124.7,9496.0
P006,J1,J,1,high_control,,,0,0.0,126.1,9494.0
P006,J2,J,2,low_control,,,0,0.0,20.4,10128.0
P006,J23,J,23,reference,REF-1,REF-1-B01,1,0.002540263171264543,145.5,8975.0
P006,J24,J,24,reference,REF-1,REF-1-B01,2,0.002540263171264543,143.3,9304.0
P006,K1,K,1,high_control,,,0,0.0,129.7,9315.0
P006,K2,K,2,low_control,,,0,0.0,44.0,9889.0
P006,K23,K,23,high_control,,,0,0.0,132.9,9215.0
P006,K24,K,24,low_control,,,0,0.0,36.2,10308.0
P006,L1,L,1,high_control,,,0,0.0,144.0,9735.0
P006,L2,L,2,low_control,,,0,0.0,42.4,10387.0
P006,L23,L,23,high_control,,,0,0.0,141.9,9787.0
P006,L24,L,24,low_control,,,0,0.0,34.9,9869.0
P006,M1,M,1,high_control,,,0,0.0,138.9,9193.0
P006,M2,M,2,low_control,,,0,0.0,41.2,9822.0
P006,M23,M,23,high_control,,,0,0.0,140.3,9102.0
P006,M24,M,24,low_control,,,0,0.0,42.6,10298.0
P006,N1,N,1,high_control,,,0,0.0,128.8,9707.0
P006,N2,N,2,low_control,,,0,0.0,54.5,9840.0
P006,N23,N,23,high_control,,,0,0.0,132.2,9094.0
P006,N24,N,24,low_control,,,0,0.0,49.6,10657.0
P006,O1,O,1,high_control,,,0,0.0,126.1,9627.0
P006,O2,O,2,low_control,,,0,0.0,32.6,10133.0
P006,O23,O,23,high_control,,,0,0.0,108.5,8965.0
P006,O24,O,24,low_control,,,0,0.0,49.9,10191.0
P006,P1,P,1,high_control,,,0,0.0,134.0,9452.0
P006,P2,P,2,low_control,,,0,0.0,48.5,10214.0
P006,P23,P,23,high_control,,,0,0.0,118.5,9112.0
P006,P24,P,24,low_control,,,0,0.0,31.3,10302.0
P006,A3,A,3,sample,A-0316,A-0316-B01,1,50.0,197.2,16764.0
P006,A4,A,4,sample,A-0316,A-0316-B01,1,16.666666666666668,139.0,12001.0
P006,A5,A,5,sample,A-0316,A-0316-B01,1,5.555555555555555,122.2,9706.0
P006,A6,A,6,sample,A-0316,A-0316-B01,1,1.8518518518518519,109.7,9655.0
P006,A7,A,7,sample,A-0316,A-0316-B01,1,0.6172839506172839,100.6,9690.0
P006,A8,A,8,sample,A-0316,A-0316-B01,1,0.205761316872428,111.9,9679.0
P006,A9,A,9,sample,A-0316,A-0316-B01,1,0.06858710562414266,123.9,9576.0
P006,A10,A,10,sample,A-0316,A-0316-B01,1,0.022862368541380886,138.7,9676.0
P006,A11,A,11,sample,A-0316,A-0316-B01,1,0.007620789513793629,134.7,9227.0
P006,A12,A,12,sample,A-0316,A-0316-B01,1,0.002540263171264543,128.1,9412.0
P006,A13,A,13,sample,A-0316,A-0316-B01,2,50.0,203.3,16945.0
P006,A14,A,14,sample,A-0316,A-0316-B01,2,16.666666666666668,141.6,11635.0
P006,A15,A,15,sample,A-0316,A-0316-B01,2,5.555555555555555,125.1,10750.0
P006,A16,A,16,sample,A-0316,A-0316-B01,2,1.8518518518518519,123.7,9741.0
P006,A17,A,17,sample,A-0316,A-0316-B01,2,0.6172839506172839,110.7,9688.0
P006,A18,A,18,sample,A-0316,A-0316-B01,2,0.205761316872428,111.9,9644.0
P006,A19,A,19,sample,A-0316,A-0316-B01,2,0.06858710562414266,108.0,9570.0
P006,A20,A,20,sample,A-0316,A-0316-B01,2,0.022862368541380886,131.4,9621.0
P006,A21,A,21,sample,A-0316,A-0316-B01,2,0.007620789513793629,124.7,9546.0
P006,A22,A,22,sample,A-0316,A-0316-B01,2,0.002540263171264543,124.4,9569.0
P006,B3,B,3,sample,A-0392,A-0392-B01,1,50.0,194.2,15256.0
P006,B4,B,4,sample,A-0392,A-0392-B01,1,16.666666666666668,152.7,11617.0
P006,B5,B,5,sample,A-0392,A-0392-B01,1,5.555555555555555,125.1,9890.0
P006,B6,B,6,sample,A-0392,A-0392-B01,1,1.8518518518518519,113.3,9399.0
P006,B7,B,7,sample,A-0392,A-0392-B01,1,0.6172839506172839,103.7,9229.0
P006,B8,B,8,sample,A-0392,A-0392-B01,1,0.205761316872428,104.0,9296.0
P006,B9,B,9,sample,A-0392,A-0392-B01,1,0.06858710562414266,128.6,9367.0
P006,B10,B,10,sample,A-0392,A-0392-B01,1,0.022862368541380886,122.1,9133.0
P006,B11,B,11,sample,A-0392,A-0392-B01,1,0.007620789513793629,130.2,9526.0
P006,B12,B,12,sample,A-0392,A-0392-B01,1,0.002540263171264543,141.0,9080.0
P006,B13,B,13,sample,A-0392,A-0392-B01,2,50.0,200.1,15549.0
P006,B14,B,14,sample,A-0392,A-0392-B01,2,16.666666666666668,134.4,11495.0
P006,B15,B,15,sample,A-0392,A-0392-B01,2,5.555555555555555,110.8,10028.0
P006,B16,B,16,sample,A-0392,A-0392-B01,2,1.8518518518518519,95.3,9612.0
P006,B17,B,17,sample,A-0392,A-0392-B01,2,0.6172839506172839,96.9,9477.0
P006,B18,B,18,sample,A-0392,A-0392-B01,2,0.205761316872428,107.6,9957.0
P006,B19,B,19,sample,A-0392,A-0392-B01,2,0.06858710562414266,100.7,9202.0
P006,B20,B,20,sample,A-0392,A-0392-B01,2,0.022862368541380886,121.9,9499.0
P006,B21,B,21,sample,A-0392,A-0392-B01,2,0.007620789513793629,130.5,9400.0
P006,B22,B,22,sample,A-0392,A-0392-B01,2,0.002540263171264543,124.1,9112.0
P006,C3,C,3,sample,A-0099,A-0099-B01,1,50.0,102.9,12843.0
P006,C4,C,4,sample,A-0099,A-0099-B01,1,16.666666666666668,43.7,10105.0
P006,C5,C,5,sample,A-0099,A-0099-B01,1,5.555555555555555,36.5,9672.0
P006,C6,C,6,sample,A-0099,A-0099-B01,1,1.8518518518518519,77.5,10138.0
P006,C7,C,7,sample,A-0099,A-0099-B01,1,0.6172839506172839,121.8,9272.0
P006,C8,C,8,sample,A-0099,A-0099-B01,1,0.205761316872428,114.3,9453.0
P006,C9,C,9,sample,A-0099,A-0099-B01,1,0.06858710562414266,119.6,9438.0
P006,C10,C,10,sample,A-0099,A-0099-B01,1,0.022862368541380886,132.1,9212.0
P006,C11,C,11,sample,A-0099,A-0099-B01,1,0.007620789513793629,122.4,9306.0
P006,C12,C,12,sample,A-0099,A-0099-B01,1,0.002540263171264543,113.6,8829.0
P006,C13,C,13,sample,A-0099,A-0099-B01,2,50.0,105.7,13287.0
P006,C14,C,14,sample,A-0099,A-0099-B01,2,16.666666666666668,44.4,9800.0
P006,C15,C,15,sample,A-0099,A-0099-B01,2,5.555555555555555,48.7,9719.0
P006,C16,C,16,sample,A-0099,A-0099-B01,2,1.8518518518518519,102.1,9354.0
P006,C17,C,17,sample,A-0099,A-0099-B01,2,0.6172839506172839,80.1,9374.0
P006,C18,C,18,sample,A-0099,A-0099-B01,2,0.205761316872428,118.3,9156.0
P006,C19,C,19,sample,A-0099,A-0099-B01,2,0.06858710562414266,145.9,9376.0
P006,C20,C,20,sample,A-0099,A-0099-B01,2,0.022862368541380886,128.8,9096.0
P006,C21,C,21,sample,A-0099,A-0099-B01,2,0.007620789513793629,130.5,9139.0
P006,C22,C,22,sample,A-0099,A-0099-B01,2,0.002540263171264543,133.5,9384.0
P006,D3,D,3,sample,B-0312,B-0312-B01,1,50.0,43.5,10125.0
P006,D4,D,4,sample,B-0312,B-0312-B01,1,16.666666666666668,42.6,10139.0
P006,D5,D,5,sample,B-0312,B-0312-B01,1,5.555555555555555,41.1,9761.0
P006,D6,D,6,sample,B-0312,B-0312-B01,1,1.8518518518518519,61.4,10131.0
P006,D7,D,7,sample,B-0312,B-0312-B01,1,0.6172839506172839,53.4,9699.0
P006,D8,D,8,sample,B-0312,B-0312-B01,1,0.205761316872428,101.4,9462.0
P006,D9,D,9,sample,B-0312,B-0312-B01,1,0.06858710562414266,113.1,9512.0
P006,D10,D,10,sample,B-0312,B-0312-B01,1,0.022862368541380886,111.9,9392.0
P006,D11,D,11,sample,B-0312,B-0312-B01,1,0.007620789513793629,129.6,9479.0
P006,D12,D,12,sample,B-0312,B-0312-B01,1,0.002540263171264543,147.3,9161.0
P006,D13,D,13,sample,B-0312,B-0312-B01,2,50.0,46.1,10284.0
P006,D14,D,14,sample,B-0312,B-0312-B01,2,16.666666666666668,27.5,9881.0
P006,D15,D,15,sample,B-0312,B-0312-B01,2,5.555555555555555,42.0,9859.0
P006,D16,D,16,sample,B-0312,B-0312-B01,2,1.8518518518518519,26.0,10127.0
P006,D17,D,17,sample,B-0312,B-0312-B01,2,0.6172839506172839,81.6,9824.0
P006,D18,D,18,sample,B-0312,B-0312-B01,2,0.205761316872428,97.8,9344.0
P006,D19,D,19,sample,B-0312,B-0312-B01,2,0.06858710562414266,102.4,9574.0
P006,D20,D,20,sample,B-0312,B-0312-B01,2,0.022862368541380886,121.3,9148.0
P006,D21,D,21,sample,B-0312,B-0312-B01,2,0.007620789513793629,105.3,9691.0
P006,D22,D,22,sample,B-0312,B-0312-B01,2,0.002540263171264543,113.6,9402.0
P006,E3,E,3,sample,A-0177,A-0177-B01,1,50.0,140.5,15702.0
P006,E4,E,4,sample,A-0177,A-0177-B01,1,16.666666666666668,46.1,10682.0
P006,E5,E,5,sample,A-0177,A-0177-B01,1,5.555555555555555,78.2,9681.0
P006,E6,E,6,sample,A-0177,A-0177-B01,1,1.8518518518518519,89.1,9124.0
P006,E7,E,7,sample,A-0177,A-0177-B01,1,0.6172839506172839,113.2,9636.0
P006,E8,E,8,sample,A-0177,A-0177-B01,1,0.205761316872428,138.1,9132.0
P006,E9,E,9,sample,A-0177,A-0177-B01,1,0.06858710562414266,130.0,9228.0
P006,E10,E,10,sample,A-0177,A-0177-B01,1,0.022862368541380886,140.3,9169.0
P006,E11,E,11,sample,A-0177,A-0177-B01,1,0.007620789513793629,134.0,9610.0
P006,E12,E,12,sample,A-0177,A-0177-B01,1,0.002540263171264543,136.5,9259.0
P006,E13,E,13,sample,A-0177,A-0177-B01,2,50.0,142.5,14549.0
P006,E14,E,14,sample,A-0177,A-0177-B01,2,16.666666666666668,47.8,10728.0
P006,E15,E,15,sample,A-0177,A-0177-B01,2,5.555555555555555,53.6,9337.0
P006,E16,E,16,sample,A-0177,A-0177-B01,2,1.8518518518518519,106.1,9501.0
P006,E17,E,17,sample,A-0177,A-0177-B01,2,0.6172839506172839,118.9,9700.0
P006,E18,E,18,sample,A-0177,A-0177-B01,2,0.205761316872428,129.4,9279.0
P006,E19,E,19,sample,A-0177,A-0177-B01,2,0.06858710562414266,112.7,9410.0
P006,E20,E,20,sample,A-0177,A-0177-B01,2,0.022862368541380886,117.4,8936.0
P006,E21,E,21,sample,A-0177,A-0177-B01,2,0.007620789513793629,140.6,9382.0
P006,E22,E,22,sample,A-0177,A-0177-B01,2,0.002540263171264543,129.1,9181.0
P006,F3,F,3,sample,A-0357,A-0357-B01,1,50.0,108.1,11934.0
P006,F4,F,4,sample,A-0357,A-0357-B01,1,16.666666666666668,41.4,9596.0
P006,F5,F,5,sample,A-0357,A-0357-B01,1,5.555555555555555,62.7,9700.0
P006,F6,F,6,sample,A-0357,A-0357-B01,1,1.8518518518518519,92.8,9647.0
P006,F7,F,7,sample,A-0357,A-0357-B01,1,0.6172839506172839,95.1,9686.0
P006,F8,F,8,sample,A-0357,A-0357-B01,1,0.205761316872428,123.1,9194.0
P006,F9,F,9,sample,A-0357,A-0357-B01,1,0.06858710562414266,117.8,9292.0
P006,F10,F,10,sample,A-0357,A-0357-B01,1,0.022862368541380886,141.0,9618.0
P006,F11,F,11,sample,A-0357,A-0357-B01,1,0.007620789513793629,119.5,9131.0
P006,F12,F,12,sample,A-0357,A-0357-B01,1,0.002540263171264543,134.2,9184.0
P006,F13,F,13,sample,A-0357,A-0357-B01,2,50.0,73.7,11987.0
P006,F14,F,14,sample,A-0357,A-0357-B01,2,16.666666666666668,49.8,9894.0
P006,F15,F,15,sample,A-0357,A-0357-B01,2,5.555555555555555,52.4,9838.0
P006,F16,F,16,sample,A-0357,A-0357-B01,2,1.8518518518518519,84.3,9380.0
P006,F17,F,17,sample,A-0357,A-0357-B01,2,0.6172839506172839,114.8,9315.0
P006,F18,F,18,sample,A-0357,A-0357-B01,2,0.205761316872428,126.2,9239.0
P006,F19,F,19,sample,A-0357,A-0357-B01,2,0.06858710562414266,138.2,9118.0
P006,F20,F,20,sample,A-0357,A-0357-B01,2,0.022862368541380886,128.0,9508.0
P006,F21,F,21,sample,A-0357,A-0357-B01,2,0.007620789513793629,132.2,9301.0
P006,F22,F,22,sample,A-0357,A-0357-B01,2,0.002540263171264543,129.1,9074.0
P006,G3,G,3,sample,B-0332,B-0332-B01,1,50.0,54.9,9881.0
P006,G4,G,4,sample,B-0332,B-0332-B01,1,16.666666666666668,33.5,9797.0
P006,G5,G,5,sample,B-0332,B-0332-B01,1,5.555555555555555,38.5,9712.0
P006,G6,G,6,sample,B-0332,B-0332-B01,1,1.8518518518518519,61.5,9878.0
P006,G7,G,7,sample,B-0332,B-0332-B01,1,0.6172839506172839,55.7,9710.0
P006,G8,G,8,sample,B-0332,B-0332-B01,1,0.205761316872428,91.8,9816.0
P006,G9,G,9,sample,B-0332,B-0332-B01,1,0.06858710562414266,101.3,9579.0
P006,G10,G,10,sample,B-0332,B-0332-B01,1,0.022862368541380886,112.2,9418.0
P006,G11,G,11,sample,B-0332,B-0332-B01,1,0.007620789513793629,124.8,8982.0
P006,G12,G,12,sample,B-0332,B-0332-B01,1,0.002540263171264543,138.3,9135.0
P006,G13,G,13,sample,B-0332,B-0332-B01,2,50.0,40.4,9755.0
P006,G14,G,14,sample,B-0332,B-0332-B01,2,16.666666666666668,36.6,9615.0
P006,G15,G,15,sample,B-0332,B-0332-B01,2,5.555555555555555,46.6,10017.0
P006,G16,G,16,sample,B-0332,B-0332-B01,2,1.8518518518518519,37.8,9915.0
P006,G17,G,17,sample,B-0332,B-0332-B01,2,0.6172839506172839,66.3,9642.0
P006,G18,G,18,sample,B-0332,B-0332-B01,2,0.205761316872428,88.6,9728.0
P006,G19,G,19,sample,B-0332,B-0332-B01,2,0.06858710562414266,103.8,9075.0
P006,G20,G,20,sample,B-0332,B-0332-B01,2,0.022862368541380886,101.3,9727.0
P006,G21,G,21,sample,B-0332,B-0332-B01,2,0.007620789513793629,119.9,9101.0
P006,G22,G,22,sample,B-0332,B-0332-B01,2,0.002540263171264543,122.2,9728.0
P006,H3,H,3,sample,B-0129,B-0129-B01,1,50.0,33.3,10211.0
P006,H4,H,4,sample,B-0129,B-0129-B01,1,16.666666666666668,45.7,9835.0
P006,H5,H,5,sample,B-0129,B-0129-B01,1,5.555555555555555,50.5,10162.0
P006,H6,H,6,sample,B-0129,B-0129-B01,1,1.8518518518518519,46.1,9845.0
P006,H7,H,7,sample,B-0129,B-0129-B01,1,0.6172839506172839,77.0,9800.0
P006,H8,H,8,sample,B-0129,B-0129-B01,1,0.205761316872428,99.8,9190.0
P006,H9,H,9,sample,B-0129,B-0129-B01,1,0.06858710562414266,126.3,9278.0
P006,H10,H,10,sample,B-0129,B-0129-B01,1,0.022862368541380886,130.6,9113.0
P006,H11,H,11,sample,B-0129,B-0129-B01,1,0.007620789513793629,149.9,9062.0
P006,H12,H,12,sample,B-0129,B-0129-B01,1,0.002540263171264543,128.6,9214.0
P006,H13,H,13,sample,B-0129,B-0129-B01,2,50.0,51.7,10359.0
P006,H14,H,14,sample,B-0129,B-0129-B01,2,16.666666666666668,43.5,10401.0
P006,H15,H,15,sample,B-0129,B-0129-B01,2,5.555555555555555,42.2,9717.0
P006,H16,H,16,sample,B-0129,B-0129-B01,2,1.8518518518518519,67.4,9602.0
P006,H17,H,17,sample,B-0129,B-0129-B01,2,0.6172839506172839,98.3,9479.0
P006,H18,H,18,sample,B-0129,B-0129-B01,2,0.205761316872428,112.5,9412.0
P006,H19,H,19,sample,B-0129,B-0129-B01,2,0.06858710562414266,124.4,9525.0
P006,H20,H,20,sample,B-0129,B-0129-B01,2,0.022862368541380886,116.4,9194.0
P006,H21,H,21,sample,B-0129,B-0129-B01,2,0.007620789513793629,141.6,9050.0
P006,H22,H,22,sample,B-0129,B-0129-B01,2,0.002540263171264543,125.6,9228.0
P006,I3,I,3,sample,A-0268,A-0268-B01,1,50.0,125.2,9002.0
P006,I4,I,4,sample,A-0268,A-0268-B01,1,16.666666666666668,35.3,58477.0
P006,I5,I,5,sample,A-0268,A-0268-B01,1,5.555555555555555,52.3,25419.0
P006,I6,I,6,sample,A-0268,A-0268-B01,1,1.8518518518518519,80.1,14707.0
P006,I7,I,7,sample,A-0268,A-0268-B01,1,0.6172839506172839,103.9,11225.0
P006,I8,I,8,sample,A-0268,A-0268-B01,1,0.205761316872428,110.7,9952.0
P006,I9,I,9,sample,A-0268,A-0268-B01,1,0.06858710562414266,137.4,9184.0
P006,I10,I,10,sample,A-0268,A-0268-B01,1,0.022862368541380886,121.3,9350.0
P006,I11,I,11,sample,A-0268,A-0268-B01,1,0.007620789513793629,123.4,9361.0
P006,I12,I,12,sample,A-0268,A-0268-B01,1,0.002540263171264543,124.6,9177.0
P006,I13,I,13,sample,A-0268,A-0268-B01,2,50.0,51.4,62993.0
P006,I14,I,14,sample,A-0268,A-0268-B01,2,16.666666666666668,36.2,56380.0
P006,I15,I,15,sample,A-0268,A-0268-B01,2,5.555555555555555,63.4,24798.0
P006,I16,I,16,sample,A-0268,A-0268-B01,2,1.8518518518518519,81.5,15162.0
P006,I17,I,17,sample,A-0268,A-0268-B01,2,0.6172839506172839,135.5,8893.0
P006,I18,I,18,sample,A-0268,A-0268-B01,2,0.205761316872428,109.3,9523.0
P006,I19,I,19,sample,A-0268,A-0268-B01,2,0.06858710562414266,126.3,9316.0
P006,I20,I,20,sample,A-0268,A-0268-B01,2,0.022862368541380886,127.3,9478.0
P006,I21,I,21,sample,A-0268,A-0268-B01,2,0.007620789513793629,123.4,9665.0
P006,I22,I,22,sample,A-0268,A-0268-B01,2,0.002540263171264543,133.6,9033.0
P006,J3,J,3,sample,A-0060,A-0060-B01,1,50.0,40.2,10337.0
P006,J4,J,4,sample,A-0060,A-0060-B01,1,16.666666666666668,53.8,9899.0
P006,J5,J,5,sample,A-0060,A-0060-B01,1,5.555555555555555,46.7,9501.0
P006,J6,J,6,sample,A-0060,A-0060-B01,1,1.8518518518518519,47.2,9567.0
P006,J7,J,7,sample,A-0060,A-0060-B01,1,0.6172839506172839,100.5,9968.0
P006,J8,J,8,sample,A-0060,A-0060-B01,1,0.205761316872428,102.2,9347.0
P006,J9,J,9,sample,A-0060,A-0060-B01,1,0.06858710562414266,127.6,9127.0
P006,J10,J,10,sample,A-0060,A-0060-B01,1,0.022862368541380886,119.2,9289.0
P006,J11,J,11,sample,A-0060,A-0060-B01,1,0.007620789513793629,106.6,9610.0
P006,J12,J,12,sample,A-0060,A-0060-B01,1,0.002540263171264543,149.5,8937.0
P006,J13,J,13,sample,A-0060,A-0060-B01,2,50.0,48.0,10283.0
P006,J14,J,14,sample,A-0060,A-0060-B01,2,16.666666666666668,43.2,10028.0
P006,J15,J,15,sample,A-0060,A-0060-B01,2,5.555555555555555,46.7,9832.0
P006,J16,J,16,sample,A-0060,A-0060-B01,2,1.8518518518518519,72.8,9701.0
P006,J17,J,17,sample,A-0060,A-0060-B01,2,0.6172839506172839,105.6,9249.0
P006,J18,J,18,sample,A-0060,A-0060-B01,2,0.205761316872428,130.4,9888.0
P006,J19,J,19,sample,A-0060,A-0060-B01,2,0.06858710562414266,124.2,9688.0
P006,J20,J,20,sample,A-0060,A-0060-B01,2,0.022862368541380886,125.7,8776.0
P006,J21,J,21,sample,A-0060,A-0060-B01,2,0.007620789513793629,133.9,9344.0
P006,J22,J,22,sample,A-0060,A-0060-B01,2,0.002540263171264543,126.7,9811.0
P006,K3,K,3,sample,A-0384,A-0384-B01,1,50.0,175.6,16690.0
P006,K4,K,4,sample,A-0384,A-0384-B01,1,16.666666666666668,125.8,11706.0
P006,K5,K,5,sample,A-0384,A-0384-B01,1,5.555555555555555,78.1,10545.0
P006,K6,K,6,sample,A-0384,A-0384-B01,1,1.8518518518518519,69.2,9928.0
P006,K7,K,7,sample,A-0384,A-0384-B01,1,0.6172839506172839,91.6,9401.0
P006,K8,K,8,sample,A-0384,A-0384-B01,1,0.205761316872428,114.3,9838.0
P006,K9,K,9,sample,A-0384,A-0384-B01,1,0.06858710562414266,134.5,9166.0
P006,K10,K,10,sample,A-0384,A-0384-B01,1,0.022862368541380886,115.4,9377.0
P006,K11,K,11,sample,A-0384,A-0384-B01,1,0.007620789513793629,121.1,9039.0
P006,K12,K,12,sample,A-0384,A-0384-B01,1,0.002540263171264543,135.2,9323.0
P006,K13,K,13,sample,A-0384,A-0384-B01,2,50.0,153.9,16437.0
P006,K14,K,14,sample,A-0384,A-0384-B01,2,16.666666666666668,116.8,12102.0
P006,K15,K,15,sample,A-0384,A-0384-B01,2,5.555555555555555,85.3,10131.0
P006,K16,K,16,sample,A-0384,A-0384-B01,2,1.8518518518518519,66.4,9983.0
P006,K17,K,17,sample,A-0384,A-0384-B01,2,0.6172839506172839,82.4,9702.0
P006,K18,K,18,sample,A-0384,A-0384-B01,2,0.205761316872428,113.8,9397.0
P006,K19,K,19,sample,A-0384,A-0384-B01,2,0.06858710562414266,106.3,9637.0
P006,K20,K,20,sample,A-0384,A-0384-B01,2,0.022862368541380886,129.5,9329.0
P006,K21,K,21,sample,A-0384,A-0384-B01,2,0.007620789513793629,138.2,9046.0
P006,K22,K,22,sample,A-0384,A-0384-B01,2,0.002540263171264543,119.0,9463.0
P006,L3,L,3,sample,B-0122,B-0122-B01,1,50.0,39.9,10330.0
P006,L4,L,4,sample,B-0122,B-0122-B01,1,16.666666666666668,34.4,9751.0
P006,L5,L,5,sample,B-0122,B-0122-B01,1,5.555555555555555,45.6,10153.0
P006,L6,L,6,sample,B-0122,B-0122-B01,1,1.8518518518518519,66.4,9261.0
P006,L7,L,7,sample,B-0122,B-0122-B01,1,0.6172839506172839,87.8,9934.0
P006,L8,L,8,sample,B-0122,B-0122-B01,1,0.205761316872428,101.4,9346.0
P006,L9,L,9,sample,B-0122,B-0122-B01,1,0.06858710562414266,118.6,9104.0
P006,L10,L,10,sample,B-0122,B-0122-B01,1,0.022862368541380886,128.3,9240.0
P006,L11,L,11,sample,B-0122,B-0122-B01,1,0.007620789513793629,131.0,9198.0
P006,L12,L,12,sample,B-0122,B-0122-B01,1,0.002540263171264543,127.7,9146.0
P006,L13,L,13,sample,B-0122,B-0122-B01,2,50.0,50.5,10350.0
P006,L14,L,14,sample,B-0122,B-0122-B01,2,16.666666666666668,42.9,9845.0
P006,L15,L,15,sample,B-0122,B-0122-B01,2,5.555555555555555,37.3,9499.0
P006,L16,L,16,sample,B-0122,B-0122-B01,2,1.8518518518518519,68.5,10566.0
P006,L17,L,17,sample,B-0122,B-0122-B01,2,0.6172839506172839,81.6,9582.0
P006,L18,L,18,sample,B-0122,B-0122-B01,2,0.205761316872428,132.0,9521.0
P006,L19,L,19,sample,B-0122,B-0122-B01,2,0.06858710562414266,112.2,9497.0
P006,L20,L,20,sample,B-0122,B-0122-B01,2,0.022862368541380886,135.7,9292.0
P006,L21,L,21,sample,B-0122,B-0122-B01,2,0.007620789513793629,136.3,9218.0
P006,L22,L,22,sample,B-0122,B-0122-B01,2,0.002540263171264543,116.0,9186.0
P006,M3,M,3,sample,B-0182,B-0182-B01,1,50.0,150.2,9539.0
P006,M4,M,4,sample,B-0182,B-0182-B01,1,16.666666666666668,58.9,10147.0
P006,M5,M,5,sample,B-0182,B-0182-B01,1,5.555555555555555,65.9,9778.0
P006,M6,M,6,sample,B-0182,B-0182-B01,1,1.8518518518518519,81.1,9200.0
P006,M7,M,7,sample,B-0182,B-0182-B01,1,0.6172839506172839,111.6,9077.0
P006,M8,M,8,sample,B-0182,B-0182-B01,1,0.205761316872428,117.6,9289.0
P006,M9,M,9,sample,B-0182,B-0182-B01,1,0.06858710562414266,141.3,8983.0
P006,M10,M,10,sample,B-0182,B-0182-B01,1,0.022862368541380886,132.3,9154.0
P006,M11,M,11,sample,B-0182,B-0182-B01,1,0.007620789513793629,123.6,8959.0
P006,M12,M,12,sample,B-0182,B-0182-B01,1,0.002540263171264543,134.5,9146.0
P006,M13,M,13,sample,B-0182,B-0182-B01,2,50.0,53.5,10275.0
P006,M14,M,14,sample,B-0182,B-0182-B01,2,16.666666666666668,40.4,9814.0
P006,M15,M,15,sample,B-0182,B-0182-B01,2,5.555555555555555,57.1,9369.0
P006,M16,M,16,sample,B-0182,B-0182-B01,2,1.8518518518518519,93.8,9167.0
P006,M17,M,17,sample,B-0182,B-0182-B01,2,0.6172839506172839,103.9,9664.0
P006,M18,M,18,sample,B-0182,B-0182-B01,2,0.205761316872428,130.1,9648.0
P006,M19,M,19,sample,B-0182,B-0182-B01,2,0.06858710562414266,125.4,9035.0
P006,M20,M,20,sample,B-0182,B-0182-B01,2,0.022862368541380886,116.1,9290.0
P006,M21,M,21,sample,B-0182,B-0182-B01,2,0.007620789513793629,132.3,9280.0
P006,M22,M,22,sample,B-0182,B-0182-B01,2,0.002540263171264543,118.8,9428.0
P006,N3,N,3,sample,B-0174,B-0174-B01,1,50.0,23.3,10001.0
P006,N4,N,4,sample,B-0174,B-0174-B01,1,16.666666666666668,60.8,9686.0
P006,N5,N,5,sample,B-0174,B-0174-B01,1,5.555555555555555,52.1,10115.0
P006,N6,N,6,sample,B-0174,B-0174-B01,1,1.8518518518518519,72.5,9884.0
P006,N7,N,7,sample,B-0174,B-0174-B01,1,0.6172839506172839,85.3,9485.0
P006,N8,N,8,sample,B-0174,B-0174-B01,1,0.205761316872428,108.4,9503.0
P006,N9,N,9,sample,B-0174,B-0174-B01,1,0.06858710562414266,107.7,9415.0
P006,N10,N,10,sample,B-0174,B-0174-B01,1,0.022862368541380886,133.9,9135.0
P006,N11,N,11,sample,B-0174,B-0174-B01,1,0.007620789513793629,126.7,9539.0
P006,N12,N,12,sample,B-0174,B-0174-B01,1,0.002540263171264543,120.0,9095.0
P006,N13,N,13,sample,B-0174,B-0174-B01,2,50.0,39.8,9811.0
P006,N14,N,14,sample,B-0174,B-0174-B01,2,16.666666666666668,38.2,10071.0
P006,N15,N,15,sample,B-0174,B-0174-B01,2,5.555555555555555,61.6,9908.0
P006,N16,N,16,sample,B-0174,B-0174-B01,2,1.8518518518518519,52.5,9636.0
P006,N17,N,17,sample,B-0174,B-0174-B01,2,0.6172839506172839,96.9,9411.0
P006,N18,N,18,sample,B-0174,B-0174-B01,2,0.205761316872428,103.0,9677.0
P006,N19,N,19,sample,B-0174,B-0174-B01,2,0.06858710562414266,123.4,8986.0
P006,N20,N,20,sample,B-0174,B-0174-B01,2,0.022862368541380886,141.3,9192.0
P006,N21,N,21,sample,B-0174,B-0174-B01,2,0.007620789513793629,128.3,9094.0
P006,N22,N,22,sample,B-0174,B-0174-B01,2,0.002540263171264543,129.9,8989.0
P006,O3,O,3,sample,A-0130,A-0130-B01,1,50.0,162.4,16099.0
P006,O4,O,4,sample,A-0130,A-0130-B01,1,16.666666666666668,98.1,11796.0
P006,O5,O,5,sample,A-0130,A-0130-B01,1,5.555555555555555,62.8,10313.0
P006,O6,O,6,sample,A-0130,A-0130-B01,1,1.8518518518518519,63.3,10222.0
P006,O7,O,7,sample,A-0130,A-0130-B01,1,0.6172839506172839,86.9,9666.0
P006,O8,O,8,sample,A-0130,A-0130-B01,1,0.205761316872428,115.7,9546.0
P006,O9,O,9,sample,A-0130,A-0130-B01,1,0.06858710562414266,119.7,9114.0
P006,O10,O,10,sample,A-0130,A-0130-B01,1,0.022862368541380886,125.1,9004.0
P006,O11,O,11,sample,A-0130,A-0130-B01,1,0.007620789513793629,134.0,9800.0
P006,O12,O,12,sample,A-0130,A-0130-B01,1,0.002540263171264543,131.1,9100.0
P006,O13,O,13,sample,A-0130,A-0130-B01,2,50.0,146.0,9105.0
P006,O14,O,14,sample,A-0130,A-0130-B01,2,16.666666666666668,109.3,11192.0
P006,O15,O,15,sample,A-0130,A-0130-B01,2,5.555555555555555,81.0,10273.0
P006,O16,O,16,sample,A-0130,A-0130-B01,2,1.8518518518518519,72.2,9973.0
P006,O17,O,17,sample,A-0130,A-0130-B01,2,0.6172839506172839,103.0,9721.0
P006,O18,O,18,sample,A-0130,A-0130-B01,2,0.205761316872428,106.1,9600.0
P006,O19,O,19,sample,A-0130,A-0130-B01,2,0.06858710562414266,131.6,9280.0
P006,O20,O,20,sample,A-0130,A-0130-B01,2,0.022862368541380886,131.8,9122.0
P006,O21,O,21,sample,A-0130,A-0130-B01,2,0.007620789513793629,130.3,9451.0
P006,O22,O,22,sample,A-0130,A-0130-B01,2,0.002540263171264543,121.1,9172.0
P006,P3,P,3,sample,A-0010,A-0010-B01,1,50.0,51.6,10196.0
P006,P4,P,4,sample,A-0010,A-0010-B01,1,16.666666666666668,75.6,9952.0
P006,P5,P,5,sample,A-0010,A-0010-B01,1,5.555555555555555,81.8,9645.0
P006,P6,P,6,sample,A-0010,A-0010-B01,1,1.8518518518518519,124.9,9777.0
P006,P7,P,7,sample,A-0010,A-0010-B01,1,0.6172839506172839,113.7,9512.0
P006,P8,P,8,sample,A-0010,A-0010-B01,1,0.205761316872428,109.9,9477.0
P006,P9,P,9,sample,A-0010,A-0010-B01,1,0.06858710562414266,125.6,9308.0
P006,P10,P,10,sample,A-0010,A-0010-B01,1,0.022862368541380886,141.2,9585.0
P006,P11,P,11,sample,A-0010,A-0010-B01,1,0.007620789513793629,141.8,9630.0
P006,P12,P,12,sample,A-0010,A-0010-B01,1,0.002540263171264543,119.2,9090.0
P006,P13,P,13,sample,A-0010,A-0010-B01,2,50.0,66.2,10703.0
P006,P14,P,14,sample,A-0010,A-0010-B01,2,16.666666666666668,81.4,10513.0
P006,P15,P,15,sample,A-0010,A-0010-B01,2,5.555555555555555,86.2,9742.0
P006,P16,P,16,sample,A-0010,A-0010-B01,2,1.8518518518518519,103.4,9221.0
P006,P17,P,17,sample,A-0010,A-0010-B01,2,0.6172839506172839,127.8,9370.0
P006,P18,P,18,sample,A-0010,A-0010-B01,2,0.205761316872428,126.1,9499.0
P006,P19,P,19,sample,A-0010,A-0010-B01,2,0.06858710562414266,129.5,9570.0
P006,P20,P,20,sample,A-0010,A-0010-B01,2,0.022862368541380886,126.1,9207.0
P006,P21,P,21,sample,A-0010,A-0010-B01,2,0.007620789513793629,122.7,9449.0
P006,P22,P,22,sample,A-0010,A-0010-B01,2,0.002540263171264543,135.6,9721.0
P007,A1,A,1,high_control,,,0,0.0,129.3,9254.0
P007,A2,A,2,low_control,,,0,0.0,42.1,10285.0
P007,A23,A,23,reference,REF-1,REF-1-B01,1,50.0,44.6,9740.0
P007,A24,A,24,reference,REF-1,REF-1-B01,2,50.0,43.6,10533.0
P007,B1,B,1,high_control,,,0,0.0,130.6,9317.0
P007,B2,B,2,low_control,,,0,0.0,39.7,9995.0
P007,B23,B,23,reference,REF-1,REF-1-B01,1,16.666666666666668,38.5,9637.0
P007,B24,B,24,reference,REF-1,REF-1-B01,2,16.666666666666668,40.8,10108.0
P007,C1,C,1,high_control,,,0,0.0,138.7,9312.0
P007,C2,C,2,low_control,,,0,0.0,37.9,10742.0
P007,C23,C,23,reference,REF-1,REF-1-B01,1,5.555555555555555,38.8,10279.0
P007,C24,C,24,reference,REF-1,REF-1-B01,2,5.555555555555555,45.0,10581.0
P007,D1,D,1,high_control,,,0,0.0,134.6,9386.0
P007,D2,D,2,low_control,,,0,0.0,37.6,10225.0
P007,D23,D,23,reference,REF-1,REF-1-B01,1,1.8518518518518519,38.7,9414.0
P007,D24,D,24,reference,REF-1,REF-1-B01,2,1.8518518518518519,45.0,9921.0
P007,E1,E,1,high_control,,,0,0.0,131.9,9510.0
P007,E2,E,2,low_control,,,0,0.0,38.4,10256.0
P007,E23,E,23,reference,REF-1,REF-1-B01,1,0.6172839506172839,53.4,9970.0
P007,E24,E,24,reference,REF-1,REF-1-B01,2,0.6172839506172839,57.4,9934.0
P007,F1,F,1,high_control,,,0,0.0,131.5,9331.0
P007,F2,F,2,low_control,,,0,0.0,34.5,9725.0
P007,F23,F,23,reference,REF-1,REF-1-B01,1,0.205761316872428,67.7,9645.0
P007,F24,F,24,reference,REF-1,REF-1-B01,2,0.205761316872428,73.7,9950.0
P007,G1,G,1,high_control,,,0,0.0,134.3,9624.0
P007,G2,G,2,low_control,,,0,0.0,38.2,10068.0
P007,G23,G,23,reference,REF-1,REF-1-B01,1,0.06858710562414266,93.4,9433.0
P007,G24,G,24,reference,REF-1,REF-1-B01,2,0.06858710562414266,97.2,9779.0
P007,H1,H,1,high_control,,,0,0.0,131.6,9126.0
P007,H2,H,2,low_control,,,0,0.0,38.1,10206.0
P007,H23,H,23,reference,REF-1,REF-1-B01,1,0.022862368541380886,109.5,9368.0
P007,H24,H,24,reference,REF-1,REF-1-B01,2,0.022862368541380886,116.3,9391.0
P007,I1,I,1,high_control,,,0,0.0,130.1,9469.0
P007,I2,I,2,low_control,,,0,0.0,36.1,9752.0
P007,I23,I,23,reference,REF-1,REF-1-B01,1,0.007620789513793629,122.4,9337.0
P007,I24,I,24,reference,REF-1,REF-1-B01,2,0.007620789513793629,125.1,9435.0
P007,J1,J,1,high_control,,,0,0.0,130.8,9535.0
P007,J2,J,2,low_control,,,0,0.0,37.1,9935.0
P007,J23,J,23,reference,REF-1,REF-1-B01,1,0.002540263171264543,123.3,9053.0
P007,J24,J,24,reference,REF-1,REF-1-B01,2,0.002540263171264543,134.4,9409.0
P007,K1,K,1,high_control,,,0,0.0,134.9,9247.0
P007,K2,K,2,low_control,,,0,0.0,37.6,9979.0
P007,K23,K,23,high_control,,,0,0.0,129.8,9395.0
P007,K24,K,24,low_control,,,0,0.0,42.1,10145.0
P007,L1,L,1,high_control,,,0,0.0,131.4,9419.0
P007,L2,L,2,low_control,,,0,0.0,37.2,9591.0
P007,L23,L,23,high_control,,,0,0.0,134.6,9080.0
P007,L24,L,24,low_control,,,0,0.0,40.6,10060.0
P007,M1,M,1,high_control,,,0,0.0,133.9,9125.0
P007,M2,M,2,low_control,,,0,0.0,36.5,9907.0
P007,M23,M,23,high_control,,,0,0.0,130.4,9026.0
P007,M24,M,24,low_control,,,0,0.0,41.9,10439.0
P007,N1,N,1,high_control,,,0,0.0,131.9,9922.0
P007,N2,N,2,low_control,,,0,0.0,36.2,9940.0
P007,N23,N,23,high_control,,,0,0.0,130.3,9345.0
P007,N24,N,24,low_control,,,0,0.0,43.9,10232.0
P007,O1,O,1,high_control,,,0,0.0,129.6,9852.0
P007,O2,O,2,low_control,,,0,0.0,34.8,9498.0
P007,O23,O,23,high_control,,,0,0.0,123.9,8870.0
P007,O24,O,24,low_control,,,0,0.0,43.9,10657.0
P007,P1,P,1,high_control,,,0,0.0,134.7,9817.0
P007,P2,P,2,low_control,,,0,0.0,39.0,9831.0
P007,P23,P,23,high_control,,,0,0.0,133.0,9483.0
P007,P24,P,24,low_control,,,0,0.0,38.3,9998.0
P007,A3,A,3,sample,B-0310,B-0310-B01,1,50.0,38.7,9911.0
P007,A4,A,4,sample,B-0310,B-0310-B01,1,16.666666666666668,41.6,10234.0
P007,A5,A,5,sample,B-0310,B-0310-B01,1,5.555555555555555,47.8,10128.0
P007,A6,A,6,sample,B-0310,B-0310-B01,1,1.8518518518518519,51.6,10161.0
P007,A7,A,7,sample,B-0310,B-0310-B01,1,0.6172839506172839,61.2,9785.0
P007,A8,A,8,sample,B-0310,B-0310-B01,1,0.205761316872428,90.7,10136.0
P007,A9,A,9,sample,B-0310,B-0310-B01,1,0.06858710562414266,106.9,9321.0
P007,A10,A,10,sample,B-0310,B-0310-B01,1,0.022862368541380886,127.4,9444.0
P007,A11,A,11,sample,B-0310,B-0310-B01,1,0.007620789513793629,134.1,9242.0
P007,A12,A,12,sample,B-0310,B-0310-B01,1,0.002540263171264543,132.6,9246.0
P007,A13,A,13,sample,B-0310,B-0310-B01,2,50.0,38.9,10168.0
P007,A14,A,14,sample,B-0310,B-0310-B01,2,16.666666666666668,41.6,10455.0
P007,A15,A,15,sample,B-0310,B-0310-B01,2,5.555555555555555,46.3,9965.0
P007,A16,A,16,sample,B-0310,B-0310-B01,2,1.8518518518518519,52.5,9644.0
P007,A17,A,17,sample,B-0310,B-0310-B01,2,0.6172839506172839,62.7,9559.0
P007,A18,A,18,sample,B-0310,B-0310-B01,2,0.205761316872428,85.0,10001.0
P007,A19,A,19,sample,B-0310,B-0310-B01,2,0.06858710562414266,111.9,9620.0
P007,A20,A,20,sample,B-0310,B-0310-B01,2,0.022862368541380886,126.3,9407.0
P007,A21,A,21,sample,B-0310,B-0310-B01,2,0.007620789513793629,130.3,9544.0
P007,A22,A,22,sample,B-0310,B-0310-B01,2,0.002540263171264543,129.7,9953.0
P007,B3,B,3,sample,A-0118,A-0118-B01,1,50.0,199.2,15328.0
P007,B4,B,4,sample,A-0118,A-0118-B01,1,16.666666666666668,147.6,11591.0
P007,B5,B,5,sample,A-0118,A-0118-B01,1,5.555555555555555,126.6,10134.0
P007,B6,B,6,sample,A-0118,A-0118-B01,1,1.8518518518518519,114.2,9952.0
P007,B7,B,7,sample,A-0118,A-0118-B01,1,0.6172839506172839,130.5,9433.0
P007,B8,B,8,sample,A-0118,A-0118-B01,1,0.205761316872428,108.7,9735.0
P007,B9,B,9,sample,A-0118,A-0118-B01,1,0.06858710562414266,125.0,9514.0
P007,B10,B,10,sample,A-0118,A-0118-B01,1,0.022862368541380886,129.0,9144.0
P007,B11,B,11,sample,A-0118,A-0118-B01,1,0.007620789513793629,127.8,9061.0
P007,B12,B,12,sample,A-0118,A-0118-B01,1,0.002540263171264543,129.0,9301.0
P007,B13,B,13,sample,A-0118,A-0118-B01,2,50.0,203.9,15999.0
P007,B14,B,14,sample,A-0118,A-0118-B01,2,16.666666666666668,152.6,11563.0
P007,B15,B,15,sample,A-0118,A-0118-B01,2,5.555555555555555,127.2,10174.0
P007,B16,B,16,sample,A-0118,A-0118-B01,2,1.8518518518518519,115.4,9594.0
P007,B17,B,17,sample,A-0118,A-0118-B01,2,0.6172839506172839,109.6,9292.0
P007,B18,B,18,sample,A-0118,A-0118-B01,2,0.205761316872428,107.2,9628.0
P007,B19,B,19,sample,A-0118,A-0118-B01,2,0.06858710562414266,121.2,9076.0
P007,B20,B,20,sample,A-0118,A-0118-B01,2,0.022862368541380886,125.1,9625.0
P007,B21,B,21,sample,A-0118,A-0118-B01,2,0.007620789513793629,128.2,9040.0
P007,B22,B,22,sample,A-0118,A-0118-B01,2,0.002540263171264543,129.2,9495.0
P007,C3,C,3,sample,B-0148,B-0148-B01,1,50.0,37.9,10454.0
P007,C4,C,4,sample,B-0148,B-0148-B01,1,16.666666666666668,39.3,10376.0
P007,C5,C,5,sample,B-0148,B-0148-B01,1,5.555555555555555,43.3,9994.0
P007,C6,C,6,sample,B-0148,B-0148-B01,1,1.8518518518518519,43.8,10231.0
P007,C7,C,7,sample,B-0148,B-0148-B01,1,0.6172839506172839,63.0,9960.0
P007,C8,C,8,sample,B-0148,B-0148-B01,1,0.205761316872428,89.4,9867.0
P007,C9,C,9,sample,B-0148,B-0148-B01,1,0.06858710562414266,106.9,9327.0
P007,C10,C,10,sample,B-0148,B-0148-B01,1,0.022862368541380886,116.9,9332.0
P007,C11,C,11,sample,B-0148,B-0148-B01,1,0.007620789513793629,128.9,9519.0
P007,C12,C,12,sample,B-0148,B-0148-B01,1,0.002540263171264543,129.8,9483.0
P007,C13,C,13,sample,B-0148,B-0148-B01,2,50.0,39.9,10164.0
P007,C14,C,14,sample,B-0148,B-0148-B01,2,16.666666666666668,37.7,9744.0
P007,C15,C,15,sample,B-0148,B-0148-B01,2,5.555555555555555,39.1,10535.0
P007,C16,C,16,sample,B-0148,B-0148-B01,2,1.8518518518518519,45.7,9737.0
P007,C17,C,17,sample,B-0148,B-0148-B01,2,0.6172839506172839,65.1,9664.0
P007,C18,C,18,sample,B-0148,B-0148-B01,2,0.205761316872428,85.0,9325.0
P007,C19,C,19,sample,B-0148,B-0148-B01,2,0.06858710562414266,110.6,9377.0
P007,C20,C,20,sample,B-0148,B-0148-B01,2,0.022862368541380886,122.7,9472.0
P007,C21,C,21,sample,B-0148,B-0148-B01,2,0.007620789513793629,126.5,8799.0
P007,C22,C,22,sample,B-0148,B-0148-B01,2,0.002540263171264543,123.5,9292.0
P007,D3,D,3,sample,B-0293,B-0293-B01,1,50.0,128.5,14465.0
P007,D4,D,4,sample,B-0293,B-0293-B01,1,16.666666666666668,38.5,10124.0
P007,D5,D,5,sample,B-0293,B-0293-B01,1,5.555555555555555,55.8,9908.0
P007,D6,D,6,sample,B-0293,B-0293-B01,1,1.8518518518518519,71.6,9736.0
P007,D7,D,7,sample,B-0293,B-0293-B01,1,0.6172839506172839,92.8,10218.0
P007,D8,D,8,sample,B-0293,B-0293-B01,1,0.205761316872428,118.3,9210.0
P007,D9,D,9,sample,B-0293,B-0293-B01,1,0.06858710562414266,119.7,9620.0
P007,D10,D,10,sample,B-0293,B-0293-B01,1,0.022862368541380886,125.4,9115.0
P007,D11,D,11,sample,B-0293,B-0293-B01,1,0.007620789513793629,123.2,8980.0
P007,D12,D,12,sample,B-0293,B-0293-B01,1,0.002540263171264543,132.7,8763.0
P007,D13,D,13,sample,B-0293,B-0293-B01,2,50.0,135.6,14020.0
P007,D14,D,14,sample,B-0293,B-0293-B01,2,16.666666666666668,43.9,10424.0
P007,D15,D,15,sample,B-0293,B-0293-B01,2,5.555555555555555,52.4,9561.0
P007,D16,D,16,sample,B-0293,B-0293-B01,2,1.8518518518518519,66.8,9429.0
P007,D17,D,17,sample,B-0293,B-0293-B01,2,0.6172839506172839,93.1,9939.0
P007,D18,D,18,sample,B-0293,B-0293-B01,2,0.205761316872428,116.0,9291.0
P007,D19,D,19,sample,B-0293,B-0293-B01,2,0.06858710562414266,123.7,9349.0
P007,D20,D,20,sample,B-0293,B-0293-B01,2,0.022862368541380886,129.3,9292.0
P007,D21,D,21,sample,B-0293,B-0293-B01,2,0.007620789513793629,131.4,9150.0
P007,D22,D,22,sample,B-0293,B-0293-B01,2,0.002540263171264543,136.6,9295.0
P007,E3,E,3,sample,B-0184,B-0184-B01,1,50.0,37.7,9905.0
P007,E4,E,4,sample,B-0184,B-0184-B01,1,16.666666666666668,41.0,9809.0
P007,E5,E,5,sample,B-0184,B-0184-B01,1,5.555555555555555,44.5,10018.0
P007,E6,E,6,sample,B-0184,B-0184-B01,1,1.8518518518518519,53.2,10429.0
P007,E7,E,7,sample,B-0184,B-0184-B01,1,0.6172839506172839,65.8,9696.0
P007,E8,E,8,sample,B-0184,B-0184-B01,1,0.205761316872428,97.2,9486.0
P007,E9,E,9,sample,B-0184,B-0184-B01,1,0.06858710562414266,113.0,9413.0
P007,E10,E,10,sample,B-0184,B-0184-B01,1,0.022862368541380886,126.5,9475.0
P007,E11,E,11,sample,B-0184,B-0184-B01,1,0.007620789513793629,130.0,9083.0
P007,E12,E,12,sample,B-0184,B-0184-B01,1,0.002540263171264543,128.5,8875.0
P007,E13,E,13,sample,B-0184,B-0184-B01,2,50.0,41.0,9997.0
P007,E14,E,14,sample,B-0184,B-0184-B01,2,16.666666666666668,36.5,10133.0
P007,E15,E,15,sample,B-0184,B-0184-B01,2,5.555555555555555,40.0,10012.0
P007,E16,E,16,sample,B-0184,B-0184-B01,2,1.8518518518518519,49.9,10318.0
P007,E17,E,17,sample,B-0184,B-0184-B01,2,0.6172839506172839,69.9,9438.0
P007,E18,E,18,sample,B-0184,B-0184-B01,2,0.205761316872428,92.3,9264.0
P007,E19,E,19,sample,B-0184,B-0184-B01,2,0.06858710562414266,119.0,9047.0
P007,E20,E,20,sample,B-0184,B-0184-B01,2,0.022862368541380886,127.6,8982.0
P007,E21,E,21,sample,B-0184,B-0184-B01,2,0.007620789513793629,126.6,9045.0
P007,E22,E,22,sample,B-0184,B-0184-B01,2,0.002540263171264543,125.3,9243.0
P007,F3,F,3,sample,A-0119,A-0119-B01,1,50.0,45.0,9798.0
P007,F4,F,4,sample,A-0119,A-0119-B01,1,16.666666666666668,60.9,9865.0
P007,F5,F,5,sample,A-0119,A-0119-B01,1,5.555555555555555,83.6,9609.0
P007,F6,F,6,sample,A-0119,A-0119-B01,1,1.8518518518518519,107.2,9353.0
P007,F7,F,7,sample,A-0119,A-0119-B01,1,0.6172839506172839,122.2,9557.0
P007,F8,F,8,sample,A-0119,A-0119-B01,1,0.205761316872428,125.5,9017.0
P007,F9,F,9,sample,A-0119,A-0119-B01,1,0.06858710562414266,131.8,8838.0
P007,F10,F,10,sample,A-0119,A-0119-B01,1,0.022862368541380886,126.9,9378.0
P007,F11,F,11,sample,A-0119,A-0119-B01,1,0.007620789513793629,129.9,9885.0
P007,F12,F,12,sample,A-0119,A-0119-B01,1,0.002540263171264543,124.1,8992.0
P007,F13,F,13,sample,A-0119,A-0119-B01,2,50.0,46.7,10163.0
P007,F14,F,14,sample,A-0119,A-0119-B01,2,16.666666666666668,57.2,9621.0
P007,F15,F,15,sample,A-0119,A-0119-B01,2,5.555555555555555,86.7,9657.0
P007,F16,F,16,sample,A-0119,A-0119-B01,2,1.8518518518518519,105.7,9538.0
P007,F17,F,17,sample,A-0119,A-0119-B01,2,0.6172839506172839,122.7,9366.0
P007,F18,F,18,sample,A-0119,A-0119-B01,2,0.205761316872428,121.6,9049.0
P007,F19,F,19,sample,A-0119,A-0119-B01,2,0.06858710562414266,123.7,9322.0
P007,F20,F,20,sample,A-0119,A-0119-B01,2,0.022862368541380886,128.5,9094.0
P007,F21,F,21,sample,A-0119,A-0119-B01,2,0.007620789513793629,128.3,9220.0
P007,F22,F,22,sample,A-0119,A-0119-B01,2,0.002540263171264543,130.0,9306.0
P007,G3,G,3,sample,A-0167,A-0167-B01,1,50.0,98.1,12095.0
P007,G4,G,4,sample,A-0167,A-0167-B01,1,16.666666666666668,55.0,10161.0
P007,G5,G,5,sample,A-0167,A-0167-B01,1,5.555555555555555,77.7,9142.0
P007,G6,G,6,sample,A-0167,A-0167-B01,1,1.8518518518518519,103.6,9484.0
P007,G7,G,7,sample,A-0167,A-0167-B01,1,0.6172839506172839,113.8,9238.0
P007,G8,G,8,sample,A-0167,A-0167-B01,1,0.205761316872428,125.2,9123.0
P007,G9,G,9,sample,A-0167,A-0167-B01,1,0.06858710562414266,126.3,8989.0
P007,G10,G,10,sample,A-0167,A-0167-B01,1,0.022862368541380886,128.5,9706.0
P007,G11,G,11,sample,A-0167,A-0167-B01,1,0.007620789513793629,130.6,8873.0
P007,G12,G,12,sample,A-0167,A-0167-B01,1,0.002540263171264543,130.1,9413.0
P007,G13,G,13,sample,A-0167,A-0167-B01,2,50.0,104.4,12655.0
P007,G14,G,14,sample,A-0167,A-0167-B01,2,16.666666666666668,60.0,9958.0
P007,G15,G,15,sample,A-0167,A-0167-B01,2,5.555555555555555,73.0,9716.0
P007,G16,G,16,sample,A-0167,A-0167-B01,2,1.8518518518518519,98.5,9620.0
P007,G17,G,17,sample,A-0167,A-0167-B01,2,0.6172839506172839,116.9,9326.0
P007,G18,G,18,sample,A-0167,A-0167-B01,2,0.205761316872428,124.5,9153.0
P007,G19,G,19,sample,A-0167,A-0167-B01,2,0.06858710562414266,125.2,9142.0
P007,G20,G,20,sample,A-0167,A-0167-B01,2,0.022862368541380886,126.0,9423.0
P007,G21,G,21,sample,A-0167,A-0167-B01,2,0.007620789513793629,128.7,8753.0
P007,G22,G,22,sample,A-0167,A-0167-B01,2,0.002540263171264543,133.4,9179.0
P007,H3,H,3,sample,A-0058,A-0058-B01,1,50.0,42.6,10673.0
P007,H4,H,4,sample,A-0058,A-0058-B01,1,16.666666666666668,41.2,10085.0
P007,H5,H,5,sample,A-0058,A-0058-B01,1,5.555555555555555,129.1,9487.0
P007,H6,H,6,sample,A-0058,A-0058-B01,1,1.8518518518518519,84.6,10208.0
P007,H7,H,7,sample,A-0058,A-0058-B01,1,0.6172839506172839,104.9,9190.0
P007,H8,H,8,sample,A-0058,A-0058-B01,1,0.205761316872428,118.8,8986.0
P007,H9,H,9,sample,A-0058,A-0058-B01,1,0.06858710562414266,129.8,9347.0
P007,H10,H,10,sample,A-0058,A-0058-B01,1,0.022862368541380886,126.2,9582.0
P007,H11,H,11,sample,A-0058,A-0058-B01,1,0.007620789513793629,126.0,9325.0
P007,H12,H,12,sample,A-0058,A-0058-B01,1,0.002540263171264543,130.4,9405.0
P007,H13,H,13,sample,A-0058,A-0058-B01,2,50.0,44.0,9924.0
P007,H14,H,14,sample,A-0058,A-0058-B01,2,16.666666666666668,51.3,10190.0
P007,H15,H,15,sample,A-0058,A-0058-B01,2,5.555555555555555,61.4,9476.0
P007,H16,H,16,sample,A-0058,A-0058-B01,2,1.8518518518518519,84.2,9565.0
P007,H17,H,17,sample,A-0058,A-0058-B01,2,0.6172839506172839,99.6,9565.0
P007,H18,H,18,sample,A-0058,A-0058-B01,2,0.205761316872428,120.7,8970.0
P007,H19,H,19,sample,A-0058,A-0058-B01,2,0.06858710562414266,131.4,9335.0
P007,H20,H,20,sample,A-0058,A-0058-B01,2,0.022862368541380886,129.3,8911.0
P007,H21,H,21,sample,A-0058,A-0058-B01,2,0.007620789513793629,133.9,8639.0
P007,H22,H,22,sample,A-0058,A-0058-B01,2,0.002540263171264543,131.3,9276.0
P007,I3,I,3,sample,B-0204,B-0204-B01,1,50.0,115.2,13241.0
P007,I4,I,4,sample,B-0204,B-0204-B01,1,16.666666666666668,36.6,10051.0
P007,I5,I,5,sample,B-0204,B-0204-B01,1,5.555555555555555,48.5,9870.0
P007,I6,I,6,sample,B-0204,B-0204-B01,1,1.8518518518518519,59.4,9577.0
P007,I7,I,7,sample,B-0204,B-0204-B01,1,0.6172839506172839,73.4,9680.0
P007,I8,I,8,sample,B-0204,B-0204-B01,1,0.205761316872428,103.9,10037.0
P007,I9,I,9,sample,B-0204,B-0204-B01,1,0.06858710562414266,119.0,9391.0
P007,I10,I,10,sample,B-0204,B-0204-B01,1,0.022862368541380886,131.4,9511.0
P007,I11,I,11,sample,B-0204,B-0204-B01,1,0.007620789513793629,129.1,9345.0
P007,I12,I,12,sample,B-0204,B-0204-B01,1,0.002540263171264543,132.8,9254.0
P007,I13,I,13,sample,B-0204,B-0204-B01,2,50.0,118.6,13564.0
P007,I14,I,14,sample,B-0204,B-0204-B01,2,16.666666666666668,40.0,9710.0
P007,I15,I,15,sample,B-0204,B-0204-B01,2,5.555555555555555,45.2,9725.0
P007,I16,I,16,sample,B-0204,B-0204-B01,2,1.8518518518518519,56.6,10018.0
P007,I17,I,17,sample,B-0204,B-0204-B01,2,0.6172839506172839,83.6,9433.0
P007,I18,I,18,sample,B-0204,B-0204-B01,2,0.205761316872428,105.1,9759.0
P007,I19,I,19,sample,B-0204,B-0204-B01,2,0.06858710562414266,114.8,9389.0
P007,I20,I,20,sample,B-0204,B-0204-B01,2,0.022862368541380886,126.7,9245.0
P007,I21,I,21,sample,B-0204,B-0204-B01,2,0.007620789513793629,122.6,9064.0
P007,I22,I,22,sample,B-0204,B-0204-B01,2,0.002540263171264543,125.5,9020.0
P007,J3,J,3,sample,A-0104,A-0104-B01,1,50.0,45.9,9566.0
P007,J4,J,4,sample,A-0104,A-0104-B01,1,16.666666666666668,53.7,9595.0
P007,J5,J,5,sample,A-0104,A-0104-B01,1,5.555555555555555,72.2,9591.0
P007,J6,J,6,sample,A-0104,A-0104-B01,1,1.8518518518518519,99.0,9594.0
P007,J7,J,7,sample,A-0104,A-0104-B01,1,0.6172839506172839,121.0,9639.0
P007,J8,J,8,sample,A-0104,A-0104-B01,1,0.205761316872428,129.7,9340.0
P007,J9,J,9,sample,A-0104,A-0104-B01,1,0.06858710562414266,132.0,9059.0
P007,J10,J,10,sample,A-0104,A-0104-B01,1,0.022862368541380886,126.9,9480.0
P007,J11,J,11,sample,A-0104,A-0104-B01,1,0.007620789513793629,132.7,9526.0
P007,J12,J,12,sample,A-0104,A-0104-B01,1,0.002540263171264543,130.3,9311.0
P007,J13,J,13,sample,A-0104,A-0104-B01,2,50.0,42.4,9985.0
P007,J14,J,14,sample,A-0104,A-0104-B01,2,16.666666666666668,55.4,9854.0
P007,J15,J,15,sample,A-0104,A-0104-B01,2,5.555555555555555,76.2,9586.0
P007,J16,J,16,sample,A-0104,A-0104-B01,2,1.8518518518518519,96.5,9520.0
P007,J17,J,17,sample,A-0104,A-0104-B01,2,0.6172839506172839,118.1,9572.0
P007,J18,J,18,sample,A-0104,A-0104-B01,2,0.205761316872428,125.0,9142.0
P007,J19,J,19,sample,A-0104,A-0104-B01,2,0.06858710562414266,128.9,9364.0
P007,J20,J,20,sample,A-0104,A-0104-B01,2,0.022862368541380886,129.0,9257.0
P007,J21,J,21,sample,A-0104,A-0104-B01,2,0.007620789513793629,128.0,9267.0
P007,J22,J,22,sample,A-0104,A-0104-B01,2,0.002540263171264543,133.1,9476.0
P007,K3,K,3,sample,A-0239,A-0239-B01,1,50.0,195.1,15840.0
P007,K4,K,4,sample,A-0239,A-0239-B01,1,16.666666666666668,141.5,11277.0
P007,K5,K,5,sample,A-0239,A-0239-B01,1,5.555555555555555,114.3,9792.0
P007,K6,K,6,sample,A-0239,A-0239-B01,1,1.8518518518518519,103.8,9413.0
P007,K7,K,7,sample,A-0239,A-0239-B01,1,0.6172839506172839,101.4,9318.0
P007,K8,K,8,sample,A-0239,A-0239-B01,1,0.205761316872428,119.0,9382.0
P007,K9,K,9,sample,A-0239,A-0239-B01,1,0.06858710562414266,127.1,9267.0
P007,K10,K,10,sample,A-0239,A-0239-B01,1,0.022862368541380886,122.9,9077.0
P007,K11,K,11,sample,A-0239,A-0239-B01,1,0.007620789513793629,132.2,8979.0
P007,K12,K,12,sample,A-0239,A-0239-B01,1,0.002540263171264543,127.3,9085.0
P007,K13,K,13,sample,A-0239,A-0239-B01,2,50.0,183.4,15090.0
P007,K14,K,14,sample,A-0239,A-0239-B01,2,16.666666666666668,144.2,11512.0
P007,K15,K,15,sample,A-0239,A-0239-B01,2,5.555555555555555,117.8,10129.0
P007,K16,K,16,sample,A-0239,A-0239-B01,2,1.8518518518518519,97.8,9470.0
P007,K17,K,17,sample,A-0239,A-0239-B01,2,0.6172839506172839,99.5,9332.0
P007,K18,K,18,sample,A-0239,A-0239-B01,2,0.205761316872428,116.1,9203.0
P007,K19,K,19,sample,A-0239,A-0239-B01,2,0.06858710562414266,131.3,9108.0
P007,K20,K,20,sample,A-0239,A-0239-B01,2,0.022862368541380886,124.4,9164.0
P007,K21,K,21,sample,A-0239,A-0239-B01,2,0.007620789513793629,127.9,9265.0
P007,K22,K,22,sample,A-0239,A-0239-B01,2,0.002540263171264543,130.8,9134.0
P007,L3,L,3,sample,B-0208,B-0208-B01,1,50.0,40.8,10134.0
P007,L4,L,4,sample,B-0208,B-0208-B01,1,16.666666666666668,41.2,10122.0
P007,L5,L,5,sample,B-0208,B-0208-B01,1,5.555555555555555,32.0,10134.0
P007,L6,L,6,sample,B-0208,B-0208-B01,1,1.8518518518518519,36.3,10077.0
P007,L7,L,7,sample,B-0208,B-0208-B01,1,0.6172839506172839,46.8,9677.0
P007,L8,L,8,sample,B-0208,B-0208-B01,1,0.205761316872428,56.2,10223.0
P007,L9,L,9,sample,B-0208,B-0208-B01,1,0.06858710562414266,88.1,9511.0
P007,L10,L,10,sample,B-0208,B-0208-B01,1,0.022862368541380886,104.0,9500.0
P007,L11,L,11,sample,B-0208,B-0208-B01,1,0.007620789513793629,124.3,9027.0
P007,L12,L,12,sample,B-0208,B-0208-B01,1,0.002540263171264543,126.4,8951.0
P007,L13,L,13,sample,B-0208,B-0208-B01,2,50.0,34.6,9832.0
P007,L14,L,14,sample,B-0208,B-0208-B01,2,16.666666666666668,38.5,9966.0
P007,L15,L,15,sample,B-0208,B-0208-B01,2,5.555555555555555,40.2,10074.0
P007,L16,L,16,sample,B-0208,B-0208-B01,2,1.8518518518518519,40.8,9942.0
P007,L17,L,17,sample,B-0208,B-0208-B01,2,0.6172839506172839,46.5,9728.0
P007,L18,L,18,sample,B-0208,B-0208-B01,2,0.205761316872428,63.1,10071.0
P007,L19,L,19,sample,B-0208,B-0208-B01,2,0.06858710562414266,84.3,9580.0
P007,L20,L,20,sample,B-0208,B-0208-B01,2,0.022862368541380886,107.4,8997.0
P007,L21,L,21,sample,B-0208,B-0208-B01,2,0.007620789513793629,119.6,9500.0
P007,L22,L,22,sample,B-0208,B-0208-B01,2,0.002540263171264543,127.2,9186.0
P007,M3,M,3,sample,B-0074,B-0074-B01,1,50.0,33.9,10228.0
P007,M4,M,4,sample,B-0074,B-0074-B01,1,16.666666666666668,37.7,10197.0
P007,M5,M,5,sample,B-0074,B-0074-B01,1,5.555555555555555,39.6,9982.0
P007,M6,M,6,sample,B-0074,B-0074-B01,1,1.8518518518518519,52.3,9449.0
P007,M7,M,7,sample,B-0074,B-0074-B01,1,0.6172839506172839,69.9,9853.0
P007,M8,M,8,sample,B-0074,B-0074-B01,1,0.205761316872428,88.7,9822.0
P007,M9,M,9,sample,B-0074,B-0074-B01,1,0.06858710562414266,109.1,9248.0
P007,M10,M,10,sample,B-0074,B-0074-B01,1,0.022862368541380886,125.8,9390.0
P007,M11,M,11,sample,B-0074,B-0074-B01,1,0.007620789513793629,131.7,9487.0
P007,M12,M,12,sample,B-0074,B-0074-B01,1,0.002540263171264543,133.6,9619.0
P007,M13,M,13,sample,B-0074,B-0074-B01,2,50.0,39.5,9737.0
P007,M14,M,14,sample,B-0074,B-0074-B01,2,16.666666666666668,43.0,9861.0
P007,M15,M,15,sample,B-0074,B-0074-B01,2,5.555555555555555,44.5,10122.0
P007,M16,M,16,sample,B-0074,B-0074-B01,2,1.8518518518518519,48.7,10052.0
P007,M17,M,17,sample,B-0074,B-0074-B01,2,0.6172839506172839,65.7,9513.0
P007,M18,M,18,sample,B-0074,B-0074-B01,2,0.205761316872428,91.0,9361.0
P007,M19,M,19,sample,B-0074,B-0074-B01,2,0.06858710562414266,109.7,9165.0
P007,M20,M,20,sample,B-0074,B-0074-B01,2,0.022862368541380886,122.2,9403.0
P007,M21,M,21,sample,B-0074,B-0074-B01,2,0.007620789513793629,128.4,9304.0
P007,M22,M,22,sample,B-0074,B-0074-B01,2,0.002540263171264543,122.7,10079.0
P007,N3,N,3,sample,B-0305,B-0305-B01,1,50.0,37.5,9886.0
P007,N4,N,4,sample,B-0305,B-0305-B01,1,16.666666666666668,36.8,10328.0
P007,N5,N,5,sample,B-0305,B-0305-B01,1,5.555555555555555,38.2,10261.0
P007,N6,N,6,sample,B-0305,B-0305-B01,1,1.8518518518518519,42.9,9969.0
P007,N7,N,7,sample,B-0305,B-0305-B01,1,0.6172839506172839,46.1,10198.0
P007,N8,N,8,sample,B-0305,B-0305-B01,1,0.205761316872428,66.0,10083.0
P007,N9,N,9,sample,B-0305,B-0305-B01,1,0.06858710562414266,89.2,9938.0
P007,N10,N,10,sample,B-0305,B-0305-B01,1,0.022862368541380886,116.2,9931.0
P007,N11,N,11,sample,B-0305,B-0305-B01,1,0.007620789513793629,125.5,9367.0
P007,N12,N,12,sample,B-0305,B-0305-B01,1,0.002540263171264543,127.2,9100.0
P007,N13,N,13,sample,B-0305,B-0305-B01,2,50.0,34.8,10192.0
P007,N14,N,14,sample,B-0305,B-0305-B01,2,16.666666666666668,35.3,9781.0
P007,N15,N,15,sample,B-0305,B-0305-B01,2,5.555555555555555,32.7,10018.0
P007,N16,N,16,sample,B-0305,B-0305-B01,2,1.8518518518518519,43.7,9882.0
P007,N17,N,17,sample,B-0305,B-0305-B01,2,0.6172839506172839,50.3,9998.0
P007,N18,N,18,sample,B-0305,B-0305-B01,2,0.205761316872428,68.6,9977.0
P007,N19,N,19,sample,B-0305,B-0305-B01,2,0.06858710562414266,91.7,9401.0
P007,N20,N,20,sample,B-0305,B-0305-B01,2,0.022862368541380886,109.7,8933.0
P007,N21,N,21,sample,B-0305,B-0305-B01,2,0.007620789513793629,123.6,9437.0
P007,N22,N,22,sample,B-0305,B-0305-B01,2,0.002540263171264543,126.7,9413.0
P007,O3,O,3,sample,A-0249,A-0249-B01,1,50.0,192.0,15494.0
P007,O4,O,4,sample,A-0249,A-0249-B01,1,16.666666666666668,144.7,11227.0
P007,O5,O,5,sample,A-0249,A-0249-B01,1,5.555555555555555,116.2,9860.0
P007,O6,O,6,sample,A-0249,A-0249-B01,1,1.8518518518518519,105.7,9565.0
P007,O7,O,7,sample,A-0249,A-0249-B01,1,0.6172839506172839,98.6,9354.0
P007,O8,O,8,sample,A-0249,A-0249-B01,1,0.205761316872428,98.0,9752.0
P007,O9,O,9,sample,A-0249,A-0249-B01,1,0.06858710562414266,121.8,9148.0
P007,O10,O,10,sample,A-0249,A-0249-B01,1,0.022862368541380886,125.9,9132.0
P007,O11,O,11,sample,A-0249,A-0249-B01,1,0.007620789513793629,129.6,8986.0
P007,O12,O,12,sample,A-0249,A-0249-B01,1,0.002540263171264543,129.7,9200.0
P007,O13,O,13,sample,A-0249,A-0249-B01,2,50.0,194.5,15788.0
P007,O14,O,14,sample,A-0249,A-0249-B01,2,16.666666666666668,142.5,11691.0
P007,O15,O,15,sample,A-0249,A-0249-B01,2,5.555555555555555,113.0,9926.0
P007,O16,O,16,sample,A-0249,A-0249-B01,2,1.8518518518518519,102.8,9612.0
P007,O17,O,17,sample,A-0249,A-0249-B01,2,0.6172839506172839,96.9,10175.0
P007,O18,O,18,sample,A-0249,A-0249-B01,2,0.205761316872428,98.1,9582.0
P007,O19,O,19,sample,A-0249,A-0249-B01,2,0.06858710562414266,116.2,9418.0
P007,O20,O,20,sample,A-0249,A-0249-B01,2,0.022862368541380886,126.8,9270.0
P007,O21,O,21,sample,A-0249,A-0249-B01,2,0.007620789513793629,127.2,9739.0
P007,O22,O,22,sample,A-0249,A-0249-B01,2,0.002540263171264543,131.2,9082.0
P007,P3,P,3,sample,A-0258,A-0258-B01,1,50.0,184.6,16627.0
P007,P4,P,4,sample,A-0258,A-0258-B01,1,16.666666666666668,130.3,12970.0
P007,P5,P,5,sample,A-0258,A-0258-B01,1,5.555555555555555,104.3,10084.0
P007,P6,P,6,sample,A-0258,A-0258-B01,1,1.8518518518518519,89.7,9937.0
P007,P7,P,7,sample,A-0258,A-0258-B01,1,0.6172839506172839,85.1,10501.0
P007,P8,P,8,sample,A-0258,A-0258-B01,1,0.205761316872428,109.1,9758.0
P007,P9,P,9,sample,A-0258,A-0258-B01,1,0.06858710562414266,123.7,9240.0
P007,P10,P,10,sample,A-0258,A-0258-B01,1,0.022862368541380886,128.7,9757.0
P007,P11,P,11,sample,A-0258,A-0258-B01,1,0.007620789513793629,134.7,9175.0
P007,P12,P,12,sample,A-0258,A-0258-B01,1,0.002540263171264543,134.0,9851.0
P007,P13,P,13,sample,A-0258,A-0258-B01,2,50.0,187.6,16045.0
P007,P14,P,14,sample,A-0258,A-0258-B01,2,16.666666666666668,125.2,12005.0
P007,P15,P,15,sample,A-0258,A-0258-B01,2,5.555555555555555,95.7,10830.0
P007,P16,P,16,sample,A-0258,A-0258-B01,2,1.8518518518518519,83.3,10201.0
P007,P17,P,17,sample,A-0258,A-0258-B01,2,0.6172839506172839,84.9,9533.0
P007,P18,P,18,sample,A-0258,A-0258-B01,2,0.205761316872428,104.6,9842.0
P007,P19,P,19,sample,A-0258,A-0258-B01,2,0.06858710562414266,125.7,9490.0
P007,P20,P,20,sample,A-0258,A-0258-B01,2,0.022862368541380886,126.2,9488.0
P007,P21,P,21,sample,A-0258,A-0258-B01,2,0.007620789513793629,134.2,9403.0
P007,P22,P,22,sample,A-0258,A-0258-B01,2,0.002540263171264543,135.1,9668.0
P008,A1,A,1,high_control,,,0,0.0,127.1,9706.0
P008,A2,A,2,low_control,,,0,0.0,37.7,10611.0
P008,A23,A,23,reference,REF-1,REF-1-B01,1,50.0,39.2,10139.0
P008,A24,A,24,reference,REF-1,REF-1-B01,2,50.0,36.1,10377.0
P008,B1,B,1,high_control,,,0,0.0,128.1,9534.0
P008,B2,B,2,low_control,,,0,0.0,33.6,9766.0
P008,B23,B,23,reference,REF-1,REF-1-B01,1,16.666666666666668,32.2,10104.0
P008,B24,B,24,reference,REF-1,REF-1-B01,2,16.666666666666668,40.4,10184.0
P008,C1,C,1,high_control,,,0,0.0,128.1,9366.0
P008,C2,C,2,low_control,,,0,0.0,33.3,9956.0
P008,C23,C,23,reference,REF-1,REF-1-B01,1,5.555555555555555,33.2,10422.0
P008,C24,C,24,reference,REF-1,REF-1-B01,2,5.555555555555555,39.4,10536.0
P008,D1,D,1,high_control,,,0,0.0,127.9,9415.0
P008,D2,D,2,low_control,,,0,0.0,32.8,10482.0
P008,D23,D,23,reference,REF-1,REF-1-B01,1,1.8518518518518519,40.3,9768.0
P008,D24,D,24,reference,REF-1,REF-1-B01,2,1.8518518518518519,39.7,10338.0
P008,E1,E,1,high_control,,,0,0.0,129.0,9685.0
P008,E2,E,2,low_control,,,0,0.0,28.5,10272.0
P008,E23,E,23,reference,REF-1,REF-1-B01,1,0.6172839506172839,44.3,10185.0
P008,E24,E,24,reference,REF-1,REF-1-B01,2,0.6172839506172839,50.2,9907.0
P008,F1,F,1,high_control,,,0,0.0,123.0,9767.0
P008,F2,F,2,low_control,,,0,0.0,37.0,9626.0
P008,F23,F,23,reference,REF-1,REF-1-B01,1,0.205761316872428,66.7,9639.0
P008,F24,F,24,reference,REF-1,REF-1-B01,2,0.205761316872428,67.3,10037.0
P008,G1,G,1,high_control,,,0,0.0,131.6,9451.0
P008,G2,G,2,low_control,,,0,0.0,32.5,10044.0
P008,G23,G,23,reference,REF-1,REF-1-B01,1,0.06858710562414266,87.8,9834.0
P008,G24,G,24,reference,REF-1,REF-1-B01,2,0.06858710562414266,95.5,9411.0
P008,H1,H,1,high_control,,,0,0.0,126.3,9418.0
P008,H2,H,2,low_control,,,0,0.0,35.0,9913.0
P008,H23,H,23,reference,REF-1,REF-1-B01,1,0.022862368541380886,107.6,9528.0
P008,H24,H,24,reference,REF-1,REF-1-B01,2,0.022862368541380886,111.9,9515.0
P008,I1,I,1,high_control,,,0,0.0,132.9,9456.0
P008,I2,I,2,low_control,,,0,0.0,32.1,10053.0
P008,I23,I,23,reference,REF-1,REF-1-B01,1,0.007620789513793629,115.1,8836.0
P008,I24,I,24,reference,REF-1,REF-1-B01,2,0.007620789513793629,123.5,9501.0
P008,J1,J,1,high_control,,,0,0.0,127.6,9122.0
P008,J2,J,2,low_control,,,0,0.0,30.4,10254.0
P008,J23,J,23,reference,REF-1,REF-1-B01,1,0.002540263171264543,124.8,9202.0
P008,J24,J,24,reference,REF-1,REF-1-B01,2,0.002540263171264543,127.2,9504.0
P008,K1,K,1,high_control,,,0,0.0,128.7,9833.0
P008,K2,K,2,low_control,,,0,0.0,28.2,9954.0
P008,K23,K,23,high_control,,,0,0.0,123.5,9641.0
P008,K24,K,24,low_control,,,0,0.0,35.3,10324.0
P008,L1,L,1,high_control,,,0,0.0,129.4,9187.0
P008,L2,L,2,low_control,,,0,0.0,34.6,10106.0
P008,L23,L,23,high_control,,,0,0.0,123.7,8892.0
P008,L24,L,24,low_control,,,0,0.0,37.2,10418.0
P008,M1,M,1,high_control,,,0,0.0,131.2,9498.0
P008,M2,M,2,low_control,,,0,0.0,31.0,9738.0
P008,M23,M,23,high_control,,,0,0.0,124.8,9732.0
P008,M24,M,24,low_control,,,0,0.0,38.9,10231.0
P008,N1,N,1,high_control,,,0,0.0,127.3,9408.0
P008,N2,N,2,low_control,,,0,0.0,31.9,10229.0
P008,N23,N,23,high_control,,,0,0.0,124.4,8950.0
P008,N24,N,24,low_control,,,0,0.0,34.8,9907.0
P008,O1,O,1,high_control,,,0,0.0,127.7,9187.0
P008,O2,O,2,low_control,,,0,0.0,32.2,9861.0
P008,O23,O,23,high_control,,,0,0.0,122.1,9301.0
P008,O24,O,24,low_control,,,0,0.0,39.6,10346.0
P008,P1,P,1,high_control,,,0,0.0,129.2,9119.0
P008,P2,P,2,low_control,,,0,0.0,40.8,10030.0
P008,P23,P,23,high_control,,,0,0.0,125.3,9216.0
P008,P24,P,24,low_control,,,0,0.0,34.6,10657.0
P008,A3,A,3,sample,B-0186,B-0186-B01,1,50.0,94.7,12453.0
P008,A4,A,4,sample,B-0186,B-0186-B01,1,16.666666666666668,42.8,10095.0
P008,A5,A,5,sample,B-0186,B-0186-B01,1,5.555555555555555,53.3,10081.0
P008,A6,A,6,sample,B-0186,B-0186-B01,1,1.8518518518518519,75.2,10181.0
P008,A7,A,7,sample,B-0186,B-0186-B01,1,0.6172839506172839,98.2,9740.0
P008,A8,A,8,sample,B-0186,B-0186-B01,1,0.205761316872428,113.3,9537.0
P008,A9,A,9,sample,B-0186,B-0186-B01,1,0.06858710562414266,121.2,9568.0
P008,A10,A,10,sample,B-0186,B-0186-B01,1,0.022862368541380886,123.5,9068.0
P008,A11,A,11,sample,B-0186,B-0186-B01,1,0.007620789513793629,123.2,9666.0
P008,A12,A,12,sample,B-0186,B-0186-B01,1,0.002540263171264543,132.5,9416.0
P008,A13,A,13,sample,B-0186,B-0186-B01,2,50.0,91.8,12185.0
P008,A14,A,14,sample,B-0186,B-0186-B01,2,16.666666666666668,41.2,9986.0
P008,A15,A,15,sample,B-0186,B-0186-B01,2,5.555555555555555,53.0,10146.0
P008,A16,A,16,sample,B-0186,B-0186-B01,2,1.8518518518518519,72.8,10477.0
P008,A17,A,17,sample,B-0186,B-0186-B01,2,0.6172839506172839,97.0,9455.0
P008,A18,A,18,sample,B-0186,B-0186-B01,2,0.205761316872428,113.9,9736.0
P008,A19,A,19,sample,B-0186,B-0186-B01,2,0.06858710562414266,122.5,9499.0
P008,A20,A,20,sample,B-0186,B-0186-B01,2,0.022862368541380886,125.5,8875.0
P008,A21,A,21,sample,B-0186,B-0186-B01,2,0.007620789513793629,124.0,9716.0
P008,A22,A,22,sample,B-0186,B-0186-B01,2,0.002540263171264543,126.0,9362.0
P008,B3,B,3,sample,A-0148,A-0148-B01,1,50.0,139.1,15893.0
P008,B4,B,4,sample,A-0148,A-0148-B01,1,16.666666666666668,64.8,11749.0
P008,B5,B,5,sample,A-0148,A-0148-B01,1,5.555555555555555,46.5,10085.0
P008,B6,B,6,sample,A-0148,A-0148-B01,1,1.8518518518518519,66.3,9705.0
P008,B7,B,7,sample,A-0148,A-0148-B01,1,0.6172839506172839,90.2,9200.0
P008,B8,B,8,sample,A-0148,A-0148-B01,1,0.205761316872428,110.5,9530.0
P008,B9,B,9,sample,A-0148,A-0148-B01,1,0.06858710562414266,122.4,9154.0
P008,B10,B,10,sample,A-0148,A-0148-B01,1,0.022862368541380886,124.8,9222.0
P008,B11,B,11,sample,A-0148,A-0148-B01,1,0.007620789513793629,121.8,9562.0
P008,B12,B,12,sample,A-0148,A-0148-B01,1,0.002540263171264543,123.4,9299.0
P008,B13,B,13,sample,A-0148,A-0148-B01,2,50.0,137.3,15578.0
P008,B14,B,14,sample,A-0148,A-0148-B01,2,16.666666666666668,63.0,10851.0
P008,B15,B,15,sample,A-0148,A-0148-B01,2,5.555555555555555,50.2,10144.0
P008,B16,B,16,sample,A-0148,A-0148-B01,2,1.8518518518518519,65.4,9612.0
P008,B17,B,17,sample,A-0148,A-0148-B01,2,0.6172839506172839,91.2,9257.0
P008,B18,B,18,sample,A-0148,A-0148-B01,2,0.205761316872428,112.5,9740.0
P008,B19,B,19,sample,A-0148,A-0148-B01,2,0.06858710562414266,124.3,9220.0
P008,B20,B,20,sample,A-0148,A-0148-B01,2,0.022862368541380886,123.4,9134.0
P008,B21,B,21,sample,A-0148,A-0148-B01,2,0.007620789513793629,125.6,9323.0
P008,B22,B,22,sample,A-0148,A-0148-B01,2,0.002540263171264543,123.4,8648.0
P008,C3,C,3,sample,A-0372,A-0372-B01,1,50.0,39.2,10060.0
P008,C4,C,4,sample,A-0372,A-0372-B01,1,16.666666666666668,57.7,9699.0
P008,C5,C,5,sample,A-0372,A-0372-B01,1,5.555555555555555,77.8,10013.0
P008,C6,C,6,sample,A-0372,A-0372-B01,1,1.8518518518518519,98.9,9868.0
P008,C7,C,7,sample,A-0372,A-0372-B01,1,0.6172839506172839,113.1,9391.0
P008,C8,C,8,sample,A-0372,A-0372-B01,1,0.205761316872428,120.9,8839.0
P008,C9,C,9,sample,A-0372,A-0372-B01,1,0.06858710562414266,124.4,9340.0
P008,C10,C,10,sample,A-0372,A-0372-B01,1,0.022862368541380886,122.8,9125.0
P008,C11,C,11,sample,A-0372,A-0372-B01,1,0.007620789513793629,123.8,9333.0
P008,C12,C,12,sample,A-0372,A-0372-B01,1,0.002540263171264543,121.4,9305.0
P008,C13,C,13,sample,A-0372,A-0372-B01,2,50.0,39.3,9838.0
P008,C14,C,14,sample,A-0372,A-0372-B01,2,16.666666666666668,57.7,9784.0
P008,C15,C,15,sample,A-0372,A-0372-B01,2,5.555555555555555,78.7,10027.0
P008,C16,C,16,sample,A-0372,A-0372-B01,2,1.8518518518518519,100.1,8929.0
P008,C17,C,17,sample,A-0372,A-0372-B01,2,0.6172839506172839,115.0,9760.0
P008,C18,C,18,sample,A-0372,A-0372-B01,2,0.205761316872428,121.4,9760.0
P008,C19,C,19,sample,A-0372,A-0372-B01,2,0.06858710562414266,122.2,9083.0
P008,C20,C,20,sample,A-0372,A-0372-B01,2,0.022862368541380886,123.8,9736.0
P008,C21,C,21,sample,A-0372,A-0372-B01,2,0.007620789513793629,124.8,9593.0
P008,C22,C,22,sample,A-0372,A-0372-B01,2,0.002540263171264543,119.3,9120.0
P008,D3,D,3,sample,A-0228,A-0228-B01,1,50.0,156.6,16678.0
P008,D4,D,4,sample,A-0228,A-0228-B01,1,16.666666666666668,94.4,11612.0
P008,D5,D,5,sample,A-0228,A-0228-B01,1,5.555555555555555,54.2,9670.0
P008,D6,D,6,sample,A-0228,A-0228-B01,1,1.8518518518518519,61.6,9672.0
P008,D7,D,7,sample,A-0228,A-0228-B01,1,0.6172839506172839,92.3,9838.0
P008,D8,D,8,sample,A-0228,A-0228-B01,1,0.205761316872428,105.8,9337.0
P008,D9,D,9,sample,A-0228,A-0228-B01,1,0.06858710562414266,122.5,9710.0
P008,D10,D,10,sample,A-0228,A-0228-B01,1,0.022862368541380886,117.8,9278.0
P008,D11,D,11,sample,A-0228,A-0228-B01,1,0.007620789513793629,125.5,8948.0
P008,D12,D,12,sample,A-0228,A-0228-B01,1,0.002540263171264543,124.3,9216.0
P008,D13,D,13,sample,A-0228,A-0228-B01,2,50.0,155.0,16404.0
P008,D14,D,14,sample,A-0228,A-0228-B01,2,16.666666666666668,92.4,11577.0
P008,D15,D,15,sample,A-0228,A-0228-B01,2,5.555555555555555,61.7,10323.0
P008,D16,D,16,sample,A-0228,A-0228-B01,2,1.8518518518518519,58.9,10229.0
P008,D17,D,17,sample,A-0228,A-0228-B01,2,0.6172839506172839,84.9,9527.0
P008,D18,D,18,sample,A-0228,A-0228-B01,2,0.205761316872428,108.8,9249.0
P008,D19,D,19,sample,A-0228,A-0228-B01,2,0.06858710562414266,119.4,9602.0
P008,D20,D,20,sample,A-0228,A-0228-B01,2,0.022862368541380886,122.5,9415.0
P008,D21,D,21,sample,A-0228,A-0228-B01,2,0.007620789513793629,121.6,9119.0
P008,D22,D,22,sample,A-0228,A-0228-B01,2,0.002540263171264543,124.2,9068.0
P008,E3,E,3,sample,A-0087,A-0087-B01,1,50.0,34.4,9543.0
P008,E4,E,4,sample,A-0087,A-0087-B01,1,16.666666666666668,38.8,10425.0
P008,E5,E,5,sample,A-0087,A-0087-B01,1,5.555555555555555,49.5,9709.0
P008,E6,E,6,sample,A-0087,A-0087-B01,1,1.8518518518518519,64.7,9716.0
P008,E7,E,7,sample,A-0087,A-0087-B01,1,0.6172839506172839,92.6,9148.0
P008,E8,E,8,sample,A-0087,A-0087-B01,1,0.205761316872428,108.7,9036.0
P008,E9,E,9,sample,A-0087,A-0087-B01,1,0.06858710562414266,119.7,9238.0
P008,E10,E,10,sample,A-0087,A-0087-B01,1,0.022862368541380886,122.6,8931.0
P008,E11,E,11,sample,A-0087,A-0087-B01,1,0.007620789513793629,123.0,9433.0
P008,E12,E,12,sample,A-0087,A-0087-B01,1,0.002540263171264543,127.4,8895.0
P008,E13,E,13,sample,A-0087,A-0087-B01,2,50.0,33.3,9861.0
P008,E14,E,14,sample,A-0087,A-0087-B01,2,16.666666666666668,42.0,9892.0
P008,E15,E,15,sample,A-0087,A-0087-B01,2,5.555555555555555,48.4,9814.0
P008,E16,E,16,sample,A-0087,A-0087-B01,2,1.8518518518518519,70.4,9654.0
P008,E17,E,17,sample,A-0087,A-0087-B01,2,0.6172839506172839,89.0,9219.0
P008,E18,E,18,sample,A-0087,A-0087-B01,2,0.205761316872428,110.0,8981.0
P008,E19,E,19,sample,A-0087,A-0087-B01,2,0.06858710562414266,119.4,8924.0
P008,E20,E,20,sample,A-0087,A-0087-B01,2,0.022862368541380886,122.4,9279.0
P008,E21,E,21,sample,A-0087,A-0087-B01,2,0.007620789513793629,129.0,9101.0
P008,E22,E,22,sample,A-0087,A-0087-B01,2,0.002540263171264543,126.0,9486.0
P008,F3,F,3,sample,A-0240,A-0240-B01,1,50.0,198.6,16808.0
P008,F4,F,4,sample,A-0240,A-0240-B01,1,16.666666666666668,141.3,11785.0
P008,F5,F,5,sample,A-0240,A-0240-B01,1,5.555555555555555,114.1,10440.0
P008,F6,F,6,sample,A-0240,A-0240-B01,1,1.8518518518518519,100.4,9976.0
P008,F7,F,7,sample,A-0240,A-0240-B01,1,0.6172839506172839,99.7,9343.0
P008,F8,F,8,sample,A-0240,A-0240-B01,1,0.205761316872428,92.1,9352.0
P008,F9,F,9,sample,A-0240,A-0240-B01,1,0.06858710562414266,111.6,9480.0
P008,F10,F,10,sample,A-0240,A-0240-B01,1,0.022862368541380886,116.6,9520.0
P008,F11,F,11,sample,A-0240,A-0240-B01,1,0.007620789513793629,123.5,9055.0
P008,F12,F,12,sample,A-0240,A-0240-B01,1,0.002540263171264543,126.6,9194.0
P008,F13,F,13,sample,A-0240,A-0240-B01,2,50.0,193.3,16730.0
P008,F14,F,14,sample,A-0240,A-0240-B01,2,16.666666666666668,141.1,11585.0
P008,F15,F,15,sample,A-0240,A-0240-B01,2,5.555555555555555,112.2,10014.0
P008,F16,F,16,sample,A-0240,A-0240-B01,2,1.8518518518518519,99.4,9768.0
P008,F17,F,17,sample,A-0240,A-0240-B01,2,0.6172839506172839,92.8,9584.0
P008,F18,F,18,sample,A-0240,A-0240-B01,2,0.205761316872428,92.6,9185.0
P008,F19,F,19,sample,A-0240,A-0240-B01,2,0.06858710562414266,111.8,9218.0
P008,F20,F,20,sample,A-0240,A-0240-B01,2,0.022862368541380886,115.9,9727.0
P008,F21,F,21,sample,A-0240,A-0240-B01,2,0.007620789513793629,119.3,9332.0
P008,F22,F,22,sample,A-0240,A-0240-B01,2,0.002540263171264543,124.7,9527.0
P008,G3,G,3,sample,A-0151,A-0151-B01,1,50.0,133.2,15692.0
P008,G4,G,4,sample,A-0151,A-0151-B01,1,16.666666666666668,57.7,10959.0
P008,G5,G,5,sample,A-0151,A-0151-B01,1,5.555555555555555,43.6,9689.0
P008,G6,G,6,sample,A-0151,A-0151-B01,1,1.8518518518518519,65.1,9592.0
P008,G7,G,7,sample,A-0151,A-0151-B01,1,0.6172839506172839,94.1,9692.0
P008,G8,G,8,sample,A-0151,A-0151-B01,1,0.205761316872428,111.1,9429.0
P008,G9,G,9,sample,A-0151,A-0151-B01,1,0.06858710562414266,120.8,9312.0
P008,G10,G,10,sample,A-0151,A-0151-B01,1,0.022862368541380886,116.3,9409.0
P008,G11,G,11,sample,A-0151,A-0151-B01,1,0.007620789513793629,124.5,9520.0
P008,G12,G,12,sample,A-0151,A-0151-B01,1,0.002540263171264543,124.6,9070.0
P008,G13,G,13,sample,A-0151,A-0151-B01,2,50.0,135.0,15610.0
P008,G14,G,14,sample,A-0151,A-0151-B01,2,16.666666666666668,58.9,10925.0
P008,G15,G,15,sample,A-0151,A-0151-B01,2,5.555555555555555,49.7,10358.0
P008,G16,G,16,sample,A-0151,A-0151-B01,2,1.8518518518518519,68.2,9846.0
P008,G17,G,17,sample,A-0151,A-0151-B01,2,0.6172839506172839,91.7,9195.0
P008,G18,G,18,sample,A-0151,A-0151-B01,2,0.205761316872428,107.9,9147.0
P008,G19,G,19,sample,A-0151,A-0151-B01,2,0.06858710562414266,117.7,9011.0
P008,G20,G,20,sample,A-0151,A-0151-B01,2,0.022862368541380886,118.4,9343.0
P008,G21,G,21,sample,A-0151,A-0151-B01,2,0.007620789513793629,124.3,9251.0
P008,G22,G,22,sample,A-0151,A-0151-B01,2,0.002540263171264543,124.7,9317.0
P008,H3,H,3,sample,B-0201,B-0201-B01,1,50.0,33.1,10188.0
P008,H4,H,4,sample,B-0201,B-0201-B01,1,16.666666666666668,36.4,10353.0
P008,H5,H,5,sample,B-0201,B-0201-B01,1,5.555555555555555,36.4,9972.0
P008,H6,H,6,sample,B-0201,B-0201-B01,1,1.8518518518518519,57.4,10062.0
P008,H7,H,7,sample,B-0201,B-0201-B01,1,0.6172839506172839,77.4,9108.0
P008,H8,H,8,sample,B-0201,B-0201-B01,1,0.205761316872428,102.5,9503.0
P008,H9,H,9,sample,B-0201,B-0201-B01,1,0.06858710562414266,109.9,9130.0
P008,H10,H,10,sample,B-0201,B-0201-B01,1,0.022862368541380886,121.3,9567.0
P008,H11,H,11,sample,B-0201,B-0201-B01,1,0.007620789513793629,120.8,9180.0
P008,H12,H,12,sample,B-0201,B-0201-B01,1,0.002540263171264543,127.8,9345.0
P008,H13,H,13,sample,B-0201,B-0201-B01,2,50.0,29.3,9589.0
P008,H14,H,14,sample,B-0201,B-0201-B01,2,16.666666666666668,35.7,10185.0
P008,H15,H,15,sample,B-0201,B-0201-B01,2,5.555555555555555,43.7,10039.0
P008,H16,H,16,sample,B-0201,B-0201-B01,2,1.8518518518518519,55.4,10053.0
P008,H17,H,17,sample,B-0201,B-0201-B01,2,0.6172839506172839,85.2,9779.0
P008,H18,H,18,sample,B-0201,B-0201-B01,2,0.205761316872428,100.5,9203.0
P008,H19,H,19,sample,B-0201,B-0201-B01,2,0.06858710562414266,115.5,9203.0
P008,H20,H,20,sample,B-0201,B-0201-B01,2,0.022862368541380886,116.9,9217.0
P008,H21,H,21,sample,B-0201,B-0201-B01,2,0.007620789513793629,118.2,9136.0
P008,H22,H,22,sample,B-0201,B-0201-B01,2,0.002540263171264543,126.5,9397.0
P008,I3,I,3,sample,A-0020,A-0020-B01,1,50.0,179.7,16027.0
P008,I4,I,4,sample,A-0020,A-0020-B01,1,16.666666666666668,130.0,11767.0
P008,I5,I,5,sample,A-0020,A-0020-B01,1,5.555555555555555,102.3,10436.0
P008,I6,I,6,sample,A-0020,A-0020-B01,1,1.8518518518518519,82.2,9628.0
P008,I7,I,7,sample,A-0020,A-0020-B01,1,0.6172839506172839,81.9,9631.0
P008,I8,I,8,sample,A-0020,A-0020-B01,1,0.205761316872428,79.5,9389.0
P008,I9,I,9,sample,A-0020,A-0020-B01,1,0.06858710562414266,102.3,9261.0
P008,I10,I,10,sample,A-0020,A-0020-B01,1,0.022862368541380886,118.1,9065.0
P008,I11,I,11,sample,A-0020,A-0020-B01,1,0.007620789513793629,124.2,9073.0
P008,I12,I,12,sample,A-0020,A-0020-B01,1,0.002540263171264543,122.8,9014.0
P008,I13,I,13,sample,A-0020,A-0020-B01,2,50.0,187.1,17021.0
P008,I14,I,14,sample,A-0020,A-0020-B01,2,16.666666666666668,128.1,11338.0
P008,I15,I,15,sample,A-0020,A-0020-B01,2,5.555555555555555,98.0,10094.0
P008,I16,I,16,sample,A-0020,A-0020-B01,2,1.8518518518518519,86.8,9830.0
P008,I17,I,17,sample,A-0020,A-0020-B01,2,0.6172839506172839,83.3,9681.0
P008,I18,I,18,sample,A-0020,A-0020-B01,2,0.205761316872428,82.4,9419.0
P008,I19,I,19,sample,A-0020,A-0020-B01,2,0.06858710562414266,106.6,8960.0
P008,I20,I,20,sample,A-0020,A-0020-B01,2,0.022862368541380886,113.5,9842.0
P008,I21,I,21,sample,A-0020,A-0020-B01,2,0.007620789513793629,124.4,9102.0
P008,I22,I,22,sample,A-0020,A-0020-B01,2,0.002540263171264543,124.5,9381.0
P008,J3,J,3,sample,A-0209,A-0209-B01,1,50.0,176.7,16994.0
P008,J4,J,4,sample,A-0209,A-0209-B01,1,16.666666666666668,128.3,11737.0
P008,J5,J,5,sample,A-0209,A-0209-B01,1,5.555555555555555,96.4,10676.0
P008,J6,J,6,sample,A-0209,A-0209-B01,1,1.8518518518518519,85.0,10334.0
P008,J7,J,7,sample,A-0209,A-0209-B01,1,0.6172839506172839,86.2,9818.0
P008,J8,J,8,sample,A-0209,A-0209-B01,1,0.205761316872428,79.6,9922.0
P008,J9,J,9,sample,A-0209,A-0209-B01,1,0.06858710562414266,98.6,9197.0
P008,J10,J,10,sample,A-0209,A-0209-B01,1,0.022862368541380886,115.6,9134.0
P008,J11,J,11,sample,A-0209,A-0209-B01,1,0.007620789513793629,119.7,9366.0
P008,J12,J,12,sample,A-0209,A-0209-B01,1,0.002540263171264543,126.2,9352.0
P008,J13,J,13,sample,A-0209,A-0209-B01,2,50.0,183.7,16578.0
P008,J14,J,14,sample,A-0209,A-0209-B01,2,16.666666666666668,126.9,11637.0
P008,J15,J,15,sample,A-0209,A-0209-B01,2,5.555555555555555,95.6,10479.0
P008,J16,J,16,sample,A-0209,A-0209-B01,2,1.8518518518518519,85.2,9883.0
P008,J17,J,17,sample,A-0209,A-0209-B01,2,0.6172839506172839,73.5,9784.0
P008,J18,J,18,sample,A-0209,A-0209-B01,2,0.205761316872428,78.4,9310.0
P008,J19,J,19,sample,A-0209,A-0209-B01,2,0.06858710562414266,99.2,9649.0
P008,J20,J,20,sample,A-0209,A-0209-B01,2,0.022862368541380886,115.9,9223.0
P008,J21,J,21,sample,A-0209,A-0209-B01,2,0.007620789513793629,123.2,9453.0
P008,J22,J,22,sample,A-0209,A-0209-B01,2,0.002540263171264543,123.9,9400.0
P008,K3,K,3,sample,A-0306,A-0306-B01,1,50.0,187.0,17232.0
P008,K4,K,4,sample,A-0306,A-0306-B01,1,16.666666666666668,129.0,11669.0
P008,K5,K,5,sample,A-0306,A-0306-B01,1,5.555555555555555,96.8,10186.0
P008,K6,K,6,sample,A-0306,A-0306-B01,1,1.8518518518518519,84.4,9860.0
P008,K7,K,7,sample,A-0306,A-0306-B01,1,0.6172839506172839,78.5,9481.0
P008,K8,K,8,sample,A-0306,A-0306-B01,1,0.205761316872428,103.8,9337.0
P008,K9,K,9,sample,A-0306,A-0306-B01,1,0.06858710562414266,117.0,8869.0
P008,K10,K,10,sample,A-0306,A-0306-B01,1,0.022862368541380886,124.2,9058.0
P008,K11,K,11,sample,A-0306,A-0306-B01,1,0.007620789513793629,127.3,9170.0
P008,K12,K,12,sample,A-0306,A-0306-B01,1,0.002540263171264543,129.2,9461.0
P008,K13,K,13,sample,A-0306,A-0306-B01,2,50.0,180.2,16435.0
P008,K14,K,14,sample,A-0306,A-0306-B01,2,16.666666666666668,123.8,11895.0
P008,K15,K,15,sample,A-0306,A-0306-B01,2,5.555555555555555,94.6,10083.0
P008,K16,K,16,sample,A-0306,A-0306-B01,2,1.8518518518518519,85.0,10131.0
P008,K17,K,17,sample,A-0306,A-0306-B01,2,0.6172839506172839,83.3,9295.0
P008,K18,K,18,sample,A-0306,A-0306-B01,2,0.205761316872428,108.5,9504.0
P008,K19,K,19,sample,A-0306,A-0306-B01,2,0.06858710562414266,116.8,9356.0
P008,K20,K,20,sample,A-0306,A-0306-B01,2,0.022862368541380886,118.6,9130.0
P008,K21,K,21,sample,A-0306,A-0306-B01,2,0.007620789513793629,124.1,9038.0
P008,K22,K,22,sample,A-0306,A-0306-B01,2,0.002540263171264543,121.2,9213.0
P008,L3,L,3,sample,A-0379,A-0379-B01,1,50.0,36.4,9941.0
P008,L4,L,4,sample,A-0379,A-0379-B01,1,16.666666666666668,34.6,9502.0
P008,L5,L,5,sample,A-0379,A-0379-B01,1,5.555555555555555,46.7,9739.0
P008,L6,L,6,sample,A-0379,A-0379-B01,1,1.8518518518518519,67.2,9818.0
P008,L7,L,7,sample,A-0379,A-0379-B01,1,0.6172839506172839,95.9,9640.0
P008,L8,L,8,sample,A-0379,A-0379-B01,1,0.205761316872428,110.8,9622.0
P008,L9,L,9,sample,A-0379,A-0379-B01,1,0.06858710562414266,118.2,9216.0
P008,L10,L,10,sample,A-0379,A-0379-B01,1,0.022862368541380886,121.5,9000.0
P008,L11,L,11,sample,A-0379,A-0379-B01,1,0.007620789513793629,124.4,8991.0
P008,L12,L,12,sample,A-0379,A-0379-B01,1,0.002540263171264543,126.9,9290.0
P008,L13,L,13,sample,A-0379,A-0379-B01,2,50.0,37.4,10120.0
P008,L14,L,14,sample,A-0379,A-0379-B01,2,16.666666666666668,123.2,9260.0
P008,L15,L,15,sample,A-0379,A-0379-B01,2,5.555555555555555,49.4,10032.0
P008,L16,L,16,sample,A-0379,A-0379-B01,2,1.8518518518518519,67.6,9637.0
P008,L17,L,17,sample,A-0379,A-0379-B01,2,0.6172839506172839,92.7,9538.0
P008,L18,L,18,sample,A-0379,A-0379-B01,2,0.205761316872428,110.7,9478.0
P008,L19,L,19,sample,A-0379,A-0379-B01,2,0.06858710562414266,115.2,9252.0
P008,L20,L,20,sample,A-0379,A-0379-B01,2,0.022862368541380886,126.7,9612.0
P008,L21,L,21,sample,A-0379,A-0379-B01,2,0.007620789513793629,122.4,8655.0
P008,L22,L,22,sample,A-0379,A-0379-B01,2,0.002540263171264543,128.6,9217.0
P008,M3,M,3,sample,A-0248,A-0248-B01,1,50.0,35.7,9784.0
P008,M4,M,4,sample,A-0248,A-0248-B01,1,16.666666666666668,43.4,9811.0
P008,M5,M,5,sample,A-0248,A-0248-B01,1,5.555555555555555,53.5,9717.0
P008,M6,M,6,sample,A-0248,A-0248-B01,1,1.8518518518518519,79.8,9347.0
P008,M7,M,7,sample,A-0248,A-0248-B01,1,0.6172839506172839,103.3,9636.0
P008,M8,M,8,sample,A-0248,A-0248-B01,1,0.205761316872428,116.2,9261.0
P008,M9,M,9,sample,A-0248,A-0248-B01,1,0.06858710562414266,124.5,9624.0
P008,M10,M,10,sample,A-0248,A-0248-B01,1,0.022862368541380886,122.6,9075.0
P008,M11,M,11,sample,A-0248,A-0248-B01,1,0.007620789513793629,122.3,9349.0
P008,M12,M,12,sample,A-0248,A-0248-B01,1,0.002540263171264543,119.9,9252.0
P008,M13,M,13,sample,A-0248,A-0248-B01,2,50.0,35.5,9693.0
P008,M14,M,14,sample,A-0248,A-0248-B01,2,16.666666666666668,46.2,10063.0
P008,M15,M,15,sample,A-0248,A-0248-B01,2,5.555555555555555,56.3,9732.0
P008,M16,M,16,sample,A-0248,A-0248-B01,2,1.8518518518518519,85.5,9403.0
P008,M17,M,17,sample,A-0248,A-0248-B01,2,0.6172839506172839,105.6,9528.0
P008,M18,M,18,sample,A-0248,A-0248-B01,2,0.205761316872428,116.1,9514.0
P008,M19,M,19,sample,A-0248,A-0248-B01,2,0.06858710562414266,124.5,9251.0
P008,M20,M,20,sample,A-0248,A-0248-B01,2,0.022862368541380886,124.9,9190.0
P008,M21,M,21,sample,A-0248,A-0248-B01,2,0.007620789513793629,126.7,9126.0
P008,M22,M,22,sample,A-0248,A-0248-B01,2,0.002540263171264543,119.6,9124.0
P009,A1,A,1,high_control,,,0,0.0,107.7,9254.0
P009,A2,A,2,low_control,,,0,0.0,37.4,10317.0
P009,A23,A,23,reference,REF-1,REF-1-B01,1,50.0,34.4,10283.0
P009,A24,A,24,reference,REF-1,REF-1-B01,2,50.0,39.8,10403.0
P009,B1,B,1,high_control,,,0,0.0,100.5,9532.0
P009,B2,B,2,low_control,,,0,0.0,35.6,9684.0
P009,B23,B,23,reference,REF-1,REF-1-B01,1,16.666666666666668,31.3,9803.0
P009,B24,B,24,reference,REF-1,REF-1-B01,2,16.666666666666668,36.8,10526.0
P009,C1,C,1,high_control,,,0,0.0,105.4,9681.0
P009,C2,C,2,low_control,,,0,0.0,30.5,10222.0
P009,C23,C,23,reference,REF-1,REF-1-B01,1,5.555555555555555,33.1,9972.0
P009,C24,C,24,reference,REF-1,REF-1-B01,2,5.555555555555555,35.6,10410.0
P009,D1,D,1,high_control,,,0,0.0,107.4,9455.0
P009,D2,D,2,low_control,,,0,0.0,33.4,9911.0
P009,D23,D,23,reference,REF-1,REF-1-B01,1,1.8518518518518519,35.5,9534.0
P009,D24,D,24,reference,REF-1,REF-1-B01,2,1.8518518518518519,34.4,9773.0
P009,E1,E,1,high_control,,,0,0.0,109.0,9763.0
P009,E2,E,2,low_control,,,0,0.0,32.6,9721.0
P009,E23,E,23,reference,REF-1,REF-1-B01,1,0.6172839506172839,39.8,10338.0
P009,E24,E,24,reference,REF-1,REF-1-B01,2,0.6172839506172839,46.1,10166.0
P009,F1,F,1,high_control,,,0,0.0,102.9,9399.0
P009,F2,F,2,low_control,,,0,0.0,30.5,9689.0
P009,F23,F,23,reference,REF-1,REF-1-B01,1,0.205761316872428,55.9,10417.0
P009,F24,F,24,reference,REF-1,REF-1-B01,2,0.205761316872428,59.6,9904.0
P009,G1,G,1,high_control,,,0,0.0,106.5,9376.0
P009,G2,G,2,low_control,,,0,0.0,34.3,9615.0
P009,G23,G,23,reference,REF-1,REF-1-B01,1,0.06858710562414266,73.2,10024.0
P009,G24,G,24,reference,REF-1,REF-1-B01,2,0.06858710562414266,76.4,9558.0
P009,H1,H,1,high_control,,,0,0.0,108.0,9556.0
P009,H2,H,2,low_control,,,0,0.0,31.9,9515.0
P009,H23,H,23,reference,REF-1,REF-1-B01,1,0.022862368541380886,87.2,9476.0
P009,H24,H,24,reference,REF-1,REF-1-B01,2,0.022862368541380886,89.9,10117.0
P009,I1,I,1,high_control,,,0,0.0,104.4,9741.0
P009,I2,I,2,low_control,,,0,0.0,31.5,10302.0
P009,I23,I,23,reference,REF-1,REF-1-B01,1,0.007620789513793629,97.3,9231.0
P009,I24,I,24,reference,REF-1,REF-1-B01,2,0.007620789513793629,103.3,9588.0
P009,J1,J,1,high_control,,,0,0.0,101.8,9680.0
P009,J2,J,2,low_control,,,0,0.0,33.8,10045.0
P009,J23,J,23,reference,REF-1,REF-1-B01,1,0.002540263171264543,101.2,9332.0
P009,J24,J,24,reference,REF-1,REF-1-B01,2,0.002540263171264543,98.9,9397.0
P009,K1,K,1,high_control,,,0,0.0,105.9,9675.0
P009,K2,K,2,low_control,,,0,0.0,36.0,10050.0
P009,K23,K,23,high_control,,,0,0.0,102.3,9584.0
P009,K24,K,24,low_control,,,0,0.0,38.8,9956.0
P009,L1,L,1,high_control,,,0,0.0,106.2,9327.0
P009,L2,L,2,low_control,,,0,0.0,29.2,9736.0
P009,L23,L,23,high_control,,,0,0.0,100.2,9633.0
P009,L24,L,24,low_control,,,0,0.0,38.1,9916.0
P009,M1,M,1,high_control,,,0,0.0,105.7,9390.0
P009,M2,M,2,low_control,,,0,0.0,38.0,9705.0
P009,M23,M,23,high_control,,,0,0.0,101.0,9716.0
P009,M24,M,24,low_control,,,0,0.0,40.9,10512.0
P009,N1,N,1,high_control,,,0,0.0,103.2,9656.0
P009,N2,N,2,low_control,,,0,0.0,33.7,9769.0
P009,N23,N,23,high_control,,,0,0.0,98.2,9204.0
P009,N24,N,24,low_control,,,0,0.0,35.1,10090.0
P009,O1,O,1,high_control,,,0,0.0,107.4,9725.0
P009,O2,O,2,low_control,,,0,0.0,28.3,9871.0
P009,O23,O,23,high_control,,,0,0.0,101.7,9470.0
P009,O24,O,24,low_control,,,0,0.0,34.5,10119.0
P009,P1,P,1,high_control,,,0,0.0,107.9,9889.0
P009,P2,P,2,low_control,,,0,0.0,38.1,10241.0
P009,P23,P,23,high_control,,,0,0.0,112.3,9158.0
P009,P24,P,24,low_control,,,0,0.0,37.0,10713.0
P009,A3,A,3,sample,B-0007,B-0007-B01,1,50.0,42.8,9708.0
P009,A4,A,4,sample,B-0007,B-0007-B01,1,16.666666666666668,42.2,10349.0
P009,A5,A,5,sample,B-0007,B-0007-B01,1,5.555555555555555,55.1,10040.0
P009,A6,A,6,sample,B-0007,B-0007-B01,1,1.8518518518518519,64.3,9755.0
P009,A7,A,7,sample,B-0007,B-0007-B01,1,0.6172839506172839,89.0,9759.0
P009,A8,A,8,sample,B-0007,B-0007-B01,1,0.205761316872428,101.3,9648.0
P009,A9,A,9,sample,B-0007,B-0007-B01,1,0.06858710562414266,105.4,9544.0
P009,A10,A,10,sample,B-0007,B-0007-B01,1,0.022862368541380886,106.7,9690.0
P009,A11,A,11,sample,B-0007,B-0007-B01,1,0.007620789513793629,106.0,9827.0
P009,A12,A,12,sample,B-0007,B-0007-B01,1,0.002540263171264543,105.8,9372.0
P009,A13,A,13,sample,B-0007,B-0007-B01,2,50.0,37.3,9784.0
P009,A14,A,14,sample,B-0007,B-0007-B01,2,16.666666666666668,43.3,10399.0
P009,A15,A,15,sample,B-0007,B-0007-B01,2,5.555555555555555,55.7,9892.0
P009,A16,A,16,sample,B-0007,B-0007-B01,2,1.8518518518518519,68.0,9496.0
P009,A17,A,17,sample,B-0007,B-0007-B01,2,0.6172839506172839,83.3,9671.0
P009,A18,A,18,sample,B-0007,B-0007-B01,2,0.205761316872428,97.6,9753.0
P009,A19,A,19,sample,B-0007,B-0007-B01,2,0.06858710562414266,100.6,9971.0
P009,A20,A,20,sample,B-0007,B-0007-B01,2,0.022862368541380886,106.7,9231.0
P009,A21,A,21,sample,B-0007,B-0007-B01,2,0.007620789513793629,108.2,9475.0
P009,A22,A,22,sample,B-0007,B-0007-B01,2,0.002540263171264543,105.7,9712.0
P009,B3,B,3,sample,B-0159,B-0159-B01,1,50.0,30.9,10275.0
P009,B4,B,4,sample,B-0159,B-0159-B01,1,16.666666666666668,39.5,9922.0
P009,B5,B,5,sample,B-0159,B-0159-B01,1,5.555555555555555,51.9,9819.0
P009,B6,B,6,sample,B-0159,B-0159-B01,1,1.8518518518518519,66.0,9751.0
P009,B7,B,7,sample,B-0159,B-0159-B01,1,0.6172839506172839,78.3,9384.0
P009,B8,B,8,sample,B-0159,B-0159-B01,1,0.205761316872428,91.6,9274.0
P009,B9,B,9,sample,B-0159,B-0159-B01,1,0.06858710562414266,96.7,9032.0
P009,B10,B,10,sample,B-0159,B-0159-B01,1,0.022862368541380886,101.7,9314.0
P009,B11,B,11,sample,B-0159,B-0159-B01,1,0.007620789513793629,102.3,10033.0
P009,B12,B,12,sample,B-0159,B-0159-B01,1,0.002540263171264543,106.5,9264.0
P009,B13,B,13,sample,B-0159,B-0159-B01,2,50.0,34.2,9971.0
P009,B14,B,14,sample,B-0159,B-0159-B01,2,16.666666666666668,38.2,10516.0
P009,B15,B,15,sample,B-0159,B-0159-B01,2,5.555555555555555,40.4,10141.0
P009,B16,B,16,sample,B-0159,B-0159-B01,2,1.8518518518518519,54.4,10296.0
P009,B17,B,17,sample,B-0159,B-0159-B01,2,0.6172839506172839,73.6,9766.0
P009,B18,B,18,sample,B-0159,B-0159-B01,2,0.205761316872428,93.8,9552.0
P009,B19,B,19,sample,B-0159,B-0159-B01,2,0.06858710562414266,94.4,9273.0
P009,B20,B,20,sample,B-0159,B-0159-B01,2,0.022862368541380886,101.7,9208.0
P009,B21,B,21,sample,B-0159,B-0159-B01,2,0.007620789513793629,103.5,9508.0
P009,B22,B,22,sample,B-0159,B-0159-B01,2,0.002540263171264543,108.2,9387.0
P009,C3,C,3,sample,B-0300,B-0300-B01,1,50.0,27.7,9994.0
P009,C4,C,4,sample,B-0300,B-0300-B01,1,16.666666666666668,34.3,10256.0
P009,C5,C,5,sample,B-0300,B-0300-B01,1,5.555555555555555,30.7,9599.0
P009,C6,C,6,sample,B-0300,B-0300-B01,1,1.8518518518518519,35.3,10046.0
P009,C7,C,7,sample,B-0300,B-0300-B01,1,0.6172839506172839,37.1,10545.0
P009,C8,C,8,sample,B-0300,B-0300-B01,1,0.205761316872428,32.8,10316.0
P009,C9,C,9,sample,B-0300,B-0300-B01,1,0.06858710562414266,37.7,10176.0
P009,C10,C,10,sample,B-0300,B-0300-B01,1,0.022862368541380886,53.7,9839.0
P009,C11,C,11,sample,B-0300,B-0300-B01,1,0.007620789513793629,74.0,9278.0
P009,C12,C,12,sample,B-0300,B-0300-B01,1,0.002540263171264543,93.9,9794.0
P009,C13,C,13,sample,B-0300,B-0300-B01,2,50.0,32.8,9787.0
P009,C14,C,14,sample,B-0300,B-0300-B01,2,16.666666666666668,36.9,10369.0
P009,C15,C,15,sample,B-0300,B-0300-B01,2,5.555555555555555,32.1,9624.0
P009,C16,C,16,sample,B-0300,B-0300-B01,2,1.8518518518518519,32.4,9762.0
P009,C17,C,17,sample,B-0300,B-0300-B01,2,0.6172839506172839,33.4,10137.0
P009,C18,C,18,sample,B-0300,B-0300-B01,2,0.205761316872428,27.6,10368.0
P009,C19,C,19,sample,B-0300,B-0300-B01,2,0.06858710562414266,38.0,10329.0
P009,C20,C,20,sample,B-0300,B-0300-B01,2,0.022862368541380886,54.8,9818.0
P009,C21,C,21,sample,B-0300,B-0300-B01,2,0.007620789513793629,76.4,9512.0
P009,C22,C,22,sample,B-0300,B-0300-B01,2,0.002540263171264543,89.1,9392.0
P009,D3,D,3,sample,B-0319,B-0319-B01,1,50.0,37.0,10299.0
P009,D4,D,4,sample,B-0319,B-0319-B01,1,16.666666666666668,35.9,10218.0
P009,D5,D,5,sample,B-0319,B-0319-B01,1,5.555555555555555,41.8,10046.0
P009,D6,D,6,sample,B-0319,B-0319-B01,1,1.8518518518518519,50.0,9785.0
P009,D7,D,7,sample,B-0319,B-0319-B01,1,0.6172839506172839,76.0,9202.0
P009,D8,D,8,sample,B-0319,B-0319-B01,1,0.205761316872428,91.6,9350.0
P009,D9,D,9,sample,B-0319,B-0319-B01,1,0.06858710562414266,95.5,9210.0
P009,D10,D,10,sample,B-0319,B-0319-B01,1,0.022862368541380886,100.6,9074.0
P009,D11,D,11,sample,B-0319,B-0319-B01,1,0.007620789513793629,103.7,9283.0
P009,D12,D,12,sample,B-0319,B-0319-B01,1,0.002540263171264543,103.9,9438.0
P009,D13,D,13,sample,B-0319,B-0319-B01,2,50.0,35.1,9684.0
P009,D14,D,14,sample,B-0319,B-0319-B01,2,16.666666666666668,34.3,10236.0
P009,D15,D,15,sample,B-0319,B-0319-B01,2,5.555555555555555,39.6,9572.0
P009,D16,D,16,sample,B-0319,B-0319-B01,2,1.8518518518518519,53.6,9719.0
P009,D17,D,17,sample,B-0319,B-0319-B01,2,0.6172839506172839,79.0,9552.0
P009,D18,D,18,sample,B-0319,B-0319-B01,2,0.205761316872428,86.3,9761.0
P009,D19,D,19,sample,B-0319,B-0319-B01,2,0.06858710562414266,97.5,9230.0
P009,D20,D,20,sample,B-0319,B-0319-B01,2,0.022862368541380886,104.9,9100.0
P009,D21,D,21,sample,B-0319,B-0319-B01,2,0.007620789513793629,104.7,9332.0
P009,D22,D,22,sample,B-0319,B-0319-B01,2,0.002540263171264543,107.0,9288.0
P009,E3,E,3,sample,A-0315,A-0315-B01,1,50.0,128.2,14033.0
P009,E4,E,4,sample,A-0315,A-0315-B01,1,16.666666666666668,35.6,9941.0
P009,E5,E,5,sample,A-0315,A-0315-B01,1,5.555555555555555,46.5,10354.0
P009,E6,E,6,sample,A-0315,A-0315-B01,1,1.8518518518518519,64.2,10202.0
P009,E7,E,7,sample,A-0315,A-0315-B01,1,0.6172839506172839,88.5,9606.0
P009,E8,E,8,sample,A-0315,A-0315-B01,1,0.205761316872428,91.5,9512.0
P009,E9,E,9,sample,A-0315,A-0315-B01,1,0.06858710562414266,98.4,9524.0
P009,E10,E,10,sample,A-0315,A-0315-B01,1,0.022862368541380886,102.0,9361.0
P009,E11,E,11,sample,A-0315,A-0315-B01,1,0.007620789513793629,102.4,9173.0
P009,E12,E,12,sample,A-0315,A-0315-B01,1,0.002540263171264543,102.4,9140.0
P009,E13,E,13,sample,A-0315,A-0315-B01,2,50.0,130.2,14004.0
P009,E14,E,14,sample,A-0315,A-0315-B01,2,16.666666666666668,38.1,9599.0
P009,E15,E,15,sample,A-0315,A-0315-B01,2,5.555555555555555,49.7,9734.0
P009,E16,E,16,sample,A-0315,A-0315-B01,2,1.8518518518518519,65.9,9368.0
P009,E17,E,17,sample,A-0315,A-0315-B01,2,0.6172839506172839,84.4,9662.0
P009,E18,E,18,sample,A-0315,A-0315-B01,2,0.205761316872428,97.4,9757.0
P009,E19,E,19,sample,A-0315,A-0315-B01,2,0.06858710562414266,99.8,9198.0
P009,E20,E,20,sample,A-0315,A-0315-B01,2,0.022862368541380886,105.9,9349.0
P009,E21,E,21,sample,A-0315,A-0315-B01,2,0.007620789513793629,97.6,9179.0
P009,E22,E,22,sample,A-0315,A-0315-B01,2,0.002540263171264543,103.9,9495.0
P009,F3,F,3,sample,B-0049,B-0049-B01,1,50.0,26.8,10094.0
P009,F4,F,4,sample,B-0049,B-0049-B01,1,16.666666666666668,34.5,10328.0
P009,F5,F,5,sample,B-0049,B-0049-B01,1,5.555555555555555,31.9,9805.0
P009,F6,F,6,sample,B-0049,B-0049-B01,1,1.8518518518518519,42.3,9804.0
P009,F7,F,7,sample,B-0049,B-0049-B01,1,0.6172839506172839,50.8,9666.0
P009,F8,F,8,sample,B-0049,B-0049-B01,1,0.205761316872428,69.7,9746.0
P009,F9,F,9,sample,B-0049,B-0049-B01,1,0.06858710562414266,88.7,9631.0
P009,F10,F,10,sample,B-0049,B-0049-B01,1,0.022862368541380886,91.6,9493.0
P009,F11,F,11,sample,B-0049,B-0049-B01,1,0.007620789513793629,104.2,9285.0
P009,F12,F,12,sample,B-0049,B-0049-B01,1,0.002540263171264543,100.5,9602.0
P009,F13,F,13,sample,B-0049,B-0049-B01,2,50.0,36.3,9847.0
P009,F14,F,14,sample,B-0049,B-0049-B01,2,16.666666666666668,35.9,9750.0
P009,F15,F,15,sample,B-0049,B-0049-B01,2,5.555555555555555,30.7,9977.0
P009,F16,F,16,sample,B-0049,B-0049-B01,2,1.8518518518518519,41.1,10158.0
P009,F17,F,17,sample,B-0049,B-0049-B01,2,0.6172839506172839,49.7,9512.0
P009,F18,F,18,sample,B-0049,B-0049-B01,2,0.205761316872428,70.0,9620.0
P009,F19,F,19,sample,B-0049,B-0049-B01,2,0.06858710562414266,85.0,9864.0
P009,F20,F,20,sample,B-0049,B-0049-B01,2,0.022862368541380886,94.6,9807.0
P009,F21,F,21,sample,B-0049,B-0049-B01,2,0.007620789513793629,93.9,9138.0
P009,F22,F,22,sample,B-0049,B-0049-B01,2,0.002540263171264543,101.4,9433.0
P009,G3,G,3,sample,B-0177,B-0177-B01,1,50.0,53.3,9452.0
P009,G4,G,4,sample,B-0177,B-0177-B01,1,16.666666666666668,62.2,9690.0
P009,G5,G,5,sample,B-0177,B-0177-B01,1,5.555555555555555,83.4,9607.0
P009,G6,G,6,sample,B-0177,B-0177-B01,1,1.8518518518518519,93.9,9089.0
P009,G7,G,7,sample,B-0177,B-0177-B01,1,0.6172839506172839,95.5,9388.0
P009,G8,G,8,sample,B-0177,B-0177-B01,1,0.205761316872428,99.6,9918.0
P009,G9,G,9,sample,B-0177,B-0177-B01,1,0.06858710562414266,101.0,9609.0
P009,G10,G,10,sample,B-0177,B-0177-B01,1,0.022862368541380886,104.8,9019.0
P009,G11,G,11,sample,B-0177,B-0177-B01,1,0.007620789513793629,102.7,9163.0
P009,G12,G,12,sample,B-0177,B-0177-B01,1,0.002540263171264543,104.0,9416.0
P009,G13,G,13,sample,B-0177,B-0177-B01,2,50.0,49.3,10127.0
P009,G14,G,14,sample,B-0177,B-0177-B01,2,16.666666666666668,67.9,9446.0
P009,G15,G,15,sample,B-0177,B-0177-B01,2,5.555555555555555,84.8,9642.0
P009,G16,G,16,sample,B-0177,B-0177-B01,2,1.8518518518518519,93.4,9530.0
P009,G17,G,17,sample,B-0177,B-0177-B01,2,0.6172839506172839,96.0,9887.0
P009,G18,G,18,sample,B-0177,B-0177-B01,2,0.205761316872428,105.7,9645.0
P009,G19,G,19,sample,B-0177,B-0177-B01,2,0.06858710562414266,104.9,9612.0
P009,G20,G,20,sample,B-0177,B-0177-B01,2,0.022862368541380886,102.5,9254.0
P009,G21,G,21,sample,B-0177,B-0177-B01,2,0.007620789513793629,100.9,9239.0
P009,G22,G,22,sample,B-0177,B-0177-B01,2,0.002540263171264543,96.8,9549.0
P009,H3,H,3,sample,B-0248,B-0248-B01,1,50.0,32.1,9740.0
P009,H4,H,4,sample,B-0248,B-0248-B01,1,16.666666666666668,29.2,10110.0
P009,H5,H,5,sample,B-0248,B-0248-B01,1,5.555555555555555,29.1,9849.0
P009,H6,H,6,sample,B-0248,B-0248-B01,1,1.8518518518518519,35.0,10089.0
P009,H7,H,7,sample,B-0248,B-0248-B01,1,0.6172839506172839,45.9,10067.0
P009,H8,H,8,sample,B-0248,B-0248-B01,1,0.205761316872428,45.4,9920.0
P009,H9,H,9,sample,B-0248,B-0248-B01,1,0.06858710562414266,66.3,9707.0
P009,H10,H,10,sample,B-0248,B-0248-B01,1,0.022862368541380886,87.9,9669.0
P009,H11,H,11,sample,B-0248,B-0248-B01,1,0.007620789513793629,93.2,9581.0
P009,H12,H,12,sample,B-0248,B-0248-B01,1,0.002540263171264543,98.0,9093.0
P009,H13,H,13,sample,B-0248,B-0248-B01,2,50.0,31.7,9969.0
P009,H14,H,14,sample,B-0248,B-0248-B01,2,16.666666666666668,31.2,10605.0
P009,H15,H,15,sample,B-0248,B-0248-B01,2,5.555555555555555,98.3,9307.0
P009,H16,H,16,sample,B-0248,B-0248-B01,2,1.8518518518518519,35.6,10464.0
P009,H17,H,17,sample,B-0248,B-0248-B01,2,0.6172839506172839,40.1,10008.0
P009,H18,H,18,sample,B-0248,B-0248-B01,2,0.205761316872428,51.7,9651.0
P009,H19,H,19,sample,B-0248,B-0248-B01,2,0.06858710562414266,63.9,9766.0
P009,H20,H,20,sample,B-0248,B-0248-B01,2,0.022862368541380886,82.5,9580.0
P009,H21,H,21,sample,B-0248,B-0248-B01,2,0.007620789513793629,96.1,9758.0
P009,H22,H,22,sample,B-0248,B-0248-B01,2,0.002540263171264543,100.0,9342.0
P009,I3,I,3,sample,B-0055,B-0055-B01,1,50.0,32.9,10266.0
P009,I4,I,4,sample,B-0055,B-0055-B01,1,16.666666666666668,33.8,10211.0
P009,I5,I,5,sample,B-0055,B-0055-B01,1,5.555555555555555,40.2,9970.0
P009,I6,I,6,sample,B-0055,B-0055-B01,1,1.8518518518518519,48.7,9605.0
P009,I7,I,7,sample,B-0055,B-0055-B01,1,0.6172839506172839,61.9,9669.0
P009,I8,I,8,sample,B-0055,B-0055-B01,1,0.205761316872428,80.0,9352.0
P009,I9,I,9,sample,B-0055,B-0055-B01,1,0.06858710562414266,97.1,9481.0
P009,I10,I,10,sample,B-0055,B-0055-B01,1,0.022862368541380886,100.0,9582.0
P009,I11,I,11,sample,B-0055,B-0055-B01,1,0.007620789513793629,106.4,9079.0
P009,I12,I,12,sample,B-0055,B-0055-B01,1,0.002540263171264543,104.1,9590.0
P009,I13,I,13,sample,B-0055,B-0055-B01,2,50.0,32.5,9679.0
P009,I14,I,14,sample,B-0055,B-0055-B01,2,16.666666666666668,34.8,10009.0
P009,I15,I,15,sample,B-0055,B-0055-B01,2,5.555555555555555,35.9,10093.0
P009,I16,I,16,sample,B-0055,B-0055-B01,2,1.8518518518518519,44.9,9554.0
P009,I17,I,17,sample,B-0055,B-0055-B01,2,0.6172839506172839,56.3,9587.0
P009,I18,I,18,sample,B-0055,B-0055-B01,2,0.205761316872428,85.4,10088.0
P009,I19,I,19,sample,B-0055,B-0055-B01,2,0.06858710562414266,92.2,9265.0
P009,I20,I,20,sample,B-0055,B-0055-B01,2,0.022862368541380886,100.0,8980.0
P009,I21,I,21,sample,B-0055,B-0055-B01,2,0.007620789513793629,105.1,9349.0
P009,I22,I,22,sample,B-0055,B-0055-B01,2,0.002540263171264543,104.0,9545.0
P009,J3,J,3,sample,B-0222,B-0222-B01,1,50.0,33.3,10154.0
P009,J4,J,4,sample,B-0222,B-0222-B01,1,16.666666666666668,37.7,9834.0
P009,J5,J,5,sample,B-0222,B-0222-B01,1,5.555555555555555,37.0,10141.0
P009,J6,J,6,sample,B-0222,B-0222-B01,1,1.8518518518518519,38.7,10219.0
P009,J7,J,7,sample,B-0222,B-0222-B01,1,0.6172839506172839,55.9,9610.0
P009,J8,J,8,sample,B-0222,B-0222-B01,1,0.205761316872428,69.2,9995.0
P009,J9,J,9,sample,B-0222,B-0222-B01,1,0.06858710562414266,85.5,9532.0
P009,J10,J,10,sample,B-0222,B-0222-B01,1,0.022862368541380886,93.2,9461.0
P009,J11,J,11,sample,B-0222,B-0222-B01,1,0.007620789513793629,96.0,9186.0
P009,J12,J,12,sample,B-0222,B-0222-B01,1,0.002540263171264543,104.6,9677.0
P009,J13,J,13,sample,B-0222,B-0222-B01,2,50.0,29.4,9749.0
P009,J14,J,14,sample,B-0222,B-0222-B01,2,16.666666666666668,32.4,9585.0
P009,J15,J,15,sample,B-0222,B-0222-B01,2,5.555555555555555,33.0,10067.0
P009,J16,J,16,sample,B-0222,B-0222-B01,2,1.8518518518518519,39.1,10216.0
P009,J17,J,17,sample,B-0222,B-0222-B01,2,0.6172839506172839,56.2,9953.0
P009,J18,J,18,sample,B-0222,B-0222-B01,2,0.205761316872428,73.3,9735.0
P009,J19,J,19,sample,B-0222,B-0222-B01,2,0.06858710562414266,84.6,9656.0
P009,J20,J,20,sample,B-0222,B-0222-B01,2,0.022862368541380886,98.1,9376.0
P009,J21,J,21,sample,B-0222,B-0222-B01,2,0.007620789513793629,98.0,9511.0
P009,J22,J,22,sample,B-0222,B-0222-B01,2,0.002540263171264543,107.0,9665.0
P009,K3,K,3,sample,A-0173,A-0173-B01,1,50.0,110.2,12918.0
P009,K4,K,4,sample,A-0173,A-0173-B01,1,16.666666666666668,43.7,9934.0
P009,K5,K,5,sample,A-0173,A-0173-B01,1,5.555555555555555,48.5,9868.0
P009,K6,K,6,sample,A-0173,A-0173-B01,1,1.8518518518518519,62.5,9936.0
P009,K7,K,7,sample,A-0173,A-0173-B01,1,0.6172839506172839,87.4,9850.0
P009,K8,K,8,sample,A-0173,A-0173-B01,1,0.205761316872428,100.4,9701.0
P009,K9,K,9,sample,A-0173,A-0173-B01,1,0.06858710562414266,96.8,9489.0
P009,K10,K,10,sample,A-0173,A-0173-B01,1,0.022862368541380886,101.9,9140.0
P009,K11,K,11,sample,A-0173,A-0173-B01,1,0.007620789513793629,103.2,9397.0
P009,K12,K,12,sample,A-0173,A-0173-B01,1,0.002540263171264543,106.6,9634.0
P009,K13,K,13,sample,A-0173,A-0173-B01,2,50.0,107.7,13481.0
P009,K14,K,14,sample,A-0173,A-0173-B01,2,16.666666666666668,36.6,9403.0
P009,K15,K,15,sample,A-0173,A-0173-B01,2,5.555555555555555,48.2,9748.0
P009,K16,K,16,sample,A-0173,A-0173-B01,2,1.8518518518518519,68.5,9767.0
P009,K17,K,17,sample,A-0173,A-0173-B01,2,0.6172839506172839,86.8,9318.0
P009,K18,K,18,sample,A-0173,A-0173-B01,2,0.205761316872428,94.1,9622.0
P009,K19,K,19,sample,A-0173,A-0173-B01,2,0.06858710562414266,105.4,9376.0
P009,K20,K,20,sample,A-0173,A-0173-B01,2,0.022862368541380886,102.3,9470.0
P009,K21,K,21,sample,A-0173,A-0173-B01,2,0.007620789513793629,102.6,9777.0
P009,K22,K,22,sample,A-0173,A-0173-B01,2,0.002540263171264543,99.7,9333.0
P009,L3,L,3,sample,A-0401,A-0401-B01,1,50.0,40.4,9963.0
P009,L4,L,4,sample,A-0401,A-0401-B01,1,16.666666666666668,51.3,10240.0
P009,L5,L,5,sample,A-0401,A-0401-B01,1,5.555555555555555,74.8,9561.0
P009,L6,L,6,sample,A-0401,A-0401-B01,1,1.8518518518518519,88.7,9319.0
P009,L7,L,7,sample,A-0401,A-0401-B01,1,0.6172839506172839,96.5,9548.0
P009,L8,L,8,sample,A-0401,A-0401-B01,1,0.205761316872428,101.2,9588.0
P009,L9,L,9,sample,A-0401,A-0401-B01,1,0.06858710562414266,102.3,9244.0
P009,L10,L,10,sample,A-0401,A-0401-B01,1,0.022862368541380886,96.6,9822.0
P009,L11,L,11,sample,A-0401,A-0401-B01,1,0.007620789513793629,101.1,9495.0
P009,L12,L,12,sample,A-0401,A-0401-B01,1,0.002540263171264543,107.8,9690.0
P009,L13,L,13,sample,A-0401,A-0401-B01,2,50.0,42.1,9717.0
P009,L14,L,14,sample,A-0401,A-0401-B01,2,16.666666666666668,55.3,9891.0
P009,L15,L,15,sample,A-0401,A-0401-B01,2,5.555555555555555,71.9,9704.0
P009,L16,L,16,sample,A-0401,A-0401-B01,2,1.8518518518518519,88.3,9390.0
P009,L17,L,17,sample,A-0401,A-0401-B01,2,0.6172839506172839,96.4,9034.0
P009,L18,L,18,sample,A-0401,A-0401-B01,2,0.205761316872428,98.7,9591.0
P009,L19,L,19,sample,A-0401,A-0401-B01,2,0.06858710562414266,99.1,9466.0
P009,L20,L,20,sample,A-0401,A-0401-B01,2,0.022862368541380886,101.1,9205.0
P009,L21,L,21,sample,A-0401,A-0401-B01,2,0.007620789513793629,103.7,9304.0
P009,L22,L,22,sample,A-0401,A-0401-B01,2,0.002540263171264543,102.8,9425.0
P009,M3,M,3,sample,B-0160,B-0160-B01,1,50.0,131.6,15570.0
P009,M4,M,4,sample,B-0160,B-0160-B01,1,16.666666666666668,44.2,10023.0
P009,M5,M,5,sample,B-0160,B-0160-B01,1,5.555555555555555,32.6,10081.0
P009,M6,M,6,sample,B-0160,B-0160-B01,1,1.8518518518518519,47.6,9901.0
P009,M7,M,7,sample,B-0160,B-0160-B01,1,0.6172839506172839,65.8,9663.0
P009,M8,M,8,sample,B-0160,B-0160-B01,1,0.205761316872428,86.3,9447.0
P009,M9,M,9,sample,B-0160,B-0160-B01,1,0.06858710562414266,95.9,9614.0
P009,M10,M,10,sample,B-0160,B-0160-B01,1,0.022862368541380886,100.9,9221.0
P009,M11,M,11,sample,B-0160,B-0160-B01,1,0.007620789513793629,102.9,9372.0
P009,M12,M,12,sample,B-0160,B-0160-B01,1,0.002540263171264543,102.8,9197.0
P009,M13,M,13,sample,B-0160,B-0160-B01,2,50.0,138.1,15939.0
P009,M14,M,14,sample,B-0160,B-0160-B01,2,16.666666666666668,46.3,9727.0
P009,M15,M,15,sample,B-0160,B-0160-B01,2,5.555555555555555,39.5,9935.0
P009,M16,M,16,sample,B-0160,B-0160-B01,2,1.8518518518518519,49.9,9890.0
P009,M17,M,17,sample,B-0160,B-0160-B01,2,0.6172839506172839,64.3,9439.0
P009,M18,M,18,sample,B-0160,B-0160-B01,2,0.205761316872428,82.3,9389.0
P009,M19,M,19,sample,B-0160,B-0160-B01,2,0.06858710562414266,97.3,8724.0
P009,M20,M,20,sample,B-0160,B-0160-B01,2,0.022862368541380886,103.2,9646.0
P009,M21,M,21,sample,B-0160,B-0160-B01,2,0.007620789513793629,103.5,9408.0
P009,M22,M,22,sample,B-0160,B-0160-B01,2,0.002540263171264543,105.9,9607.0
P009,N3,N,3,sample,B-0208,B-0208-B01,1,50.0,32.4,9967.0
P009,N4,N,4,sample,B-0208,B-0208-B01,1,16.666666666666668,33.2,9827.0
P009,N5,N,5,sample,B-0208,B-0208-B01,1,5.555555555555555,32.2,9960.0
P009,N6,N,6,sample,B-0208,B-0208-B01,1,1.8518518518518519,36.3,10311.0
P009,N7,N,7,sample,B-0208,B-0208-B01,1,0.6172839506172839,38.8,9927.0
P009,N8,N,8,sample,B-0208,B-0208-B01,1,0.205761316872428,56.2,10200.0
P009,N9,N,9,sample,B-0208,B-0208-B01,1,0.06858710562414266,65.8,10023.0
P009,N10,N,10,sample,B-0208,B-0208-B01,1,0.022862368541380886,86.9,9805.0
P009,N11,N,11,sample,B-0208,B-0208-B01,1,0.007620789513793629,93.6,9205.0
P009,N12,N,12,sample,B-0208,B-0208-B01,1,0.002540263171264543,97.9,9497.0
P009,N13,N,13,sample,B-0208,B-0208-B01,2,50.0,32.5,10118.0
P009,N14,N,14,sample,B-0208,B-0208-B01,2,16.666666666666668,36.4,9937.0
P009,N15,N,15,sample,B-0208,B-0208-B01,2,5.555555555555555,31.6,10075.0
P009,N16,N,16,sample,B-0208,B-0208-B01,2,1.8518518518518519,34.9,10196.0
P009,N17,N,17,sample,B-0208,B-0208-B01,2,0.6172839506172839,36.1,9797.0
P009,N18,N,18,sample,B-0208,B-0208-B01,2,0.205761316872428,44.2,9603.0
P009,N19,N,19,sample,B-0208,B-0208-B01,2,0.06858710562414266,66.2,9887.0
P009,N20,N,20,sample,B-0208,B-0208-B01,2,0.022862368541380886,87.0,9348.0
P009,N21,N,21,sample,B-0208,B-0208-B01,2,0.007620789513793629,98.0,9551.0
P009,N22,N,22,sample,B-0208,B-0208-B01,2,0.002540263171264543,101.0,9324.0
P009,O3,O,3,sample,A-0142,A-0142-B01,1,50.0,37.3,10234.0
P009,O4,O,4,sample,A-0142,A-0142-B01,1,16.666666666666668,42.6,10044.0
P009,O5,O,5,sample,A-0142,A-0142-B01,1,5.555555555555555,52.5,9579.0
P009,O6,O,6,sample,A-0142,A-0142-B01,1,1.8518518518518519,71.4,9369.0
P009,O7,O,7,sample,A-0142,A-0142-B01,1,0.6172839506172839,90.0,9842.0
P009,O8,O,8,sample,A-0142,A-0142-B01,1,0.205761316872428,97.7,9410.0
P009,O9,O,9,sample,A-0142,A-0142-B01,1,0.06858710562414266,99.8,9084.0
P009,O10,O,10,sample,A-0142,A-0142-B01,1,0.022862368541380886,102.4,9496.0
P009,O11,O,11,sample,A-0142,A-0142-B01,1,0.007620789513793629,107.3,9642.0
P009,O12,O,12,sample,A-0142,A-0142-B01,1,0.002540263171264543,103.1,9592.0
P009,O13,O,13,sample,A-0142,A-0142-B01,2,50.0,36.6,9531.0
P009,O14,O,14,sample,A-0142,A-0142-B01,2,16.666666666666668,42.5,10157.0
P009,O15,O,15,sample,A-0142,A-0142-B01,2,5.555555555555555,51.4,10052.0
P009,O16,O,16,sample,A-0142,A-0142-B01,2,1.8518518518518519,74.9,9754.0
P009,O17,O,17,sample,A-0142,A-0142-B01,2,0.6172839506172839,91.9,9727.0
P009,O18,O,18,sample,A-0142,A-0142-B01,2,0.205761316872428,99.1,9616.0
P009,O19,O,19,sample,A-0142,A-0142-B01,2,0.06858710562414266,103.9,9675.0
P009,O20,O,20,sample,A-0142,A-0142-B01,2,0.022862368541380886,99.0,9376.0
P009,O21,O,21,sample,A-0142,A-0142-B01,2,0.007620789513793629,101.9,9730.0
P009,O22,O,22,sample,A-0142,A-0142-B01,2,0.002540263171264543,101.7,9342.0
P009,P3,P,3,sample,B-0127,B-0127-B01,1,50.0,39.4,10450.0
P009,P4,P,4,sample,B-0127,B-0127-B01,1,16.666666666666668,41.6,9844.0
P009,P5,P,5,sample,B-0127,B-0127-B01,1,5.555555555555555,44.6,10061.0
P009,P6,P,6,sample,B-0127,B-0127-B01,1,1.8518518518518519,54.5,10300.0
P009,P7,P,7,sample,B-0127,B-0127-B01,1,0.6172839506172839,69.9,9850.0
P009,P8,P,8,sample,B-0127,B-0127-B01,1,0.205761316872428,88.6,9788.0
P009,P9,P,9,sample,B-0127,B-0127-B01,1,0.06858710562414266,100.5,9708.0
P009,P10,P,10,sample,B-0127,B-0127-B01,1,0.022862368541380886,104.7,9465.0
P009,P11,P,11,sample,B-0127,B-0127-B01,1,0.007620789513793629,105.1,9690.0
P009,P12,P,12,sample,B-0127,B-0127-B01,1,0.002540263171264543,104.3,10031.0
P009,P13,P,13,sample,B-0127,B-0127-B01,2,50.0,37.9,10360.0
P009,P14,P,14,sample,B-0127,B-0127-B01,2,16.666666666666668,37.3,10120.0
P009,P15,P,15,sample,B-0127,B-0127-B01,2,5.555555555555555,45.7,9997.0
P009,P16,P,16,sample,B-0127,B-0127-B01,2,1.8518518518518519,56.2,10288.0
P009,P17,P,17,sample,B-0127,B-0127-B01,2,0.6172839506172839,72.0,9770.0
P009,P18,P,18,sample,B-0127,B-0127-B01,2,0.205761316872428,91.7,10093.0
P009,P19,P,19,sample,B-0127,B-0127-B01,2,0.06858710562414266,100.4,9222.0
P009,P20,P,20,sample,B-0127,B-0127-B01,2,0.022862368541380886,103.4,9594.0
P009,P21,P,21,sample,B-0127,B-0127-B01,2,0.007620789513793629,105.6,9466.0
P009,P22,P,22,sample,B-0127,B-0127-B01,2,0.002540263171264543,106.7,9928.0
P010,A1,A,1,high_control,,,0,0.0,113.5,9438.0
P010,A2,A,2,low_control,,,0,0.0,38.2,9796.0
P010,A23,A,23,reference,REF-1,REF-1-B01,1,50.0,33.6,9897.0
P010,A24,A,24,reference,REF-1,REF-1-B01,2,50.0,38.0,10180.0
P010,B1,B,1,high_control,,,0,0.0,104.6,10000.0
P010,B2,B,2,low_control,,,0,0.0,34.4,10107.0
P010,B23,B,23,reference,REF-1,REF-1-B01,1,16.666666666666668,37.2,10247.0
P010,B24,B,24,reference,REF-1,REF-1-B01,2,16.666666666666668,40.5,10448.0
P010,C1,C,1,high_control,,,0,0.0,110.4,9846.0
P010,C2,C,2,low_control,,,0,0.0,40.9,9859.0
P010,C23,C,23,reference,REF-1,REF-1-B01,1,5.555555555555555,33.9,10263.0
P010,C24,C,24,reference,REF-1,REF-1-B01,2,5.555555555555555,44.7,9708.0
P010,D1,D,1,high_control,,,0,0.0,111.0,10196.0
P010,D2,D,2,low_control,,,0,0.0,37.7,9874.0
P010,D23,D,23,reference,REF-1,REF-1-B01,1,1.8518518518518519,35.1,9672.0
P010,D24,D,24,reference,REF-1,REF-1-B01,2,1.8518518518518519,46.2,10687.0
P010,E1,E,1,high_control,,,0,0.0,113.3,9795.0
P010,E2,E,2,low_control,,,0,0.0,31.8,10135.0
P010,E23,E,23,reference,REF-1,REF-1-B01,1,0.6172839506172839,48.5,10095.0
P010,E24,E,24,reference,REF-1,REF-1-B01,2,0.6172839506172839,48.6,10053.0
P010,F1,F,1,high_control,,,0,0.0,107.3,9091.0
P010,F2,F,2,low_control,,,0,0.0,37.9,9849.0
P010,F23,F,23,reference,REF-1,REF-1-B01,1,0.205761316872428,61.5,9777.0
P010,F24,F,24,reference,REF-1,REF-1-B01,2,0.205761316872428,63.5,10268.0
P010,G1,G,1,high_control,,,0,0.0,112.3,9159.0
P010,G2,G,2,low_control,,,0,0.0,32.0,10402.0
P010,G23,G,23,reference,REF-1,REF-1-B01,1,0.06858710562414266,76.3,9629.0
P010,G24,G,24,reference,REF-1,REF-1-B01,2,0.06858710562414266,81.4,9665.0
P010,H1,H,1,high_control,,,0,0.0,107.9,9543.0
P010,H2,H,2,low_control,,,0,0.0,34.1,10010.0
P010,H23,H,23,reference,REF-1,REF-1-B01,1,0.022862368541380886,88.9,9595.0
P010,H24,H,24,reference,REF-1,REF-1-B01,2,0.022862368541380886,98.8,10066.0
P010,I1,I,1,high_control,,,0,0.0,110.6,9633.0
P010,I2,I,2,low_control,,,0,0.0,36.6,9596.0
P010,I23,I,23,reference,REF-1,REF-1-B01,1,0.007620789513793629,102.7,9451.0
P010,I24,I,24,reference,REF-1,REF-1-B01,2,0.007620789513793629,104.1,9427.0
P010,J1,J,1,high_control,,,0,0.0,110.9,9517.0
P010,J2,J,2,low_control,,,0,0.0,40.1,10340.0
P010,J23,J,23,reference,REF-1,REF-1-B01,1,0.002540263171264543,102.8,9435.0
P010,J24,J,24,reference,REF-1,REF-1-B01,2,0.002540263171264543,106.0,9882.0
P010,K1,K,1,high_control,,,0,0.0,106.6,9089.0
P010,K2,K,2,low_control,,,0,0.0,40.2,10211.0
P010,K23,K,23,high_control,,,0,0.0,102.9,9626.0
P010,K24,K,24,low_control,,,0,0.0,37.7,10534.0
P010,L1,L,1,high_control,,,0,0.0,110.5,10043.0
P010,L2,L,2,low_control,,,0,0.0,36.2,10113.0
P010,L23,L,23,high_control,,,0,0.0,106.9,9648.0
P010,L24,L,24,low_control,,,0,0.0,41.2,10189.0
P010,M1,M,1,high_control,,,0,0.0,112.3,9344.0
P010,M2,M,2,low_control,,,0,0.0,32.3,10102.0
P010,M23,M,23,high_control,,,0,0.0,103.1,9590.0
P010,M24,M,24,low_control,,,0,0.0,43.8,10232.0
P010,N1,N,1,high_control,,,0,0.0,105.5,9483.0
P010,N2,N,2,low_control,,,0,0.0,34.3,9852.0
P010,N23,N,23,high_control,,,0,0.0,102.3,9452.0
P010,N24,N,24,low_control,,,0,0.0,40.2,10007.0
P010,O1,O,1,high_control,,,0,0.0,110.4,9413.0
P010,O2,O,2,low_control,,,0,0.0,36.5,9811.0
P010,O23,O,23,high_control,,,0,0.0,108.9,9647.0
P010,O24,O,24,low_control,,,0,0.0,38.9,9933.0
P010,P1,P,1,high_control,,,0,0.0,106.9,9442.0
P010,P2,P,2,low_control,,,0,0.0,39.3,9718.0
P010,P23,P,23,high_control,,,0,0.0,111.7,9515.0
P010,P24,P,24,low_control,,,0,0.0,42.3,10083.0
P010,A3,A,3,sample,A-0193,A-0193-B01,1,50.0,40.1,10029.0
P010,A4,A,4,sample,A-0193,A-0193-B01,1,16.666666666666668,40.5,10363.0
P010,A5,A,5,sample,A-0193,A-0193-B01,1,5.555555555555555,44.7,10095.0
P010,A6,A,6,sample,A-0193,A-0193-B01,1,1.8518518518518519,54.3,10705.0
P010,A7,A,7,sample,A-0193,A-0193-B01,1,0.6172839506172839,68.4,9769.0
P010,A8,A,8,sample,A-0193,A-0193-B01,1,0.205761316872428,86.2,9734.0
P010,A9,A,9,sample,A-0193,A-0193-B01,1,0.06858710562414266,98.7,9552.0
P010,A10,A,10,sample,A-0193,A-0193-B01,1,0.022862368541380886,107.1,9732.0
P010,A11,A,11,sample,A-0193,A-0193-B01,1,0.007620789513793629,108.3,9786.0
P010,A12,A,12,sample,A-0193,A-0193-B01,1,0.002540263171264543,108.5,9497.0
P010,A13,A,13,sample,A-0193,A-0193-B01,2,50.0,37.5,10326.0
P010,A14,A,14,sample,A-0193,A-0193-B01,2,16.666666666666668,44.1,10368.0
P010,A15,A,15,sample,A-0193,A-0193-B01,2,5.555555555555555,43.1,9938.0
P010,A16,A,16,sample,A-0193,A-0193-B01,2,1.8518518518518519,51.2,9925.0
P010,A17,A,17,sample,A-0193,A-0193-B01,2,0.6172839506172839,74.1,9887.0
P010,A18,A,18,sample,A-0193,A-0193-B01,2,0.205761316872428,80.7,9806.0
P010,A19,A,19,sample,A-0193,A-0193-B01,2,0.06858710562414266,104.0,9974.0
P010,A20,A,20,sample,A-0193,A-0193-B01,2,0.022862368541380886,103.5,9749.0
P010,A21,A,21,sample,A-0193,A-0193-B01,2,0.007620789513793629,107.8,9561.0
P010,A22,A,22,sample,A-0193,A-0193-B01,2,0.002540263171264543,106.1,9712.0
P010,B3,B,3,sample,B-0263,B-0263-B01,1,50.0,38.5,10088.0
P010,B4,B,4,sample,B-0263,B-0263-B01,1,16.666666666666668,36.4,10054.0
P010,B5,B,5,sample,B-0263,B-0263-B01,1,5.555555555555555,36.2,9826.0
P010,B6,B,6,sample,B-0263,B-0263-B01,1,1.8518518518518519,42.1,9848.0
P010,B7,B,7,sample,B-0263,B-0263-B01,1,0.6172839506172839,51.4,10186.0
P010,B8,B,8,sample,B-0263,B-0263-B01,1,0.205761316872428,69.7,9599.0
P010,B9,B,9,sample,B-0263,B-0263-B01,1,0.06858710562414266,84.7,10173.0
P010,B10,B,10,sample,B-0263,B-0263-B01,1,0.022862368541380886,91.8,9449.0
P010,B11,B,11,sample,B-0263,B-0263-B01,1,0.007620789513793629,103.9,9336.0
P010,B12,B,12,sample,B-0263,B-0263-B01,1,0.002540263171264543,107.1,8834.0
P010,B13,B,13,sample,B-0263,B-0263-B01,2,50.0,38.9,10066.0
P010,B14,B,14,sample,B-0263,B-0263-B01,2,16.666666666666668,37.3,10213.0
P010,B15,B,15,sample,B-0263,B-0263-B01,2,5.555555555555555,39.7,9736.0
P010,B16,B,16,sample,B-0263,B-0263-B01,2,1.8518518518518519,42.7,9791.0
P010,B17,B,17,sample,B-0263,B-0263-B01,2,0.6172839506172839,50.4,9518.0
P010,B18,B,18,sample,B-0263,B-0263-B01,2,0.205761316872428,66.8,9311.0
P010,B19,B,19,sample,B-0263,B-0263-B01,2,0.06858710562414266,88.1,9476.0
P010,B20,B,20,sample,B-0263,B-0263-B01,2,0.022862368541380886,98.5,9773.0
P010,B21,B,21,sample,B-0263,B-0263-B01,2,0.007620789513793629,105.0,9416.0
P010,B22,B,22,sample,B-0263,B-0263-B01,2,0.002540263171264543,105.8,9386.0
P010,C3,C,3,sample,A-0151,A-0151-B01,1,50.0,138.0,14397.0
P010,C4,C,4,sample,A-0151,A-0151-B01,1,16.666666666666668,68.8,10720.0
P010,C5,C,5,sample,A-0151,A-0151-B01,1,5.555555555555555,45.1,10135.0
P010,C6,C,6,sample,A-0151,A-0151-B01,1,1.8518518518518519,53.6,9901.0
P010,C7,C,7,sample,A-0151,A-0151-B01,1,0.6172839506172839,78.3,9629.0
P010,C8,C,8,sample,A-0151,A-0151-B01,1,0.205761316872428,94.8,9357.0
P010,C9,C,9,sample,A-0151,A-0151-B01,1,0.06858710562414266,99.7,9227.0
P010,C10,C,10,sample,A-0151,A-0151-B01,1,0.022862368541380886,103.5,9296.0
P010,C11,C,11,sample,A-0151,A-0151-B01,1,0.007620789513793629,102.0,9608.0
P010,C12,C,12,sample,A-0151,A-0151-B01,1,0.002540263171264543,103.6,9432.0
P010,C13,C,13,sample,A-0151,A-0151-B01,2,50.0,137.9,15166.0
P010,C14,C,14,sample,A-0151,A-0151-B01,2,16.666666666666668,62.1,10118.0
P010,C15,C,15,sample,A-0151,A-0151-B01,2,5.555555555555555,45.6,9872.0
P010,C16,C,16,sample,A-0151,A-0151-B01,2,1.8518518518518519,57.3,9491.0
P010,C17,C,17,sample,A-0151,A-0151-B01,2,0.6172839506172839,80.4,9845.0
P010,C18,C,18,sample,A-0151,A-0151-B01,2,0.205761316872428,95.8,9372.0
P010,C19,C,19,sample,A-0151,A-0151-B01,2,0.06858710562414266,102.7,9249.0
P010,C20,C,20,sample,A-0151,A-0151-B01,2,0.022862368541380886,101.4,9559.0
P010,C21,C,21,sample,A-0151,A-0151-B01,2,0.007620789513793629,103.8,9110.0
P010,C22,C,22,sample,A-0151,A-0151-B01,2,0.002540263171264543,107.1,9215.0
P010,D3,D,3,sample,B-0038,B-0038-B01,1,50.0,34.1,9801.0
P010,D4,D,4,sample,B-0038,B-0038-B01,1,16.666666666666668,36.0,9712.0
P010,D5,D,5,sample,B-0038,B-0038-B01,1,5.555555555555555,40.8,10120.0
P010,D6,D,6,sample,B-0038,B-0038-B01,1,1.8518518518518519,41.0,10121.0
P010,D7,D,7,sample,B-0038,B-0038-B01,1,0.6172839506172839,50.6,9879.0
P010,D8,D,8,sample,B-0038,B-0038-B01,1,0.205761316872428,69.0,9607.0
P010,D9,D,9,sample,B-0038,B-0038-B01,1,0.06858710562414266,86.2,9324.0
P010,D10,D,10,sample,B-0038,B-0038-B01,1,0.022862368541380886,94.6,9248.0
P010,D11,D,11,sample,B-0038,B-0038-B01,1,0.007620789513793629,104.1,9709.0
P010,D12,D,12,sample,B-0038,B-0038-B01,1,0.002540263171264543,105.4,9088.0
P010,D13,D,13,sample,B-0038,B-0038-B01,2,50.0,38.0,10042.0
P010,D14,D,14,sample,B-0038,B-0038-B01,2,16.666666666666668,34.8,10580.0
P010,D15,D,15,sample,B-0038,B-0038-B01,2,5.555555555555555,35.4,9743.0
P010,D16,D,16,sample,B-0038,B-0038-B01,2,1.8518518518518519,41.2,9575.0
P010,D17,D,17,sample,B-0038,B-0038-B01,2,0.6172839506172839,49.9,9251.0
P010,D18,D,18,sample,B-0038,B-0038-B01,2,0.205761316872428,67.3,10043.0
P010,D19,D,19,sample,B-0038,B-0038-B01,2,0.06858710562414266,85.1,9115.0
P010,D20,D,20,sample,B-0038,B-0038-B01,2,0.022862368541380886,100.7,9028.0
P010,D21,D,21,sample,B-0038,B-0038-B01,2,0.007620789513793629,106.3,9088.0
P010,D22,D,22,sample,B-0038,B-0038-B01,2,0.002540263171264543,102.6,9481.0
P010,E3,E,3,sample,B-0322,B-0322-B01,1,50.0,34.7,10008.0
P010,E4,E,4,sample,B-0322,B-0322-B01,1,16.666666666666668,37.4,10473.0
P010,E5,E,5,sample,B-0322,B-0322-B01,1,5.555555555555555,30.0,10172.0
P010,E6,E,6,sample,B-0322,B-0322-B01,1,1.8518518518518519,36.0,10508.0
P010,E7,E,7,sample,B-0322,B-0322-B01,1,0.6172839506172839,32.9,10043.0
P010,E8,E,8,sample,B-0322,B-0322-B01,1,0.205761316872428,42.1,9555.0
P010,E9,E,9,sample,B-0322,B-0322-B01,1,0.06858710562414266,60.7,10094.0
P010,E10,E,10,sample,B-0322,B-0322-B01,1,0.022862368541380886,77.1,9801.0
P010,E11,E,11,sample,B-0322,B-0322-B01,1,0.007620789513793629,92.8,9360.0
P010,E12,E,12,sample,B-0322,B-0322-B01,1,0.002540263171264543,100.6,9532.0
P010,E13,E,13,sample,B-0322,B-0322-B01,2,50.0,38.9,10047.0
P010,E14,E,14,sample,B-0322,B-0322-B01,2,16.666666666666668,35.9,10166.0
P010,E15,E,15,sample,B-0322,B-0322-B01,2,5.555555555555555,40.2,10335.0
P010,E16,E,16,sample,B-0322,B-0322-B01,2,1.8518518518518519,34.1,10004.0
P010,E17,E,17,sample,B-0322,B-0322-B01,2,0.6172839506172839,38.8,10281.0
P010,E18,E,18,sample,B-0322,B-0322-B01,2,0.205761316872428,43.5,9615.0
P010,E19,E,19,sample,B-0322,B-0322-B01,2,0.06858710562414266,60.6,9985.0
P010,E20,E,20,sample,B-0322,B-0322-B01,2,0.022862368541380886,77.4,9026.0
P010,E21,E,21,sample,B-0322,B-0322-B01,2,0.007620789513793629,94.8,9839.0
P010,E22,E,22,sample,B-0322,B-0322-B01,2,0.002540263171264543,100.2,9305.0
P010,F3,F,3,sample,A-0395,A-0395-B01,1,50.0,144.1,15379.0
P010,F4,F,4,sample,A-0395,A-0395-B01,1,16.666666666666668,73.8,10864.0
P010,F5,F,5,sample,A-0395,A-0395-B01,1,5.555555555555555,48.4,9979.0
P010,F6,F,6,sample,A-0395,A-0395-B01,1,1.8518518518518519,51.4,10022.0
P010,F7,F,7,sample,A-0395,A-0395-B01,1,0.6172839506172839,68.8,10104.0
P010,F8,F,8,sample,A-0395,A-0395-B01,1,0.205761316872428,89.5,9499.0
P010,F9,F,9,sample,A-0395,A-0395-B01,1,0.06858710562414266,102.2,9098.0
P010,F10,F,10,sample,A-0395,A-0395-B01,1,0.022862368541380886,103.7,9552.0
P010,F11,F,11,sample,A-0395,A-0395-B01,1,0.007620789513793629,107.0,9682.0
P010,F12,F,12,sample,A-0395,A-0395-B01,1,0.002540263171264543,102.0,9573.0
P010,F13,F,13,sample,A-0395,A-0395-B01,2,50.0,141.9,15777.0
P010,F14,F,14,sample,A-0395,A-0395-B01,2,16.666666666666668,75.2,11338.0
P010,F15,F,15,sample,A-0395,A-0395-B01,2,5.555555555555555,45.9,9959.0
P010,F16,F,16,sample,A-0395,A-0395-B01,2,1.8518518518518519,59.5,9778.0
P010,F17,F,17,sample,A-0395,A-0395-B01,2,0.6172839506172839,79.1,9923.0
P010,F18,F,18,sample,A-0395,A-0395-B01,2,0.205761316872428,89.9,9580.0
P010,F19,F,19,sample,A-0395,A-0395-B01,2,0.06858710562414266,100.8,9577.0
P010,F20,F,20,sample,A-0395,A-0395-B01,2,0.022862368541380886,102.8,9630.0
P010,F21,F,21,sample,A-0395,A-0395-B01,2,0.007620789513793629,101.8,9932.0
P010,F22,F,22,sample,A-0395,A-0395-B01,2,0.002540263171264543,107.0,9523.0
P010,G3,G,3,sample,A-0103,A-0103-B01,1,50.0,41.6,10188.0
P010,G4,G,4,sample,A-0103,A-0103-B01,1,16.666666666666668,56.9,9656.0
P010,G5,G,5,sample,A-0103,A-0103-B01,1,5.555555555555555,65.1,9954.0
P010,G6,G,6,sample,A-0103,A-0103-B01,1,1.8518518518518519,88.4,9636.0
P010,G7,G,7,sample,A-0103,A-0103-B01,1,0.6172839506172839,98.5,9681.0
P010,G8,G,8,sample,A-0103,A-0103-B01,1,0.205761316872428,102.8,9385.0
P010,G9,G,9,sample,A-0103,A-0103-B01,1,0.06858710562414266,103.6,9819.0
P010,G10,G,10,sample,A-0103,A-0103-B01,1,0.022862368541380886,104.3,9779.0
P010,G11,G,11,sample,A-0103,A-0103-B01,1,0.007620789513793629,106.5,9573.0
P010,G12,G,12,sample,A-0103,A-0103-B01,1,0.002540263171264543,103.6,9580.0
P010,G13,G,13,sample,A-0103,A-0103-B01,2,50.0,43.3,9992.0
P010,G14,G,14,sample,A-0103,A-0103-B01,2,16.666666666666668,45.9,9949.0
P010,G15,G,15,sample,A-0103,A-0103-B01,2,5.555555555555555,65.2,9908.0
P010,G16,G,16,sample,A-0103,A-0103-B01,2,1.8518518518518519,84.6,9679.0
P010,G17,G,17,sample,A-0103,A-0103-B01,2,0.6172839506172839,96.2,9360.0
P010,G18,G,18,sample,A-0103,A-0103-B01,2,0.205761316872428,100.6,9501.0
P010,G19,G,19,sample,A-0103,A-0103-B01,2,0.06858710562414266,101.5,9585.0
P010,G20,G,20,sample,A-0103,A-0103-B01,2,0.022862368541380886,101.5,9302.0
P010,G21,G,21,sample,A-0103,A-0103-B01,2,0.007620789513793629,101.0,9210.0
P010,G22,G,22,sample,A-0103,A-0103-B01,2,0.002540263171264543,110.5,9391.0
P010,H3,H,3,sample,B-0274,B-0274-B01,1,50.0,37.6,10247.0
P010,H4,H,4,sample,B-0274,B-0274-B01,1,16.666666666666668,34.7,9956.0
P010,H5,H,5,sample,B-0274,B-0274-B01,1,5.555555555555555,45.2,10784.0
P010,H6,H,6,sample,B-0274,B-0274-B01,1,1.8518518518518519,54.1,9429.0
P010,H7,H,7,sample,B-0274,B-0274-B01,1,0.6172839506172839,73.5,9538.0
P010,H8,H,8,sample,B-0274,B-0274-B01,1,0.205761316872428,88.8,9343.0
P010,H9,H,9,sample,B-0274,B-0274-B01,1,0.06858710562414266,100.4,8975.0
P010,H10,H,10,sample,B-0274,B-0274-B01,1,0.022862368541380886,103.0,9001.0
P010,H11,H,11,sample,B-0274,B-0274-B01,1,0.007620789513793629,105.7,9654.0
P010,H12,H,12,sample,B-0274,B-0274-B01,1,0.002540263171264543,103.7,9390.0
P010,H13,H,13,sample,B-0274,B-0274-B01,2,50.0,35.9,10304.0
P010,H14,H,14,sample,B-0274,B-0274-B01,2,16.666666666666668,37.5,10228.0
P010,H15,H,15,sample,B-0274,B-0274-B01,2,5.555555555555555,42.3,10117.0
P010,H16,H,16,sample,B-0274,B-0274-B01,2,1.8518518518518519,51.2,10212.0
P010,H17,H,17,sample,B-0274,B-0274-B01,2,0.6172839506172839,71.8,10075.0
P010,H18,H,18,sample,B-0274,B-0274-B01,2,0.205761316872428,87.2,9993.0
P010,H19,H,19,sample,B-0274,B-0274-B01,2,0.06858710562414266,97.5,9312.0
P010,H20,H,20,sample,B-0274,B-0274-B01,2,0.022862368541380886,107.0,9386.0
P010,H21,H,21,sample,B-0274,B-0274-B01,2,0.007620789513793629,99.2,9556.0
P010,H22,H,22,sample,B-0274,B-0274-B01,2,0.002540263171264543,108.1,9789.0
P010,I3,I,3,sample,B-0214,B-0214-B01,1,50.0,34.7,10190.0
P010,I4,I,4,sample,B-0214,B-0214-B01,1,16.666666666666668,36.8,9893.0
P010,I5,I,5,sample,B-0214,B-0214-B01,1,5.555555555555555,42.6,9974.0
P010,I6,I,6,sample,B-0214,B-0214-B01,1,1.8518518518518519,51.4,9837.0
P010,I7,I,7,sample,B-0214,B-0214-B01,1,0.6172839506172839,61.0,9732.0
P010,I8,I,8,sample,B-0214,B-0214-B01,1,0.205761316872428,83.0,9252.0
P010,I9,I,9,sample,B-0214,B-0214-B01,1,0.06858710562414266,101.2,9320.0
P010,I10,I,10,sample,B-0214,B-0214-B01,1,0.022862368541380886,101.7,8881.0
P010,I11,I,11,sample,B-0214,B-0214-B01,1,0.007620789513793629,100.5,9220.0
P010,I12,I,12,sample,B-0214,B-0214-B01,1,0.002540263171264543,103.0,9473.0
P010,I13,I,13,sample,B-0214,B-0214-B01,2,50.0,35.6,9485.0
P010,I14,I,14,sample,B-0214,B-0214-B01,2,16.666666666666668,37.0,10136.0
P010,I15,I,15,sample,B-0214,B-0214-B01,2,5.555555555555555,40.1,10176.0
P010,I16,I,16,sample,B-0214,B-0214-B01,2,1.8518518518518519,51.3,9966.0
P010,I17,I,17,sample,B-0214,B-0214-B01,2,0.6172839506172839,67.8,10043.0
P010,I18,I,18,sample,B-0214,B-0214-B01,2,0.205761316872428,90.7,9485.0
P010,I19,I,19,sample,B-0214,B-0214-B01,2,0.06858710562414266,98.1,9499.0
P010,I20,I,20,sample,B-0214,B-0214-B01,2,0.022862368541380886,101.8,9193.0
P010,I21,I,21,sample,B-0214,B-0214-B01,2,0.007620789513793629,104.5,9194.0
P010,I22,I,22,sample,B-0214,B-0214-B01,2,0.002540263171264543,103.8,9127.0
P010,J3,J,3,sample,B-0005,B-0005-B01,1,50.0,36.9,9885.0
P010,J4,J,4,sample,B-0005,B-0005-B01,1,16.666666666666668,40.4,9907.0
P010,J5,J,5,sample,B-0005,B-0005-B01,1,5.555555555555555,40.0,10140.0
P010,J6,J,6,sample,B-0005,B-0005-B01,1,1.8518518518518519,39.4,10025.0
P010,J7,J,7,sample,B-0005,B-0005-B01,1,0.6172839506172839,44.7,9906.0
P010,J8,J,8,sample,B-0005,B-0005-B01,1,0.205761316872428,53.2,10103.0
P010,J9,J,9,sample,B-0005,B-0005-B01,1,0.06858710562414266,73.6,9685.0
P010,J10,J,10,sample,B-0005,B-0005-B01,1,0.022862368541380886,91.2,9684.0
P010,J11,J,11,sample,B-0005,B-0005-B01,1,0.007620789513793629,98.4,9367.0
P010,J12,J,12,sample,B-0005,B-0005-B01,1,0.002540263171264543,104.5,9970.0
P010,J13,J,13,sample,B-0005,B-0005-B01,2,50.0,36.1,10166.0
P010,J14,J,14,sample,B-0005,B-0005-B01,2,16.666666666666668,36.4,9493.0
P010,J15,J,15,sample,B-0005,B-0005-B01,2,5.555555555555555,40.9,10237.0
P010,J16,J,16,sample,B-0005,B-0005-B01,2,1.8518518518518519,37.8,10235.0
P010,J17,J,17,sample,B-0005,B-0005-B01,2,0.6172839506172839,40.7,10157.0
P010,J18,J,18,sample,B-0005,B-0005-B01,2,0.205761316872428,60.5,9845.0
P010,J19,J,19,sample,B-0005,B-0005-B01,2,0.06858710562414266,71.7,9592.0
P010,J20,J,20,sample,B-0005,B-0005-B01,2,0.022862368541380886,91.5,9642.0
P010,J21,J,21,sample,B-0005,B-0005-B01,2,0.007620789513793629,101.0,9257.0
P010,J22,J,22,sample,B-0005,B-0005-B01,2,0.002540263171264543,101.8,9402.0
P010,K3,K,3,sample,A-0374,A-0374-B01,1,50.0,112.8,13431.0
P010,K4,K,4,sample,A-0374,A-0374-B01,1,16.666666666666668,41.2,10050.0
P010,K5,K,5,sample,A-0374,A-0374-B01,1,5.555555555555555,36.1,9897.0
P010,K6,K,6,sample,A-0374,A-0374-B01,1,1.8518518518518519,43.8,9879.0
P010,K7,K,7,sample,A-0374,A-0374-B01,1,0.6172839506172839,53.5,10250.0
P010,K8,K,8,sample,A-0374,A-0374-B01,1,0.205761316872428,70.6,9377.0
P010,K9,K,9,sample,A-0374,A-0374-B01,1,0.06858710562414266,84.2,9539.0
P010,K10,K,10,sample,A-0374,A-0374-B01,1,0.022862368541380886,98.9,9583.0
P010,K11,K,11,sample,A-0374,A-0374-B01,1,0.007620789513793629,103.5,9551.0
P010,K12,K,12,sample,A-0374,A-0374-B01,1,0.002540263171264543,102.6,9409.0
P010,K13,K,13,sample,A-0374,A-0374-B01,2,50.0,130.4,13756.0
P010,K14,K,14,sample,A-0374,A-0374-B01,2,16.666666666666668,35.1,10412.0
P010,K15,K,15,sample,A-0374,A-0374-B01,2,5.555555555555555,40.7,9989.0
P010,K16,K,16,sample,A-0374,A-0374-B01,2,1.8518518518518519,43.0,9885.0
P010,K17,K,17,sample,A-0374,A-0374-B01,2,0.6172839506172839,49.0,9575.0
P010,K18,K,18,sample,A-0374,A-0374-B01,2,0.205761316872428,72.9,9643.0
P010,K19,K,19,sample,A-0374,A-0374-B01,2,0.06858710562414266,88.1,9448.0
P010,K20,K,20,sample,A-0374,A-0374-B01,2,0.022862368541380886,95.9,9752.0
P010,K21,K,21,sample,A-0374,A-0374-B01,2,0.007620789513793629,101.6,9685.0
P010,K22,K,22,sample,A-0374,A-0374-B01,2,0.002540263171264543,105.6,9776.0
P010,L3,L,3,sample,B-0332,B-0332-B01,1,50.0,36.9,9766.0
P010,L4,L,4,sample,B-0332,B-0332-B01,1,16.666666666666668,41.0,10199.0
P010,L5,L,5,sample,B-0332,B-0332-B01,1,5.555555555555555,37.7,9719.0
P010,L6,L,6,sample,B-0332,B-0332-B01,1,1.8518518518518519,42.4,10357.0
P010,L7,L,7,sample,B-0332,B-0332-B01,1,0.6172839506172839,105.3,9558.0
P010,L8,L,8,sample,B-0332,B-0332-B01,1,0.205761316872428,59.1,9604.0
P010,L9,L,9,sample,B-0332,B-0332-B01,1,0.06858710562414266,82.3,9781.0
P010,L10,L,10,sample,B-0332,B-0332-B01,1,0.022862368541380886,91.8,9070.0
P010,L11,L,11,sample,B-0332,B-0332-B01,1,0.007620789513793629,101.5,9253.0
P010,L12,L,12,sample,B-0332,B-0332-B01,1,0.002540263171264543,103.2,9429.0
P010,L13,L,13,sample,B-0332,B-0332-B01,2,50.0,38.0,9573.0
P010,L14,L,14,sample,B-0332,B-0332-B01,2,16.666666666666668,39.4,10499.0
P010,L15,L,15,sample,B-0332,B-0332-B01,2,5.555555555555555,33.4,9981.0
P010,L16,L,16,sample,B-0332,B-0332-B01,2,1.8518518518518519,43.6,9921.0
P010,L17,L,17,sample,B-0332,B-0332-B01,2,0.6172839506172839,47.1,9764.0
P010,L18,L,18,sample,B-0332,B-0332-B01,2,0.205761316872428,58.5,9610.0
P010,L19,L,19,sample,B-0332,B-0332-B01,2,0.06858710562414266,77.4,9266.0
P010,L20,L,20,sample,B-0332,B-0332-B01,2,0.022862368541380886,94.6,9426.0
P010,L21,L,21,sample,B-0332,B-0332-B01,2,0.007620789513793629,101.5,9595.0
P010,L22,L,22,sample,B-0332,B-0332-B01,2,0.002540263171264543,99.5,9270.0
P010,M3,M,3,sample,B-0209,B-0209-B01,1,50.0,35.4,10070.0
P010,M4,M,4,sample,B-0209,B-0209-B01,1,16.666666666666668,34.8,9878.0
P010,M5,M,5,sample,B-0209,B-0209-B01,1,5.555555555555555,39.8,10359.0
P010,M6,M,6,sample,B-0209,B-0209-B01,1,1.8518518518518519,47.3,9892.0
P010,M7,M,7,sample,B-0209,B-0209-B01,1,0.6172839506172839,52.3,9789.0
P010,M8,M,8,sample,B-0209,B-0209-B01,1,0.205761316872428,73.6,9672.0
P010,M9,M,9,sample,B-0209,B-0209-B01,1,0.06858710562414266,86.8,9162.0
P010,M10,M,10,sample,B-0209,B-0209-B01,1,0.022862368541380886,102.4,9077.0
P010,M11,M,11,sample,B-0209,B-0209-B01,1,0.007620789513793629,105.2,9594.0
P010,M12,M,12,sample,B-0209,B-0209-B01,1,0.002540263171264543,101.0,9920.0
P010,M13,M,13,sample,B-0209,B-0209-B01,2,50.0,32.5,10287.0
P010,M14,M,14,sample,B-0209,B-0209-B01,2,16.666666666666668,37.6,10259.0
P010,M15,M,15,sample,B-0209,B-0209-B01,2,5.555555555555555,37.5,9901.0
P010,M16,M,16,sample,B-0209,B-0209-B01,2,1.8518518518518519,44.8,10057.0
P010,M17,M,17,sample,B-0209,B-0209-B01,2,0.6172839506172839,49.9,9530.0
P010,M18,M,18,sample,B-0209,B-0209-B01,2,0.205761316872428,70.8,9975.0
P010,M19,M,19,sample,B-0209,B-0209-B01,2,0.06858710562414266,87.3,9684.0
P010,M20,M,20,sample,B-0209,B-0209-B01,2,0.022862368541380886,99.9,9440.0
P010,M21,M,21,sample,B-0209,B-0209-B01,2,0.007620789513793629,106.6,9508.0
P010,M22,M,22,sample,B-0209,B-0209-B01,2,0.002540263171264543,105.8,9436.0
P010,N3,N,3,sample,B-0037,B-0037-B01,1,50.0,34.8,9824.0
P010,N4,N,4,sample,B-0037,B-0037-B01,1,16.666666666666668,39.7,10373.0
P010,N5,N,5,sample,B-0037,B-0037-B01,1,5.555555555555555,37.9,10205.0
P010,N6,N,6,sample,B-0037,B-0037-B01,1,1.8518518518518519,49.7,9800.0
P010,N7,N,7,sample,B-0037,B-0037-B01,1,0.6172839506172839,68.3,9886.0
P010,N8,N,8,sample,B-0037,B-0037-B01,1,0.205761316872428,87.6,9588.0
P010,N9,N,9,sample,B-0037,B-0037-B01,1,0.06858710562414266,92.6,9565.0
P010,N10,N,10,sample,B-0037,B-0037-B01,1,0.022862368541380886,102.0,9274.0
P010,N11,N,11,sample,B-0037,B-0037-B01,1,0.007620789513793629,102.1,9393.0
P010,N12,N,12,sample,B-0037,B-0037-B01,1,0.002540263171264543,107.0,9456.0
P010,N13,N,13,sample,B-0037,B-0037-B01,2,50.0,34.1,10032.0
P010,N14,N,14,sample,B-0037,B-0037-B01,2,16.666666666666668,32.9,10546.0
P010,N15,N,15,sample,B-0037,B-0037-B01,2,5.555555555555555,42.9,9909.0
P010,N16,N,16,sample,B-0037,B-0037-B01,2,1.8518518518518519,50.2,9998.0
P010,N17,N,17,sample,B-0037,B-0037-B01,2,0.6172839506172839,71.1,9693.0
P010,N18,N,18,sample,B-0037,B-0037-B01,2,0.205761316872428,85.3,9884.0
P010,N19,N,19,sample,B-0037,B-0037-B01,2,0.06858710562414266,100.7,9970.0
P010,N20,N,20,sample,B-0037,B-0037-B01,2,0.022862368541380886,108.5,9453.0
P010,N21,N,21,sample,B-0037,B-0037-B01,2,0.007620789513793629,106.7,9147.0
P010,N22,N,22,sample,B-0037,B-0037-B01,2,0.002540263171264543,105.7,9505.0
P010,O3,O,3,sample,B-0143,B-0143-B01,1,50.0,35.3,10126.0
P010,O4,O,4,sample,B-0143,B-0143-B01,1,16.666666666666668,35.1,9872.0
P010,O5,O,5,sample,B-0143,B-0143-B01,1,5.555555555555555,42.8,9925.0
P010,O6,O,6,sample,B-0143,B-0143-B01,1,1.8518518518518519,55.9,9575.0
P010,O7,O,7,sample,B-0143,B-0143-B01,1,0.6172839506172839,68.2,9524.0
P010,O8,O,8,sample,B-0143,B-0143-B01,1,0.205761316872428,88.3,9429.0
P010,O9,O,9,sample,B-0143,B-0143-B01,1,0.06858710562414266,105.7,9932.0
P010,O10,O,10,sample,B-0143,B-0143-B01,1,0.022862368541380886,102.6,9903.0
P010,O11,O,11,sample,B-0143,B-0143-B01,1,0.007620789513793629,108.1,9382.0
P010,O12,O,12,sample,B-0143,B-0143-B01,1,0.002540263171264543,106.1,9360.0
P010,O13,O,13,sample,B-0143,B-0143-B01,2,50.0,37.3,10604.0
P010,O14,O,14,sample,B-0143,B-0143-B01,2,16.666666666666668,37.8,10051.0
P010,O15,O,15,sample,B-0143,B-0143-B01,2,5.555555555555555,40.3,10070.0
P010,O16,O,16,sample,B-0143,B-0143-B01,2,1.8518518518518519,51.2,9822.0
P010,O17,O,17,sample,B-0143,B-0143-B01,2,0.6172839506172839,68.3,9901.0
P010,O18,O,18,sample,B-0143,B-0143-B01,2,0.205761316872428,87.2,9600.0
P010,O19,O,19,sample,B-0143,B-0143-B01,2,0.06858710562414266,100.8,9388.0
P010,O20,O,20,sample,B-0143,B-0143-B01,2,0.022862368541380886,101.7,9882.0
P010,O21,O,21,sample,B-0143,B-0143-B01,2,0.007620789513793629,109.2,9330.0
P010,O22,O,22,sample,B-0143,B-0143-B01,2,0.002540263171264543,102.7,9061.0
P010,P3,P,3,sample,B-0316,B-0316-B01,1,50.0,37.0,10621.0
P010,P4,P,4,sample,B-0316,B-0316-B01,1,16.666666666666668,40.5,10198.0
P010,P5,P,5,sample,B-0316,B-0316-B01,1,5.555555555555555,42.0,9936.0
P010,P6,P,6,sample,B-0316,B-0316-B01,1,1.8518518518518519,41.9,10155.0
P010,P7,P,7,sample,B-0316,B-0316-B01,1,0.6172839506172839,46.0,9887.0
P010,P8,P,8,sample,B-0316,B-0316-B01,1,0.205761316872428,53.8,10339.0
P010,P9,P,9,sample,B-0316,B-0316-B01,1,0.06858710562414266,61.2,10193.0
P010,P10,P,10,sample,B-0316,B-0316-B01,1,0.022862368541380886,80.9,9646.0
P010,P11,P,11,sample,B-0316,B-0316-B01,1,0.007620789513793629,101.4,9819.0
P010,P12,P,12,sample,B-0316,B-0316-B01,1,0.002540263171264543,107.4,9985.0
P010,P13,P,13,sample,B-0316,B-0316-B01,2,50.0,42.0,9753.0
P010,P14,P,14,sample,B-0316,B-0316-B01,2,16.666666666666668,41.4,10283.0
P010,P15,P,15,sample,B-0316,B-0316-B01,2,5.555555555555555,38.8,9973.0
P010,P16,P,16,sample,B-0316,B-0316-B01,2,1.8518518518518519,42.3,10329.0
P010,P17,P,17,sample,B-0316,B-0316-B01,2,0.6172839506172839,37.4,10763.0
P010,P18,P,18,sample,B-0316,B-0316-B01,2,0.205761316872428,49.1,10071.0
P010,P19,P,19,sample,B-0316,B-0316-B01,2,0.06858710562414266,63.2,9997.0
P010,P20,P,20,sample,B-0316,B-0316-B01,2,0.022862368541380886,80.0,10160.0
P010,P21,P,21,sample,B-0316,B-0316-B01,2,0.007620789513793629,97.0,9707.0
P010,P22,P,22,sample,B-0316,B-0316-B01,2,0.002540263171264543,105.8,9662.0
P011,A1,A,1,high_control,,,0,0.0,95.5,10546.0
P011,A2,A,2,low_control,,,0,0.0,36.4,10214.0
P011,A23,A,23,reference,REF-1,REF-1-B01,1,50.0,26.6,9936.0
P011,A24,A,24,reference,REF-1,REF-1-B01,2,50.0,43.3,10373.0
P011,B1,B,1,high_control,,,0,0.0,107.0,9606.0
P011,B2,B,2,low_control,,,0,0.0,39.0,10208.0
P011,B23,B,23,reference,REF-1,REF-1-B01,1,16.666666666666668,39.0,9929.0
P011,B24,B,24,reference,REF-1,REF-1-B01,2,16.666666666666668,32.1,10116.0
P011,C1,C,1,high_control,,,0,0.0,113.6,9719.0
P011,C2,C,2,low_control,,,0,0.0,38.8,10089.0
P011,C23,C,23,reference,REF-1,REF-1-B01,1,5.555555555555555,47.7,9902.0
P011,C24,C,24,reference,REF-1,REF-1-B01,2,5.555555555555555,35.4,10339.0
P011,D1,D,1,high_control,,,0,0.0,103.2,9471.0
P011,D2,D,2,low_control,,,0,0.0,45.3,10195.0
P011,D23,D,23,reference,REF-1,REF-1-B01,1,1.8518518518518519,42.4,9903.0
P011,D24,D,24,reference,REF-1,REF-1-B01,2,1.8518518518518519,38.0,10307.0
P011,E1,E,1,high_control,,,0,0.0,109.1,9301.0
P011,E2,E,2,low_control,,,0,0.0,38.4,9757.0
P011,E23,E,23,reference,REF-1,REF-1-B01,1,0.6172839506172839,43.5,10024.0
P011,E24,E,24,reference,REF-1,REF-1-B01,2,0.6172839506172839,41.6,10201.0
P011,F1,F,1,high_control,,,0,0.0,117.3,10097.0
P011,F2,F,2,low_control,,,0,0.0,27.4,10106.0
P011,F23,F,23,reference,REF-1,REF-1-B01,1,0.205761316872428,50.0,10070.0
P011,F24,F,24,reference,REF-1,REF-1-B01,2,0.205761316872428,54.4,9983.0
P011,G1,G,1,high_control,,,0,0.0,109.4,10066.0
P011,G2,G,2,low_control,,,0,0.0,34.5,9482.0
P011,G23,G,23,reference,REF-1,REF-1-B01,1,0.06858710562414266,90.2,9715.0
P011,G24,G,24,reference,REF-1,REF-1-B01,2,0.06858710562414266,82.6,9961.0
P011,H1,H,1,high_control,,,0,0.0,118.5,9916.0
P011,H2,H,2,low_control,,,0,0.0,44.3,10315.0
P011,H23,H,23,reference,REF-1,REF-1-B01,1,0.022862368541380886,72.4,9680.0
P011,H24,H,24,reference,REF-1,REF-1-B01,2,0.022862368541380886,93.0,9514.0
P011,I1,I,1,high_control,,,0,0.0,112.9,9647.0
P011,I2,I,2,low_control,,,0,0.0,39.0,9842.0
P011,I23,I,23,reference,REF-1,REF-1-B01,1,0.007620789513793629,119.8,9608.0
P011,I24,I,24,reference,REF-1,REF-1-B01,2,0.007620789513793629,103.2,9898.0
P011,J1,J,1,high_control,,,0,0.0,108.2,9434.0
P011,J2,J,2,low_control,,,0,0.0,43.2,9540.0
P011,J23,J,23,reference,REF-1,REF-1-B01,1,0.002540263171264543,110.7,9346.0
P011,J24,J,24,reference,REF-1,REF-1-B01,2,0.002540263171264543,107.8,9313.0
P011,K1,K,1,high_control,,,0,0.0,101.9,9545.0
P011,K2,K,2,low_control,,,0,0.0,37.0,10093.0
P011,K23,K,23,high_control,,,0,0.0,111.3,9391.0
P011,K24,K,24,low_control,,,0,0.0,37.0,10092.0
P011,L1,L,1,high_control,,,0,0.0,105.0,9351.0
P011,L2,L,2,low_control,,,0,0.0,17.5,9751.0
P011,L23,L,23,high_control,,,0,0.0,93.9,9056.0
P011,L24,L,24,low_control,,,0,0.0,44.6,9998.0
P011,M1,M,1,high_control,,,0,0.0,107.2,9659.0
P011,M2,M,2,low_control,,,0,0.0,22.9,9909.0
P011,M23,M,23,high_control,,,0,0.0,114.4,9728.0
P011,M24,M,24,low_control,,,0,0.0,46.3,9871.0
P011,N1,N,1,high_control,,,0,0.0,106.3,9041.0
P011,N2,N,2,low_control,,,0,0.0,47.7,9888.0
P011,N23,N,23,high_control,,,0,0.0,108.9,9421.0
P011,N24,N,24,low_control,,,0,0.0,27.8,9975.0
P011,O1,O,1,high_control,,,0,0.0,105.0,9592.0
P011,O2,O,2,low_control,,,0,0.0,38.7,9922.0
P011,O23,O,23,high_control,,,0,0.0,92.5,9715.0
P011,O24,O,24,low_control,,,0,0.0,37.2,10073.0
P011,P1,P,1,high_control,,,0,0.0,115.7,10011.0
P011,P2,P,2,low_control,,,0,0.0,31.0,10110.0
P011,P23,P,23,high_control,,,0,0.0,115.2,9503.0
P011,P24,P,24,low_control,,,0,0.0,41.5,10096.0
P011,A3,A,3,sample,B-0321,B-0321-B01,1,50.0,49.7,10311.0
P011,A4,A,4,sample,B-0321,B-0321-B01,1,16.666666666666668,80.1,10208.0
P011,A5,A,5,sample,B-0321,B-0321-B01,1,5.555555555555555,79.2,9591.0
P011,A6,A,6,sample,B-0321,B-0321-B01,1,1.8518518518518519,84.4,10157.0
P011,A7,A,7,sample,B-0321,B-0321-B01,1,0.6172839506172839,104.2,9624.0
P011,A8,A,8,sample,B-0321,B-0321-B01,1,0.205761316872428,115.0,9412.0
P011,A9,A,9,sample,B-0321,B-0321-B01,1,0.06858710562414266,102.7,9518.0
P011,A10,A,10,sample,B-0321,B-0321-B01,1,0.022862368541380886,98.3,9944.0
P011,A11,A,11,sample,B-0321,B-0321-B01,1,0.007620789513793629,111.5,9333.0
P011,A12,A,12,sample,B-0321,B-0321-B01,1,0.002540263171264543,103.0,9844.0
P011,A13,A,13,sample,B-0321,B-0321-B01,2,50.0,31.8,9997.0
P011,A14,A,14,sample,B-0321,B-0321-B01,2,16.666666666666668,45.6,10429.0
P011,A15,A,15,sample,B-0321,B-0321-B01,2,5.555555555555555,77.4,10250.0
P011,A16,A,16,sample,B-0321,B-0321-B01,2,1.8518518518518519,66.9,9835.0
P011,A17,A,17,sample,B-0321,B-0321-B01,2,0.6172839506172839,104.5,9779.0
P011,A18,A,18,sample,B-0321,B-0321-B01,2,0.205761316872428,101.2,9547.0
P011,A19,A,19,sample,B-0321,B-0321-B01,2,0.06858710562414266,104.4,9553.0
P011,A20,A,20,sample,B-0321,B-0321-B01,2,0.022862368541380886,101.1,9535.0
P011,A21,A,21,sample,B-0321,B-0321-B01,2,0.007620789513793629,107.2,9444.0
P011,A22,A,22,sample,B-0321,B-0321-B01,2,0.002540263171264543,99.1,9451.0
P011,B3,B,3,sample,B-0172,B-0172-B01,1,50.0,41.2,9909.0
P011,B4,B,4,sample,B-0172,B-0172-B01,1,16.666666666666668,46.9,9590.0
P011,B5,B,5,sample,B-0172,B-0172-B01,1,5.555555555555555,44.7,9509.0
P011,B6,B,6,sample,B-0172,B-0172-B01,1,1.8518518518518519,58.7,10076.0
P011,B7,B,7,sample,B-0172,B-0172-B01,1,0.6172839506172839,67.7,9638.0
P011,B8,B,8,sample,B-0172,B-0172-B01,1,0.205761316872428,104.4,9445.0
P011,B9,B,9,sample,B-0172,B-0172-B01,1,0.06858710562414266,100.5,9421.0
P011,B10,B,10,sample,B-0172,B-0172-B01,1,0.022862368541380886,106.8,9381.0
P011,B11,B,11,sample,B-0172,B-0172-B01,1,0.007620789513793629,97.2,8912.0
P011,B12,B,12,sample,B-0172,B-0172-B01,1,0.002540263171264543,112.7,9294.0
P011,B13,B,13,sample,B-0172,B-0172-B01,2,50.0,43.4,10077.0
P011,B14,B,14,sample,B-0172,B-0172-B01,2,16.666666666666668,38.4,10049.0
P011,B15,B,15,sample,B-0172,B-0172-B01,2,5.555555555555555,39.9,9510.0
P011,B16,B,16,sample,B-0172,B-0172-B01,2,1.8518518518518519,58.2,9490.0
P011,B17,B,17,sample,B-0172,B-0172-B01,2,0.6172839506172839,83.7,9467.0
P011,B18,B,18,sample,B-0172,B-0172-B01,2,0.205761316872428,107.3,9583.0
P011,B19,B,19,sample,B-0172,B-0172-B01,2,0.06858710562414266,103.8,9501.0
P011,B20,B,20,sample,B-0172,B-0172-B01,2,0.022862368541380886,92.8,9370.0
P011,B21,B,21,sample,B-0172,B-0172-B01,2,0.007620789513793629,107.0,9090.0
P011,B22,B,22,sample,B-0172,B-0172-B01,2,0.002540263171264543,95.1,9438.0
P011,C3,C,3,sample,B-0245,B-0245-B01,1,50.0,38.1,9975.0
P011,C4,C,4,sample,B-0245,B-0245-B01,1,16.666666666666668,33.8,9855.0
P011,C5,C,5,sample,B-0245,B-0245-B01,1,5.555555555555555,56.4,9811.0
P011,C6,C,6,sample,B-0245,B-0245-B01,1,1.8518518518518519,43.7,9757.0
P011,C7,C,7,sample,B-0245,B-0245-B01,1,0.6172839506172839,85.9,9571.0
P011,C8,C,8,sample,B-0245,B-0245-B01,1,0.205761316872428,88.5,9727.0
P011,C9,C,9,sample,B-0245,B-0245-B01,1,0.06858710562414266,97.3,9111.0
P011,C10,C,10,sample,B-0245,B-0245-B01,1,0.022862368541380886,82.6,9396.0
P011,C11,C,11,sample,B-0245,B-0245-B01,1,0.007620789513793629,104.7,9449.0
P011,C12,C,12,sample,B-0245,B-0245-B01,1,0.002540263171264543,98.8,9043.0
P011,C13,C,13,sample,B-0245,B-0245-B01,2,50.0,34.2,10079.0
P011,C14,C,14,sample,B-0245,B-0245-B01,2,16.666666666666668,48.1,9904.0
P011,C15,C,15,sample,B-0245,B-0245-B01,2,5.555555555555555,42.9,9959.0
P011,C16,C,16,sample,B-0245,B-0245-B01,2,1.8518518518518519,58.6,10038.0
P011,C17,C,17,sample,B-0245,B-0245-B01,2,0.6172839506172839,73.1,9699.0
P011,C18,C,18,sample,B-0245,B-0245-B01,2,0.205761316872428,102.9,9961.0
P011,C19,C,19,sample,B-0245,B-0245-B01,2,0.06858710562414266,98.5,9606.0
P011,C20,C,20,sample,B-0245,B-0245-B01,2,0.022862368541380886,80.9,10044.0
P011,C21,C,21,sample,B-0245,B-0245-B01,2,0.007620789513793629,105.0,9276.0
P011,C22,C,22,sample,B-0245,B-0245-B01,2,0.002540263171264543,104.4,9545.0
P011,D3,D,3,sample,A-0018,A-0018-B01,1,50.0,51.7,10311.0
P011,D4,D,4,sample,A-0018,A-0018-B01,1,16.666666666666668,59.1,9933.0
P011,D5,D,5,sample,A-0018,A-0018-B01,1,5.555555555555555,68.7,9970.0
P011,D6,D,6,sample,A-0018,A-0018-B01,1,1.8518518518518519,75.4,9475.0
P011,D7,D,7,sample,A-0018,A-0018-B01,1,0.6172839506172839,100.9,9275.0
P011,D8,D,8,sample,A-0018,A-0018-B01,1,0.205761316872428,94.4,8972.0
P011,D9,D,9,sample,A-0018,A-0018-B01,1,0.06858710562414266,105.9,9597.0
P011,D10,D,10,sample,A-0018,A-0018-B01,1,0.022862368541380886,119.3,9291.0
P011,D11,D,11,sample,A-0018,A-0018-B01,1,0.007620789513793629,99.2,8972.0
P011,D12,D,12,sample,A-0018,A-0018-B01,1,0.002540263171264543,102.3,9487.0
P011,D13,D,13,sample,A-0018,A-0018-B01,2,50.0,36.7,9305.0
P011,D14,D,14,sample,A-0018,A-0018-B01,2,16.666666666666668,58.4,10108.0
P011,D15,D,15,sample,A-0018,A-0018-B01,2,5.555555555555555,70.3,10031.0
P011,D16,D,16,sample,A-0018,A-0018-B01,2,1.8518518518518519,87.6,9792.0
P011,D17,D,17,sample,A-0018,A-0018-B01,2,0.6172839506172839,106.3,9399.0
P011,D18,D,18,sample,A-0018,A-0018-B01,2,0.205761316872428,102.6,9492.0
P011,D19,D,19,sample,A-0018,A-0018-B01,2,0.06858710562414266,96.0,9581.0
P011,D20,D,20,sample,A-0018,A-0018-B01,2,0.022862368541380886,127.5,9546.0
P011,D21,D,21,sample,A-0018,A-0018-B01,2,0.007620789513793629,100.9,9608.0
P011,D22,D,22,sample,A-0018,A-0018-B01,2,0.002540263171264543,99.3,9412.0
P011,E3,E,3,sample,B-0257,B-0257-B01,1,50.0,40.1,9893.0
P011,E4,E,4,sample,B-0257,B-0257-B01,1,16.666666666666668,47.1,9703.0
P011,E5,E,5,sample,B-0257,B-0257-B01,1,5.555555555555555,36.4,9901.0
P011,E6,E,6,sample,B-0257,B-0257-B01,1,1.8518518518518519,38.8,9944.0
P011,E7,E,7,sample,B-0257,B-0257-B01,1,0.6172839506172839,63.7,9833.0
P011,E8,E,8,sample,B-0257,B-0257-B01,1,0.205761316872428,88.1,9249.0
P011,E9,E,9,sample,B-0257,B-0257-B01,1,0.06858710562414266,90.4,9380.0
P011,E10,E,10,sample,B-0257,B-0257-B01,1,0.022862368541380886,101.8,9203.0
P011,E11,E,11,sample,B-0257,B-0257-B01,1,0.007620789513793629,109.7,9204.0
P011,E12,E,12,sample,B-0257,B-0257-B01,1,0.002540263171264543,111.4,9686.0
P011,E13,E,13,sample,B-0257,B-0257-B01,2,50.0,32.5,9729.0
P011,E14,E,14,sample,B-0257,B-0257-B01,2,16.666666666666668,40.5,9543.0
P011,E15,E,15,sample,B-0257,B-0257-B01,2,5.555555555555555,32.2,9886.0
P011,E16,E,16,sample,B-0257,B-0257-B01,2,1.8518518518518519,49.8,10340.0
P011,E17,E,17,sample,B-0257,B-0257-B01,2,0.6172839506172839,69.7,9715.0
P011,E18,E,18,sample,B-0257,B-0257-B01,2,0.205761316872428,81.3,9125.0
P011,E19,E,19,sample,B-0257,B-0257-B01,2,0.06858710562414266,95.3,9406.0
P011,E20,E,20,sample,B-0257,B-0257-B01,2,0.022862368541380886,104.9,9320.0
P011,E21,E,21,sample,B-0257,B-0257-B01,2,0.007620789513793629,94.0,9778.0
P011,E22,E,22,sample,B-0257,B-0257-B01,2,0.002540263171264543,115.0,9391.0
P011,F3,F,3,sample,B-0002,B-0002-B01,1,50.0,33.4,10057.0
P011,F4,F,4,sample,B-0002,B-0002-B01,1,16.666666666666668,34.4,10294.0
P011,F5,F,5,sample,B-0002,B-0002-B01,1,5.555555555555555,47.4,10051.0
P011,F6,F,6,sample,B-0002,B-0002-B01,1,1.8518518518518519,36.3,9769.0
P011,F7,F,7,sample,B-0002,B-0002-B01,1,0.6172839506172839,45.4,9816.0
P011,F8,F,8,sample,B-0002,B-0002-B01,1,0.205761316872428,62.8,9149.0
P011,F9,F,9,sample,B-0002,B-0002-B01,1,0.06858710562414266,94.2,9651.0
P011,F10,F,10,sample,B-0002,B-0002-B01,1,0.022862368541380886,91.9,9485.0
P011,F11,F,11,sample,B-0002,B-0002-B01,1,0.007620789513793629,109.8,9035.0
P011,F12,F,12,sample,B-0002,B-0002-B01,1,0.002540263171264543,109.1,9242.0
P011,F13,F,13,sample,B-0002,B-0002-B01,2,50.0,51.5,10078.0
P011,F14,F,14,sample,B-0002,B-0002-B01,2,16.666666666666668,40.3,9905.0
P011,F15,F,15,sample,B-0002,B-0002-B01,2,5.555555555555555,32.5,9914.0
P011,F16,F,16,sample,B-0002,B-0002-B01,2,1.8518518518518519,35.9,10115.0
P011,F17,F,17,sample,B-0002,B-0002-B01,2,0.6172839506172839,61.9,9727.0
P011,F18,F,18,sample,B-0002,B-0002-B01,2,0.205761316872428,64.1,9945.0
P011,F19,F,19,sample,B-0002,B-0002-B01,2,0.06858710562414266,96.5,9596.0
P011,F20,F,20,sample,B-0002,B-0002-B01,2,0.022862368541380886,87.7,8914.0
P011,F21,F,21,sample,B-0002,B-0002-B01,2,0.007620789513793629,95.9,9563.0
P011,F22,F,22,sample,B-0002,B-0002-B01,2,0.002540263171264543,106.6,9841.0
P011,G3,G,3,sample,B-0154,B-0154-B01,1,50.0,34.9,9787.0
P011,G4,G,4,sample,B-0154,B-0154-B01,1,16.666666666666668,50.6,9692.0
P011,G5,G,5,sample,B-0154,B-0154-B01,1,5.555555555555555,25.2,9947.0
P011,G6,G,6,sample,B-0154,B-0154-B01,1,1.8518518518518519,46.0,9654.0
P011,G7,G,7,sample,B-0154,B-0154-B01,1,0.6172839506172839,33.3,9731.0
P011,G8,G,8,sample,B-0154,B-0154-B01,1,0.205761316872428,61.4,9639.0
P011,G9,G,9,sample,B-0154,B-0154-B01,1,0.06858710562414266,75.7,9503.0
P011,G10,G,10,sample,B-0154,B-0154-B01,1,0.022862368541380886,85.0,9436.0
P011,G11,G,11,sample,B-0154,B-0154-B01,1,0.007620789513793629,98.9,9172.0
P011,G12,G,12,sample,B-0154,B-0154-B01,1,0.002540263171264543,110.5,9722.0
P011,G13,G,13,sample,B-0154,B-0154-B01,2,50.0,41.3,9706.0
P011,G14,G,14,sample,B-0154,B-0154-B01,2,16.666666666666668,50.2,10476.0
P011,G15,G,15,sample,B-0154,B-0154-B01,2,5.555555555555555,35.3,9575.0
P011,G16,G,16,sample,B-0154,B-0154-B01,2,1.8518518518518519,31.0,10085.0
P011,G17,G,17,sample,B-0154,B-0154-B01,2,0.6172839506172839,40.3,9296.0
P011,G18,G,18,sample,B-0154,B-0154-B01,2,0.205761316872428,48.4,9794.0
P011,G19,G,19,sample,B-0154,B-0154-B01,2,0.06858710562414266,92.1,9526.0
P011,G20,G,20,sample,B-0154,B-0154-B01,2,0.022862368541380886,94.8,9364.0
P011,G21,G,21,sample,B-0154,B-0154-B01,2,0.007620789513793629,83.7,9447.0
P011,G22,G,22,sample,B-0154,B-0154-B01,2,0.002540263171264543,107.9,9683.0
P011,H3,H,3,sample,B-0202,B-0202-B01,1,50.0,33.2,10171.0
P011,H4,H,4,sample,B-0202,B-0202-B01,1,16.666666666666668,38.4,9972.0
P011,H5,H,5,sample,B-0202,B-0202-B01,1,5.555555555555555,40.7,10380.0
P011,H6,H,6,sample,B-0202,B-0202-B01,1,1.8518518518518519,45.6,10334.0
P011,H7,H,7,sample,B-0202,B-0202-B01,1,0.6172839506172839,56.7,9648.0
P011,H8,H,8,sample,B-0202,B-0202-B01,1,0.205761316872428,67.9,9591.0
P011,H9,H,9,sample,B-0202,B-0202-B01,1,0.06858710562414266,83.5,9186.0
P011,H10,H,10,sample,B-0202,B-0202-B01,1,0.022862368541380886,106.3,9085.0
P011,H11,H,11,sample,B-0202,B-0202-B01,1,0.007620789513793629,91.9,9386.0
P011,H12,H,12,sample,B-0202,B-0202-B01,1,0.002540263171264543,106.4,9420.0
P011,H13,H,13,sample,B-0202,B-0202-B01,2,50.0,32.0,9853.0
P011,H14,H,14,sample,B-0202,B-0202-B01,2,16.666666666666668,22.9,9952.0
P011,H15,H,15,sample,B-0202,B-0202-B01,2,5.555555555555555,43.9,10058.0
P011,H16,H,16,sample,B-0202,B-0202-B01,2,1.8518518518518519,31.7,9765.0
P011,H17,H,17,sample,B-0202,B-0202-B01,2,0.6172839506172839,38.9,9622.0
P011,H18,H,18,sample,B-0202,B-0202-B01,2,0.205761316872428,71.0,9337.0
P011,H19,H,19,sample,B-0202,B-0202-B01,2,0.06858710562414266,87.5,9381.0
P011,H20,H,20,sample,B-0202,B-0202-B01,2,0.022862368541380886,97.7,9877.0
P011,H21,H,21,sample,B-0202,B-0202-B01,2,0.007620789513793629,90.5,9142.0
P011,H22,H,22,sample,B-0202,B-0202-B01,2,0.002540263171264543,91.9,9174.0
P011,I3,I,3,sample,B-0106,B-0106-B01,1,50.0,30.2,9926.0
P011,I4,I,4,sample,B-0106,B-0106-B01,1,16.666666666666668,45.1,9945.0
P011,I5,I,5,sample,B-0106,B-0106-B01,1,5.555555555555555,42.1,9595.0
P011,I6,I,6,sample,B-0106,B-0106-B01,1,1.8518518518518519,71.9,9419.0
P011,I7,I,7,sample,B-0106,B-0106-B01,1,0.6172839506172839,96.2,9850.0
P011,I8,I,8,sample,B-0106,B-0106-B01,1,0.205761316872428,84.5,9741.0
P011,I9,I,9,sample,B-0106,B-0106-B01,1,0.06858710562414266,111.9,9577.0
P011,I10,I,10,sample,B-0106,B-0106-B01,1,0.022862368541380886,98.7,9231.0
P011,I11,I,11,sample,B-0106,B-0106-B01,1,0.007620789513793629,95.9,9764.0
P011,I12,I,12,sample,B-0106,B-0106-B01,1,0.002540263171264543,96.1,9390.0
P011,I13,I,13,sample,B-0106,B-0106-B01,2,50.0,45.1,10033.0
P011,I14,I,14,sample,B-0106,B-0106-B01,2,16.666666666666668,29.3,10071.0
P011,I15,I,15,sample,B-0106,B-0106-B01,2,5.555555555555555,55.4,9900.0
P011,I16,I,16,sample,B-0106,B-0106-B01,2,1.8518518518518519,82.3,9561.0
P011,I17,I,17,sample,B-0106,B-0106-B01,2,0.6172839506172839,89.3,9760.0
P011,I18,I,18,sample,B-0106,B-0106-B01,2,0.205761316872428,87.9,9299.0
P011,I19,I,19,sample,B-0106,B-0106-B01,2,0.06858710562414266,83.2,9200.0
P011,I20,I,20,sample,B-0106,B-0106-B01,2,0.022862368541380886,97.3,9711.0
P011,I21,I,21,sample,B-0106,B-0106-B01,2,0.007620789513793629,96.9,9129.0
P011,I22,I,22,sample,B-0106,B-0106-B01,2,0.002540263171264543,84.9,9102.0
P011,J3,J,3,sample,A-0096,A-0096-B01,1,50.0,52.3,10035.0
P011,J4,J,4,sample,A-0096,A-0096-B01,1,16.666666666666668,62.0,9850.0
P011,J5,J,5,sample,A-0096,A-0096-B01,1,5.555555555555555,61.8,9578.0
P011,J6,J,6,sample,A-0096,A-0096-B01,1,1.8518518518518519,76.2,9566.0
P011,J7,J,7,sample,A-0096,A-0096-B01,1,0.6172839506172839,94.5,9610.0
P011,J8,J,8,sample,A-0096,A-0096-B01,1,0.205761316872428,89.6,9365.0
P011,J9,J,9,sample,A-0096,A-0096-B01,1,0.06858710562414266,97.7,9317.0
P011,J10,J,10,sample,A-0096,A-0096-B01,1,0.022862368541380886,94.2,9093.0
P011,J11,J,11,sample,A-0096,A-0096-B01,1,0.007620789513793629,109.8,9561.0
P011,J12,J,12,sample,A-0096,A-0096-B01,1,0.002540263171264543,120.3,9769.0
P011,J13,J,13,sample,A-0096,A-0096-B01,2,50.0,33.6,10223.0
P011,J14,J,14,sample,A-0096,A-0096-B01,2,16.666666666666668,62.9,9616.0
P011,J15,J,15,sample,A-0096,A-0096-B01,2,5.555555555555555,78.2,9739.0
P011,J16,J,16,sample,A-0096,A-0096-B01,2,1.8518518518518519,81.9,9573.0
P011,J17,J,17,sample,A-0096,A-0096-B01,2,0.6172839506172839,76.3,9543.0
P011,J18,J,18,sample,A-0096,A-0096-B01,2,0.205761316872428,111.8,9119.0
P011,J19,J,19,sample,A-0096,A-0096-B01,2,0.06858710562414266,106.0,9864.0
P011,J20,J,20,sample,A-0096,A-0096-B01,2,0.022862368541380886,88.9,9736.0
P011,J21,J,21,sample,A-0096,A-0096-B01,2,0.007620789513793629,112.3,9341.0
P011,J22,J,22,sample,A-0096,A-0096-B01,2,0.002540263171264543,85.5,9777.0
P011,K3,K,3,sample,B-0080,B-0080-B01,1,50.0,51.0,10281.0
P011,K4,K,4,sample,B-0080,B-0080-B01,1,16.666666666666668,34.2,9636.0
P011,K5,K,5,sample,B-0080,B-0080-B01,1,5.555555555555555,24.9,9913.0
P011,K6,K,6,sample,B-0080,B-0080-B01,1,1.8518518518518519,31.6,10206.0
P011,K7,K,7,sample,B-0080,B-0080-B01,1,0.6172839506172839,71.9,9900.0
P011,K8,K,8,sample,B-0080,B-0080-B01,1,0.205761316872428,64.5,9540.0
P011,K9,K,9,sample,B-0080,B-0080-B01,1,0.06858710562414266,100.2,9551.0
P011,K10,K,10,sample,B-0080,B-0080-B01,1,0.022862368541380886,83.7,9365.0
P011,K11,K,11,sample,B-0080,B-0080-B01,1,0.007620789513793629,101.4,9197.0
P011,K12,K,12,sample,B-0080,B-0080-B01,1,0.002540263171264543,110.1,9313.0
P011,K13,K,13,sample,B-0080,B-0080-B01,2,50.0,27.9,9904.0
P011,K14,K,14,sample,B-0080,B-0080-B01,2,16.666666666666668,39.6,9479.0
P011,K15,K,15,sample,B-0080,B-0080-B01,2,5.555555555555555,32.4,10072.0
P011,K16,K,16,sample,B-0080,B-0080-B01,2,1.8518518518518519,54.9,9785.0
P011,K17,K,17,sample,B-0080,B-0080-B01,2,0.6172839506172839,58.7,9879.0
P011,K18,K,18,sample,B-0080,B-0080-B01,2,0.205761316872428,77.1,9457.0
P011,K19,K,19,sample,B-0080,B-0080-B01,2,0.06858710562414266,87.3,9273.0
P011,K20,K,20,sample,B-0080,B-0080-B01,2,0.022862368541380886,101.3,9578.0
P011,K21,K,21,sample,B-0080,B-0080-B01,2,0.007620789513793629,100.5,9583.0
P011,K22,K,22,sample,B-0080,B-0080-B01,2,0.002540263171264543,108.0,9494.0
P011,L3,L,3,sample,B-0238,B-0238-B01,1,50.0,33.7,9926.0
P011,L4,L,4,sample,B-0238,B-0238-B01,1,16.666666666666668,36.8,9934.0
P011,L5,L,5,sample,B-0238,B-0238-B01,1,5.555555555555555,48.7,9841.0
P011,L6,L,6,sample,B-0238,B-0238-B01,1,1.8518518518518519,43.2,10177.0
P011,L7,L,7,sample,B-0238,B-0238-B01,1,0.6172839506172839,70.2,9831.0
P011,L8,L,8,sample,B-0238,B-0238-B01,1,0.205761316872428,72.8,9328.0
P011,L9,L,9,sample,B-0238,B-0238-B01,1,0.06858710562414266,86.3,9350.0
P011,L10,L,10,sample,B-0238,B-0238-B01,1,0.022862368541380886,93.0,9408.0
P011,L11,L,11,sample,B-0238,B-0238-B01,1,0.007620789513793629,91.7,9570.0
P011,L12,L,12,sample,B-0238,B-0238-B01,1,0.002540263171264543,92.4,9556.0
P011,L13,L,13,sample,B-0238,B-0238-B01,2,50.0,33.4,10275.0
P011,L14,L,14,sample,B-0238,B-0238-B01,2,16.666666666666668,28.1,9883.0
P011,L15,L,15,sample,B-0238,B-0238-B01,2,5.555555555555555,24.9,9536.0
P011,L16,L,16,sample,B-0238,B-0238-B01,2,1.8518518518518519,49.1,9853.0
P011,L17,L,17,sample,B-0238,B-0238-B01,2,0.6172839506172839,57.4,10057.0
P011,L18,L,18,sample,B-0238,B-0238-B01,2,0.205761316872428,94.5,9325.0
P011,L19,L,19,sample,B-0238,B-0238-B01,2,0.06858710562414266,110.5,9380.0
P011,L20,L,20,sample,B-0238,B-0238-B01,2,0.022862368541380886,106.9,9410.0
P011,L21,L,21,sample,B-0238,B-0238-B01,2,0.007620789513793629,102.2,9280.0
P011,L22,L,22,sample,B-0238,B-0238-B01,2,0.002540263171264543,95.5,9433.0
P011,M3,M,3,sample,B-0271,B-0271-B01,1,50.0,27.7,9820.0
P011,M4,M,4,sample,B-0271,B-0271-B01,1,16.666666666666668,23.5,9970.0
P011,M5,M,5,sample,B-0271,B-0271-B01,1,5.555555555555555,38.4,10191.0
P011,M6,M,6,sample,B-0271,B-0271-B01,1,1.8518518518518519,22.8,10375.0
P011,M7,M,7,sample,B-0271,B-0271-B01,1,0.6172839506172839,50.1,9713.0
P011,M8,M,8,sample,B-0271,B-0271-B01,1,0.205761316872428,51.5,9980.0
P011,M9,M,9,sample,B-0271,B-0271-B01,1,0.06858710562414266,76.9,9131.0
P011,M10,M,10,sample,B-0271,B-0271-B01,1,0.022862368541380886,86.0,9688.0
P011,M11,M,11,sample,B-0271,B-0271-B01,1,0.007620789513793629,93.6,9579.0
P011,M12,M,12,sample,B-0271,B-0271-B01,1,0.002540263171264543,109.5,9418.0
P011,M13,M,13,sample,B-0271,B-0271-B01,2,50.0,34.0,9322.0
P011,M14,M,14,sample,B-0271,B-0271-B01,2,16.666666666666668,38.3,9895.0
P011,M15,M,15,sample,B-0271,B-0271-B01,2,5.555555555555555,101.6,9483.0
P011,M16,M,16,sample,B-0271,B-0271-B01,2,1.8518518518518519,27.4,10000.0
P011,M17,M,17,sample,B-0271,B-0271-B01,2,0.6172839506172839,49.8,9839.0
P011,M18,M,18,sample,B-0271,B-0271-B01,2,0.205761316872428,58.1,9735.0
P011,M19,M,19,sample,B-0271,B-0271-B01,2,0.06858710562414266,64.2,9738.0
P011,M20,M,20,sample,B-0271,B-0271-B01,2,0.022862368541380886,90.1,9117.0
P011,M21,M,21,sample,B-0271,B-0271-B01,2,0.007620789513793629,83.5,9556.0
P011,M22,M,22,sample,B-0271,B-0271-B01,2,0.002540263171264543,102.5,9528.0
P011,N3,N,3,sample,A-0219,A-0219-B01,1,50.0,119.9,14187.0
P011,N4,N,4,sample,A-0219,A-0219-B01,1,16.666666666666668,38.6,10526.0
P011,N5,N,5,sample,A-0219,A-0219-B01,1,5.555555555555555,55.6,9870.0
P011,N6,N,6,sample,A-0219,A-0219-B01,1,1.8518518518518519,64.4,10005.0
P011,N7,N,7,sample,A-0219,A-0219-B01,1,0.6172839506172839,77.0,9743.0
P011,N8,N,8,sample,A-0219,A-0219-B01,1,0.205761316872428,103.0,9773.0
P011,N9,N,9,sample,A-0219,A-0219-B01,1,0.06858710562414266,97.5,9427.0
P011,N10,N,10,sample,A-0219,A-0219-B01,1,0.022862368541380886,98.5,9306.0
P011,N11,N,11,sample,A-0219,A-0219-B01,1,0.007620789513793629,112.7,9577.0
P011,N12,N,12,sample,A-0219,A-0219-B01,1,0.002540263171264543,113.3,9290.0
P011,N13,N,13,sample,A-0219,A-0219-B01,2,50.0,147.2,15453.0
P011,N14,N,14,sample,A-0219,A-0219-B01,2,16.666666666666668,47.6,10294.0
P011,N15,N,15,sample,A-0219,A-0219-B01,2,5.555555555555555,46.4,9885.0
P011,N16,N,16,sample,A-0219,A-0219-B01,2,1.8518518518518519,60.6,9559.0
P011,N17,N,17,sample,A-0219,A-0219-B01,2,0.6172839506172839,89.0,9465.0
P011,N18,N,18,sample,A-0219,A-0219-B01,2,0.205761316872428,96.9,9629.0
P011,N19,N,19,sample,A-0219,A-0219-B01,2,0.06858710562414266,98.4,9309.0
P011,N20,N,20,sample,A-0219,A-0219-B01,2,0.022862368541380886,103.7,9426.0
P011,N21,N,21,sample,A-0219,A-0219-B01,2,0.007620789513793629,94.9,9264.0
P011,N22,N,22,sample,A-0219,A-0219-B01,2,0.002540263171264543,97.4,9375.0
P011,O3,O,3,sample,A-0120,A-0120-B01,1,50.0,25.2,122354.0
P011,O4,O,4,sample,A-0120,A-0120-B01,1,16.666666666666668,48.3,58033.0
P011,O5,O,5,sample,A-0120,A-0120-B01,1,5.555555555555555,52.0,23933.0
P011,O6,O,6,sample,A-0120,A-0120-B01,1,1.8518518518518519,66.9,15575.0
P011,O7,O,7,sample,A-0120,A-0120-B01,1,0.6172839506172839,81.7,11172.0
P011,O8,O,8,sample,A-0120,A-0120-B01,1,0.205761316872428,98.1,10136.0
P011,O9,O,9,sample,A-0120,A-0120-B01,1,0.06858710562414266,98.6,10047.0
P011,O10,O,10,sample,A-0120,A-0120-B01,1,0.022862368541380886,109.0,9776.0
P011,O11,O,11,sample,A-0120,A-0120-B01,1,0.007620789513793629,92.1,9817.0
P011,O12,O,12,sample,A-0120,A-0120-B01,1,0.002540263171264543,113.7,9252.0
P011,O13,O,13,sample,A-0120,A-0120-B01,2,50.0,13.1,121004.0
P011,O14,O,14,sample,A-0120,A-0120-B01,2,16.666666666666668,38.8,54377.0
P011,O15,O,15,sample,A-0120,A-0120-B01,2,5.555555555555555,42.2,25392.0
P011,O16,O,16,sample,A-0120,A-0120-B01,2,1.8518518518518519,77.5,14576.0
P011,O17,O,17,sample,A-0120,A-0120-B01,2,0.6172839506172839,92.2,11090.0
P011,O18,O,18,sample,A-0120,A-0120-B01,2,0.205761316872428,88.2,9978.0
P011,O19,O,19,sample,A-0120,A-0120-B01,2,0.06858710562414266,96.8,9355.0
P011,O20,O,20,sample,A-0120,A-0120-B01,2,0.022862368541380886,108.8,9603.0
P011,O21,O,21,sample,A-0120,A-0120-B01,2,0.007620789513793629,74.8,9097.0
P011,O22,O,22,sample,A-0120,A-0120-B01,2,0.002540263171264543,107.7,9317.0
P011,P3,P,3,sample,B-0152,B-0152-B01,1,50.0,39.1,9654.0
P011,P4,P,4,sample,B-0152,B-0152-B01,1,16.666666666666668,31.6,10220.0
P011,P5,P,5,sample,B-0152,B-0152-B01,1,5.555555555555555,66.4,9874.0
P011,P6,P,6,sample,B-0152,B-0152-B01,1,1.8518518518518519,93.7,9716.0
P011,P7,P,7,sample,B-0152,B-0152-B01,1,0.6172839506172839,97.6,9732.0
P011,P8,P,8,sample,B-0152,B-0152-B01,1,0.205761316872428,91.3,9529.0
P011,P9,P,9,sample,B-0152,B-0152-B01,1,0.06858710562414266,102.3,9475.0
P011,P10,P,10,sample,B-0152,B-0152-B01,1,0.022862368541380886,107.6,9540.0
P011,P11,P,11,sample,B-0152,B-0152-B01,1,0.007620789513793629,88.4,9506.0
P011,P12,P,12,sample,B-0152,B-0152-B01,1,0.002540263171264543,110.4,9324.0
P011,P13,P,13,sample,B-0152,B-0152-B01,2,50.0,48.4,10228.0
P011,P14,P,14,sample,B-0152,B-0152-B01,2,16.666666666666668,44.4,9994.0
P011,P15,P,15,sample,B-0152,B-0152-B01,2,5.555555555555555,46.7,10543.0
P011,P16,P,16,sample,B-0152,B-0152-B01,2,1.8518518518518519,87.7,9325.0
P011,P17,P,17,sample,B-0152,B-0152-B01,2,0.6172839506172839,104.7,9338.0
P011,P18,P,18,sample,B-0152,B-0152-B01,2,0.205761316872428,94.4,9791.0
P011,P19,P,19,sample,B-0152,B-0152-B01,2,0.06858710562414266,110.9,9928.0
P011,P20,P,20,sample,B-0152,B-0152-B01,2,0.022862368541380886,98.5,9733.0
P011,P21,P,21,sample,B-0152,B-0152-B01,2,0.007620789513793629,97.3,10146.0
P011,P22,P,22,sample,B-0152,B-0152-B01,2,0.002540263171264543,106.1,9598.0
P012,A1,A,1,high_control,,,0,0.0,103.1,9803.0
P012,A2,A,2,low_control,,,0,0.0,42.1,10334.0
P012,A23,A,23,reference,REF-1,REF-1-B01,1,50.0,37.0,10143.0
P012,A24,A,24,reference,REF-1,REF-1-B01,2,50.0,30.3,10583.0
P012,B1,B,1,high_control,,,0,0.0,100.7,9613.0
P012,B2,B,2,low_control,,,0,0.0,31.1,10198.0
P012,B23,B,23,reference,REF-1,REF-1-B01,1,16.666666666666668,33.9,9736.0
P012,B24,B,24,reference,REF-1,REF-1-B01,2,16.666666666666668,35.7,10101.0
P012,C1,C,1,high_control,,,0,0.0,110.0,9404.0
P012,C2,C,2,low_control,,,0,0.0,31.1,9948.0
P012,C23,C,23,reference,REF-1,REF-1-B01,1,5.555555555555555,33.4,10080.0
P012,C24,C,24,reference,REF-1,REF-1-B01,2,5.555555555555555,38.1,10401.0
P012,D1,D,1,high_control,,,0,0.0,107.4,9835.0
P012,D2,D,2,low_control,,,0,0.0,33.4,10058.0
P012,D23,D,23,reference,REF-1,REF-1-B01,1,1.8518518518518519,32.7,9723.0
P012,D24,D,24,reference,REF-1,REF-1-B01,2,1.8518518518518519,39.1,9876.0
P012,E1,E,1,high_control,,,0,0.0,103.9,9704.0
P012,E2,E,2,low_control,,,0,0.0,29.6,10044.0
P012,E23,E,23,reference,REF-1,REF-1-B01,1,0.6172839506172839,39.1,9388.0
P012,E24,E,24,reference,REF-1,REF-1-B01,2,0.6172839506172839,44.5,10221.0
P012,F1,F,1,high_control,,,0,0.0,107.0,9836.0
P012,F2,F,2,low_control,,,0,0.0,30.2,10094.0
P012,F23,F,23,reference,REF-1,REF-1-B01,1,0.205761316872428,55.7,9872.0
P012,F24,F,24,reference,REF-1,REF-1-B01,2,0.205761316872428,57.0,10429.0
P012,G1,G,1,high_control,,,0,0.0,100.9,9747.0
P012,G2,G,2,low_control,,,0,0.0,31.8,10081.0
P012,G23,G,23,reference,REF-1,REF-1-B01,1,0.06858710562414266,70.8,9298.0
P012,G24,G,24,reference,REF-1,REF-1-B01,2,0.06858710562414266,73.9,9640.0
P012,H1,H,1,high_control,,,0,0.0,103.5,9257.0
P012,H2,H,2,low_control,,,0,0.0,27.1,9813.0
P012,H23,H,23,reference,REF-1,REF-1-B01,1,0.022862368541380886,92.5,9227.0
P012,H24,H,24,reference,REF-1,REF-1-B01,2,0.022862368541380886,87.3,9600.0
P012,I1,I,1,high_control,,,0,0.0,105.0,9597.0
P012,I2,I,2,low_control,,,0,0.0,30.5,10223.0
P012,I23,I,23,reference,REF-1,REF-1-B01,1,0.007620789513793629,94.5,9497.0
P012,I24,I,24,reference,REF-1,REF-1-B01,2,0.007620789513793629,100.7,9512.0
P012,J1,J,1,high_control,,,0,0.0,100.3,9417.0
P012,J2,J,2,low_control,,,0,0.0,32.9,10084.0
P012,J23,J,23,reference,REF-1,REF-1-B01,1,0.002540263171264543,99.2,9418.0
P012,J24,J,24,reference,REF-1,REF-1-B01,2,0.002540263171264543,100.7,10007.0
P012,K1,K,1,high_control,,,0,0.0,109.6,9464.0
P012,K2,K,2,low_control,,,0,0.0,33.4,10110.0
P012,K23,K,23,high_control,,,0,0.0,101.4,9741.0
P012,K24,K,24,low_control,,,0,0.0,30.6,9923.0
P012,L1,L,1,high_control,,,0,0.0,106.9,9572.0
P012,L2,L,2,low_control,,,0,0.0,27.2,9420.0
P012,L23,L,23,high_control,,,0,0.0,101.7,9815.0
P012,L24,L,24,low_control,,,0,0.0,33.3,10321.0
P012,M1,M,1,high_control,,,0,0.0,108.4,9476.0
P012,M2,M,2,low_control,,,0,0.0,31.5,10060.0
P012,M23,M,23,high_control,,,0,0.0,102.4,9690.0
P012,M24,M,24,low_control,,,0,0.0,32.1,10675.0
P012,N1,N,1,high_control,,,0,0.0,101.5,9959.0
P012,N2,N,2,low_control,,,0,0.0,28.2,10375.0
P012,N23,N,23,high_control,,,0,0.0,104.0,9488.0
P012,N24,N,24,low_control,,,0,0.0,40.1,9861.0
P012,O1,O,1,high_control,,,0,0.0,101.8,9621.0
P012,O2,O,2,low_control,,,0,0.0,28.8,9256.0
P012,O23,O,23,high_control,,,0,0.0,103.6,9130.0
P012,O24,O,24,low_control,,,0,0.0,35.1,10267.0
P012,P1,P,1,high_control,,,0,0.0,106.3,9678.0
P012,P2,P,2,low_control,,,0,0.0,40.8,10719.0
P012,P23,P,23,high_control,,,0,0.0,104.6,9224.0
P012,P24,P,24,low_control,,,0,0.0,33.6,10276.0
P012,A3,A,3,sample,A-0337,A-0337-B01,1,50.0,154.3,15822.0
P012,A4,A,4,sample,A-0337,A-0337-B01,1,16.666666666666668,75.3,11183.0
P012,A5,A,5,sample,A-0337,A-0337-B01,1,5.555555555555555,44.6,9950.0
P012,A6,A,6,sample,A-0337,A-0337-B01,1,1.8518518518518519,66.4,9876.0
P012,A7,A,7,sample,A-0337,A-0337-B01,1,0.6172839506172839,77.8,9559.0
P012,A8,A,8,sample,A-0337,A-0337-B01,1,0.205761316872428,93.1,10041.0
P012,A9,A,9,sample,A-0337,A-0337-B01,1,0.06858710562414266,99.2,9755.0
P012,A10,A,10,sample,A-0337,A-0337-B01,1,0.022862368541380886,101.5,9456.0
P012,A11,A,11,sample,A-0337,A-0337-B01,1,0.007620789513793629,108.0,9492.0
P012,A12,A,12,sample,A-0337,A-0337-B01,1,0.002540263171264543,105.1,9208.0
P012,A13,A,13,sample,A-0337,A-0337-B01,2,50.0,152.5,16127.0
P012,A14,A,14,sample,A-0337,A-0337-B01,2,16.666666666666668,70.6,11157.0
P012,A15,A,15,sample,A-0337,A-0337-B01,2,5.555555555555555,51.1,10390.0
P012,A16,A,16,sample,A-0337,A-0337-B01,2,1.8518518518518519,62.9,9973.0
P012,A17,A,17,sample,A-0337,A-0337-B01,2,0.6172839506172839,86.4,9754.0
P012,A18,A,18,sample,A-0337,A-0337-B01,2,0.205761316872428,94.2,10251.0
P012,A19,A,19,sample,A-0337,A-0337-B01,2,0.06858710562414266,102.2,9283.0
P012,A20,A,20,sample,A-0337,A-0337-B01,2,0.022862368541380886,103.9,9816.0
P012,A21,A,21,sample,A-0337,A-0337-B01,2,0.007620789513793629,104.1,9711.0
P012,A22,A,22,sample,A-0337,A-0337-B01,2,0.002540263171264543,102.5,9643.0
P012,B3,B,3,sample,B-0095,B-0095-B01,1,50.0,37.0,9856.0
P012,B4,B,4,sample,B-0095,B-0095-B01,1,16.666666666666668,32.6,9984.0
P012,B5,B,5,sample,B-0095,B-0095-B01,1,5.555555555555555,35.3,10235.0
P012,B6,B,6,sample,B-0095,B-0095-B01,1,1.8518518518518519,39.4,9988.0
P012,B7,B,7,sample,B-0095,B-0095-B01,1,0.6172839506172839,46.0,9930.0
P012,B8,B,8,sample,B-0095,B-0095-B01,1,0.205761316872428,60.2,9679.0
P012,B9,B,9,sample,B-0095,B-0095-B01,1,0.06858710562414266,75.3,9883.0
P012,B10,B,10,sample,B-0095,B-0095-B01,1,0.022862368541380886,91.2,9093.0
P012,B11,B,11,sample,B-0095,B-0095-B01,1,0.007620789513793629,103.2,9142.0
P012,B12,B,12,sample,B-0095,B-0095-B01,1,0.002540263171264543,98.4,9570.0
P012,B13,B,13,sample,B-0095,B-0095-B01,2,50.0,31.5,10249.0
P012,B14,B,14,sample,B-0095,B-0095-B01,2,16.666666666666668,31.0,9643.0
P012,B15,B,15,sample,B-0095,B-0095-B01,2,5.555555555555555,35.3,9713.0
P012,B16,B,16,sample,B-0095,B-0095-B01,2,1.8518518518518519,40.8,9819.0
P012,B17,B,17,sample,B-0095,B-0095-B01,2,0.6172839506172839,45.7,9545.0
P012,B18,B,18,sample,B-0095,B-0095-B01,2,0.205761316872428,59.4,9621.0
P012,B19,B,19,sample,B-0095,B-0095-B01,2,0.06858710562414266,77.9,9685.0
P012,B20,B,20,sample,B-0095,B-0095-B01,2,0.022862368541380886,91.9,9216.0
P012,B21,B,21,sample,B-0095,B-0095-B01,2,0.007620789513793629,94.8,9266.0
P012,B22,B,22,sample,B-0095,B-0095-B01,2,0.002540263171264543,97.4,9328.0
P012,C3,C,3,sample,B-0148,B-0148-B01,1,50.0,29.6,10088.0
P012,C4,C,4,sample,B-0148,B-0148-B01,1,16.666666666666668,31.5,9920.0
P012,C5,C,5,sample,B-0148,B-0148-B01,1,5.555555555555555,26.9,9751.0
P012,C6,C,6,sample,B-0148,B-0148-B01,1,1.8518518518518519,36.9,9771.0
P012,C7,C,7,sample,B-0148,B-0148-B01,1,0.6172839506172839,47.4,9950.0
P012,C8,C,8,sample,B-0148,B-0148-B01,1,0.205761316872428,61.7,9849.0
P012,C9,C,9,sample,B-0148,B-0148-B01,1,0.06858710562414266,80.1,8964.0
P012,C10,C,10,sample,B-0148,B-0148-B01,1,0.022862368541380886,91.5,9329.0
P012,C11,C,11,sample,B-0148,B-0148-B01,1,0.007620789513793629,95.5,9430.0
P012,C12,C,12,sample,B-0148,B-0148-B01,1,0.002540263171264543,106.1,9613.0
P012,C13,C,13,sample,B-0148,B-0148-B01,2,50.0,32.7,9975.0
P012,C14,C,14,sample,B-0148,B-0148-B01,2,16.666666666666668,32.2,9530.0
P012,C15,C,15,sample,B-0148,B-0148-B01,2,5.555555555555555,35.5,9617.0
P012,C16,C,16,sample,B-0148,B-0148-B01,2,1.8518518518518519,39.3,9741.0
P012,C17,C,17,sample,B-0148,B-0148-B01,2,0.6172839506172839,46.1,9804.0
P012,C18,C,18,sample,B-0148,B-0148-B01,2,0.205761316872428,63.8,9760.0
P012,C19,C,19,sample,B-0148,B-0148-B01,2,0.06858710562414266,81.0,9633.0
P012,C20,C,20,sample,B-0148,B-0148-B01,2,0.022862368541380886,96.3,9360.0
P012,C21,C,21,sample,B-0148,B-0148-B01,2,0.007620789513793629,101.3,8863.0
P012,C22,C,22,sample,B-0148,B-0148-B01,2,0.002540263171264543,100.8,8998.0
P012,D3,D,3,sample,A-0130,A-0130-B01,1,50.0,161.6,16698.0
P012,D4,D,4,sample,A-0130,A-0130-B01,1,16.666666666666668,96.2,11512.0
P012,D5,D,5,sample,A-0130,A-0130-B01,1,5.555555555555555,63.9,9829.0
P012,D6,D,6,sample,A-0130,A-0130-B01,1,1.8518518518518519,50.4,9663.0
P012,D7,D,7,sample,A-0130,A-0130-B01,1,0.6172839506172839,70.0,9522.0
P012,D8,D,8,sample,A-0130,A-0130-B01,1,0.205761316872428,82.8,9747.0
P012,D9,D,9,sample,A-0130,A-0130-B01,1,0.06858710562414266,95.1,9753.0
P012,D10,D,10,sample,A-0130,A-0130-B01,1,0.022862368541380886,98.5,8959.0
P012,D11,D,11,sample,A-0130,A-0130-B01,1,0.007620789513793629,98.2,9578.0
P012,D12,D,12,sample,A-0130,A-0130-B01,1,0.002540263171264543,99.8,9486.0
P012,D13,D,13,sample,A-0130,A-0130-B01,2,50.0,163.8,16920.0
P012,D14,D,14,sample,A-0130,A-0130-B01,2,16.666666666666668,92.5,11868.0
P012,D15,D,15,sample,A-0130,A-0130-B01,2,5.555555555555555,66.3,9931.0
P012,D16,D,16,sample,A-0130,A-0130-B01,2,1.8518518518518519,52.4,9938.0
P012,D17,D,17,sample,A-0130,A-0130-B01,2,0.6172839506172839,66.5,10441.0
P012,D18,D,18,sample,A-0130,A-0130-B01,2,0.205761316872428,84.2,9060.0
P012,D19,D,19,sample,A-0130,A-0130-B01,2,0.06858710562414266,99.5,9246.0
P012,D20,D,20,sample,A-0130,A-0130-B01,2,0.022862368541380886,99.1,9259.0
P012,D21,D,21,sample,A-0130,A-0130-B01,2,0.007620789513793629,97.9,9862.0
P012,D22,D,22,sample,A-0130,A-0130-B01,2,0.002540263171264543,100.0,9259.0
P012,E3,E,3,sample,A-0228,A-0228-B01,1,50.0,154.4,16201.0
P012,E4,E,4,sample,A-0228,A-0228-B01,1,16.666666666666668,95.9,11314.0
P012,E5,E,5,sample,A-0228,A-0228-B01,1,5.555555555555555,61.6,10351.0
P012,E6,E,6,sample,A-0228,A-0228-B01,1,1.8518518518518519,52.7,9693.0
P012,E7,E,7,sample,A-0228,A-0228-B01,1,0.6172839506172839,69.0,9512.0
P012,E8,E,8,sample,A-0228,A-0228-B01,1,0.205761316872428,84.4,9345.0
P012,E9,E,9,sample,A-0228,A-0228-B01,1,0.06858710562414266,93.9,9628.0
P012,E10,E,10,sample,A-0228,A-0228-B01,1,0.022862368541380886,100.3,9654.0
P012,E11,E,11,sample,A-0228,A-0228-B01,1,0.007620789513793629,100.6,9529.0
P012,E12,E,12,sample,A-0228,A-0228-B01,1,0.002540263171264543,100.9,9462.0
P012,E13,E,13,sample,A-0228,A-0228-B01,2,50.0,158.3,16055.0
P012,E14,E,14,sample,A-0228,A-0228-B01,2,16.666666666666668,91.0,11927.0
P012,E15,E,15,sample,A-0228,A-0228-B01,2,5.555555555555555,61.0,10341.0
P012,E16,E,16,sample,A-0228,A-0228-B01,2,1.8518518518518519,54.4,9791.0
P012,E17,E,17,sample,A-0228,A-0228-B01,2,0.6172839506172839,66.5,9659.0
P012,E18,E,18,sample,A-0228,A-0228-B01,2,0.205761316872428,82.3,9591.0
P012,E19,E,19,sample,A-0228,A-0228-B01,2,0.06858710562414266,94.6,9458.0
P012,E20,E,20,sample,A-0228,A-0228-B01,2,0.022862368541380886,98.3,9424.0
P012,E21,E,21,sample,A-0228,A-0228-B01,2,0.007620789513793629,100.1,9550.0
P012,E22,E,22,sample,A-0228,A-0228-B01,2,0.002540263171264543,100.1,9213.0
P012,F3,F,3,sample,B-0091,B-0091-B01,1,50.0,31.4,10455.0
P012,F4,F,4,sample,B-0091,B-0091-B01,1,16.666666666666668,39.4,10190.0
P012,F5,F,5,sample,B-0091,B-0091-B01,1,5.555555555555555,44.2,9419.0
P012,F6,F,6,sample,B-0091,B-0091-B01,1,1.8518518518518519,54.2,9541.0
P012,F7,F,7,sample,B-0091,B-0091-B01,1,0.6172839506172839,104.4,9611.0
P012,F8,F,8,sample,B-0091,B-0091-B01,1,0.205761316872428,93.4,9589.0
P012,F9,F,9,sample,B-0091,B-0091-B01,1,0.06858710562414266,97.2,9338.0
P012,F10,F,10,sample,B-0091,B-0091-B01,1,0.022862368541380886,99.2,9448.0
P012,F11,F,11,sample,B-0091,B-0091-B01,1,0.007620789513793629,99.9,9919.0
P012,F12,F,12,sample,B-0091,B-0091-B01,1,0.002540263171264543,101.5,9076.0
P012,F13,F,13,sample,B-0091,B-0091-B01,2,50.0,35.3,10259.0
P012,F14,F,14,sample,B-0091,B-0091-B01,2,16.666666666666668,35.8,9919.0
P012,F15,F,15,sample,B-0091,B-0091-B01,2,5.555555555555555,44.6,9751.0
P012,F16,F,16,sample,B-0091,B-0091-B01,2,1.8518518518518519,60.9,9947.0
P012,F17,F,17,sample,B-0091,B-0091-B01,2,0.6172839506172839,73.1,9627.0
P012,F18,F,18,sample,B-0091,B-0091-B01,2,0.205761316872428,92.2,9717.0
P012,F19,F,19,sample,B-0091,B-0091-B01,2,0.06858710562414266,98.9,9351.0
P012,F20,F,20,sample,B-0091,B-0091-B01,2,0.022862368541380886,101.2,9415.0
P012,F21,F,21,sample,B-0091,B-0091-B01,2,0.007620789513793629,101.6,9047.0
P012,F22,F,22,sample,B-0091,B-0091-B01,2,0.002540263171264543,98.7,9528.0
P012,G3,G,3,sample,B-0187,B-0187-B01,1,50.0,30.0,10410.0
P012,G4,G,4,sample,B-0187,B-0187-B01,1,16.666666666666668,30.5,9943.0
P012,G5,G,5,sample,B-0187,B-0187-B01,1,5.555555555555555,33.8,9759.0
P012,G6,G,6,sample,B-0187,B-0187-B01,1,1.8518518518518519,32.5,10001.0
P012,G7,G,7,sample,B-0187,B-0187-B01,1,0.6172839506172839,36.1,10312.0
P012,G8,G,8,sample,B-0187,B-0187-B01,1,0.205761316872428,44.2,10406.0
P012,G9,G,9,sample,B-0187,B-0187-B01,1,0.06858710562414266,55.9,9959.0
P012,G10,G,10,sample,B-0187,B-0187-B01,1,0.022862368541380886,75.6,9665.0
P012,G11,G,11,sample,B-0187,B-0187-B01,1,0.007620789513793629,87.1,9939.0
P012,G12,G,12,sample,B-0187,B-0187-B01,1,0.002540263171264543,94.6,9112.0
P012,G13,G,13,sample,B-0187,B-0187-B01,2,50.0,28.1,10010.0
P012,G14,G,14,sample,B-0187,B-0187-B01,2,16.666666666666668,33.8,9887.0
P012,G15,G,15,sample,B-0187,B-0187-B01,2,5.555555555555555,28.8,10323.0
P012,G16,G,16,sample,B-0187,B-0187-B01,2,1.8518518518518519,34.4,10247.0
P012,G17,G,17,sample,B-0187,B-0187-B01,2,0.6172839506172839,36.8,9814.0
P012,G18,G,18,sample,B-0187,B-0187-B01,2,0.205761316872428,43.2,10081.0
P012,G19,G,19,sample,B-0187,B-0187-B01,2,0.06858710562414266,58.4,10231.0
P012,G20,G,20,sample,B-0187,B-0187-B01,2,0.022862368541380886,79.0,9392.0
P012,G21,G,21,sample,B-0187,B-0187-B01,2,0.007620789513793629,93.7,9058.0
P012,G22,G,22,sample,B-0187,B-0187-B01,2,0.002540263171264543,98.1,9265.0
P012,H3,H,3,sample,A-0011,A-0011-B01,1,50.0,143.6,15229.0
P012,H4,H,4,sample,A-0011,A-0011-B01,1,16.666666666666668,57.3,10831.0
P012,H5,H,5,sample,A-0011,A-0011-B01,1,5.555555555555555,46.5,9862.0
P012,H6,H,6,sample,A-0011,A-0011-B01,1,1.8518518518518519,55.4,9820.0
P012,H7,H,7,sample,A-0011,A-0011-B01,1,0.6172839506172839,72.9,9642.0
P012,H8,H,8,sample,A-0011,A-0011-B01,1,0.205761316872428,83.8,9467.0
P012,H9,H,9,sample,A-0011,A-0011-B01,1,0.06858710562414266,94.0,9305.0
P012,H10,H,10,sample,A-0011,A-0011-B01,1,0.022862368541380886,102.3,9217.0
P012,H11,H,11,sample,A-0011,A-0011-B01,1,0.007620789513793629,102.2,9497.0
P012,H12,H,12,sample,A-0011,A-0011-B01,1,0.002540263171264543,101.0,9385.0
P012,H13,H,13,sample,A-0011,A-0011-B01,2,50.0,144.7,15964.0
P012,H14,H,14,sample,A-0011,A-0011-B01,2,16.666666666666668,68.5,10759.0
P012,H15,H,15,sample,A-0011,A-0011-B01,2,5.555555555555555,44.3,9594.0
P012,H16,H,16,sample,A-0011,A-0011-B01,2,1.8518518518518519,51.1,9746.0
P012,H17,H,17,sample,A-0011,A-0011-B01,2,0.6172839506172839,79.2,9475.0
P012,H18,H,18,sample,A-0011,A-0011-B01,2,0.205761316872428,88.6,9141.0
P012,H19,H,19,sample,A-0011,A-0011-B01,2,0.06858710562414266,100.3,9532.0
P012,H20,H,20,sample,A-0011,A-0011-B01,2,0.022862368541380886,99.9,9611.0
P012,H21,H,21,sample,A-0011,A-0011-B01,2,0.007620789513793629,96.9,9546.0
P012,H22,H,22,sample,A-0011,A-0011-B01,2,0.002540263171264543,98.9,9289.0
P012,I3,I,3,sample,B-0104,B-0104-B01,1,50.0,31.7,10133.0
P012,I4,I,4,sample,B-0104,B-0104-B01,1,16.666666666666668,29.4,10397.0
P012,I5,I,5,sample,B-0104,B-0104-B01,1,5.555555555555555,34.3,10126.0
P012,I6,I,6,sample,B-0104,B-0104-B01,1,1.8518518518518519,37.8,10051.0
P012,I7,I,7,sample,B-0104,B-0104-B01,1,0.6172839506172839,37.6,10139.0
P012,I8,I,8,sample,B-0104,B-0104-B01,1,0.205761316872428,55.0,9453.0
P012,I9,I,9,sample,B-0104,B-0104-B01,1,0.06858710562414266,75.7,9408.0
P012,I10,I,10,sample,B-0104,B-0104-B01,1,0.022862368541380886,91.9,9651.0
P012,I11,I,11,sample,B-0104,B-0104-B01,1,0.007620789513793629,92.8,9371.0
P012,I12,I,12,sample,B-0104,B-0104-B01,1,0.002540263171264543,94.5,9467.0
P012,I13,I,13,sample,B-0104,B-0104-B01,2,50.0,33.7,10065.0
P012,I14,I,14,sample,B-0104,B-0104-B01,2,16.666666666666668,27.9,9897.0
P012,I15,I,15,sample,B-0104,B-0104-B01,2,5.555555555555555,33.6,10053.0
P012,I16,I,16,sample,B-0104,B-0104-B01,2,1.8518518518518519,36.0,10060.0
P012,I17,I,17,sample,B-0104,B-0104-B01,2,0.6172839506172839,43.1,10387.0
P012,I18,I,18,sample,B-0104,B-0104-B01,2,0.205761316872428,56.7,9691.0
P012,I19,I,19,sample,B-0104,B-0104-B01,2,0.06858710562414266,73.7,9683.0
P012,I20,I,20,sample,B-0104,B-0104-B01,2,0.022862368541380886,88.1,9618.0
P012,I21,I,21,sample,B-0104,B-0104-B01,2,0.007620789513793629,93.7,9343.0
P012,I22,I,22,sample,B-0104,B-0104-B01,2,0.002540263171264543,98.1,9561.0
P012,J3,J,3,sample,B-0204,B-0204-B01,1,50.0,94.0,12729.0
P012,J4,J,4,sample,B-0204,B-0204-B01,1,16.666666666666668,34.0,9737.0
P012,J5,J,5,sample,B-0204,B-0204-B01,1,5.555555555555555,36.2,10104.0
P012,J6,J,6,sample,B-0204,B-0204-B01,1,1.8518518518518519,40.8,9992.0
P012,J7,J,7,sample,B-0204,B-0204-B01,1,0.6172839506172839,58.4,9859.0
P012,J8,J,8,sample,B-0204,B-0204-B01,1,0.205761316872428,76.4,9444.0
P012,J9,J,9,sample,B-0204,B-0204-B01,1,0.06858710562414266,89.6,9517.0
P012,J10,J,10,sample,B-0204,B-0204-B01,1,0.022862368541380886,99.1,9954.0
P012,J11,J,11,sample,B-0204,B-0204-B01,1,0.007620789513793629,101.1,9384.0
P012,J12,J,12,sample,B-0204,B-0204-B01,1,0.002540263171264543,100.9,9193.0
P012,J13,J,13,sample,B-0204,B-0204-B01,2,50.0,97.9,12661.0
P012,J14,J,14,sample,B-0204,B-0204-B01,2,16.666666666666668,31.3,10133.0
P012,J15,J,15,sample,B-0204,B-0204-B01,2,5.555555555555555,31.7,10158.0
P012,J16,J,16,sample,B-0204,B-0204-B01,2,1.8518518518518519,42.5,10058.0
P012,J17,J,17,sample,B-0204,B-0204-B01,2,0.6172839506172839,58.5,9890.0
P012,J18,J,18,sample,B-0204,B-0204-B01,2,0.205761316872428,81.6,10056.0
P012,J19,J,19,sample,B-0204,B-0204-B01,2,0.06858710562414266,91.8,9150.0
P012,J20,J,20,sample,B-0204,B-0204-B01,2,0.022862368541380886,95.8,10030.0
P012,J21,J,21,sample,B-0204,B-0204-B01,2,0.007620789513793629,98.0,9198.0
P012,J22,J,22,sample,B-0204,B-0204-B01,2,0.002540263171264543,103.0,9333.0
P012,K3,K,3,sample,A-0285,A-0285-B01,1,50.0,132.5,14654.0
P012,K4,K,4,sample,A-0285,A-0285-B01,1,16.666666666666668,69.2,11036.0
P012,K5,K,5,sample,A-0285,A-0285-B01,1,5.555555555555555,46.8,9980.0
P012,K6,K,6,sample,A-0285,A-0285-B01,1,1.8518518518518519,61.5,9534.0
P012,K7,K,7,sample,A-0285,A-0285-B01,1,0.6172839506172839,80.6,9504.0
P012,K8,K,8,sample,A-0285,A-0285-B01,1,0.205761316872428,85.5,9207.0
P012,K9,K,9,sample,A-0285,A-0285-B01,1,0.06858710562414266,98.2,9368.0
P012,K10,K,10,sample,A-0285,A-0285-B01,1,0.022862368541380886,98.6,9163.0
P012,K11,K,11,sample,A-0285,A-0285-B01,1,0.007620789513793629,97.9,9398.0
P012,K12,K,12,sample,A-0285,A-0285-B01,1,0.002540263171264543,99.9,9109.0
P012,K13,K,13,sample,A-0285,A-0285-B01,2,50.0,137.9,16197.0
P012,K14,K,14,sample,A-0285,A-0285-B01,2,16.666666666666668,56.2,10910.0
P012,K15,K,15,sample,A-0285,A-0285-B01,2,5.555555555555555,41.7,9909.0
P012,K16,K,16,sample,A-0285,A-0285-B01,2,1.8518518518518519,61.8,10132.0
P012,K17,K,17,sample,A-0285,A-0285-B01,2,0.6172839506172839,72.8,9548.0
P012,K18,K,18,sample,A-0285,A-0285-B01,2,0.205761316872428,87.5,9292.0
P012,K19,K,19,sample,A-0285,A-0285-B01,2,0.06858710562414266,95.9,9278.0
P012,K20,K,20,sample,A-0285,A-0285-B01,2,0.022862368541380886,100.9,10062.0
P012,K21,K,21,sample,A-0285,A-0285-B01,2,0.007620789513793629,100.6,9269.0
P012,K22,K,22,sample,A-0285,A-0285-B01,2,0.002540263171264543,101.9,9254.0
P012,L3,L,3,sample,A-0123,A-0123-B01,1,50.0,163.0,16539.0
P012,L4,L,4,sample,A-0123,A-0123-B01,1,16.666666666666668,93.7,11517.0
P012,L5,L,5,sample,A-0123,A-0123-B01,1,5.555555555555555,67.1,10226.0
P012,L6,L,6,sample,A-0123,A-0123-B01,1,1.8518518518518519,59.5,10130.0
P012,L7,L,7,sample,A-0123,A-0123-B01,1,0.6172839506172839,75.4,9812.0
P012,L8,L,8,sample,A-0123,A-0123-B01,1,0.205761316872428,89.8,9265.0
P012,L9,L,9,sample,A-0123,A-0123-B01,1,0.06858710562414266,99.3,9553.0
P012,L10,L,10,sample,A-0123,A-0123-B01,1,0.022862368541380886,101.7,9296.0
P012,L11,L,11,sample,A-0123,A-0123-B01,1,0.007620789513793629,100.9,9739.0
P012,L12,L,12,sample,A-0123,A-0123-B01,1,0.002540263171264543,99.8,9283.0
P012,L13,L,13,sample,A-0123,A-0123-B01,2,50.0,161.9,16541.0
P012,L14,L,14,sample,A-0123,A-0123-B01,2,16.666666666666668,94.1,11436.0
P012,L15,L,15,sample,A-0123,A-0123-B01,2,5.555555555555555,60.5,10072.0
P012,L16,L,16,sample,A-0123,A-0123-B01,2,1.8518518518518519,58.8,10063.0
P012,L17,L,17,sample,A-0123,A-0123-B01,2,0.6172839506172839,76.6,9608.0
P012,L18,L,18,sample,A-0123,A-0123-B01,2,0.205761316872428,93.2,9587.0
P012,L19,L,19,sample,A-0123,A-0123-B01,2,0.06858710562414266,97.9,9868.0
P012,L20,L,20,sample,A-0123,A-0123-B01,2,0.022862368541380886,102.2,9700.0
P012,L21,L,21,sample,A-0123,A-0123-B01,2,0.007620789513793629,96.9,9302.0
P012,L22,L,22,sample,A-0123,A-0123-B01,2,0.002540263171264543,103.3,9371.0
P012,M3,M,3,sample,A-0352,A-0352-B01,1,50.0,151.4,16212.0
P012,M4,M,4,sample,A-0352,A-0352-B01,1,16.666666666666668,85.9,11308.0
P012,M5,M,5,sample,A-0352,A-0352-B01,1,5.555555555555555,50.2,9981.0
P012,M6,M,6,sample,A-0352,A-0352-B01,1,1.8518518518518519,56.1,9683.0
P012,M7,M,7,sample,A-0352,A-0352-B01,1,0.6172839506172839,72.7,9532.0
P012,M8,M,8,sample,A-0352,A-0352-B01,1,0.205761316872428,89.1,9578.0
P012,M9,M,9,sample,A-0352,A-0352-B01,1,0.06858710562414266,96.0,9627.0
P012,M10,M,10,sample,A-0352,A-0352-B01,1,0.022862368541380886,98.3,9554.0
P012,M11,M,11,sample,A-0352,A-0352-B01,1,0.007620789513793629,105.1,9608.0
P012,M12,M,12,sample,A-0352,A-0352-B01,1,0.002540263171264543,102.0,9183.0
P012,M13,M,13,sample,A-0352,A-0352-B01,2,50.0,154.8,15805.0
P012,M14,M,14,sample,A-0352,A-0352-B01,2,16.666666666666668,83.0,11971.0
P012,M15,M,15,sample,A-0352,A-0352-B01,2,5.555555555555555,44.5,10169.0
P012,M16,M,16,sample,A-0352,A-0352-B01,2,1.8518518518518519,55.2,9813.0
P012,M17,M,17,sample,A-0352,A-0352-B01,2,0.6172839506172839,73.6,9764.0
P012,M18,M,18,sample,A-0352,A-0352-B01,2,0.205761316872428,89.3,10152.0
P012,M19,M,19,sample,A-0352,A-0352-B01,2,0.06858710562414266,98.0,9689.0
P012,M20,M,20,sample,A-0352,A-0352-B01,2,0.022862368541380886,98.4,9594.0
P012,M21,M,21,sample,A-0352,A-0352-B01,2,0.007620789513793629,98.0,9148.0
P012,M22,M,22,sample,A-0352,A-0352-B01,2,0.002540263171264543,101.8,9297.0
P012,N3,N,3,sample,B-0059,B-0059-B01,1,50.0,29.3,10131.0
P012,N4,N,4,sample,B-0059,B-0059-B01,1,16.666666666666668,26.3,9938.0
P012,N5,N,5,sample,B-0059,B-0059-B01,1,5.555555555555555,32.6,9876.0
P012,N6,N,6,sample,B-0059,B-0059-B01,1,1.8518518518518519,31.5,9923.0
P012,N7,N,7,sample,B-0059,B-0059-B01,1,0.6172839506172839,37.4,9961.0
P012,N8,N,8,sample,B-0059,B-0059-B01,1,0.205761316872428,40.1,9695.0
P012,N9,N,9,sample,B-0059,B-0059-B01,1,0.06858710562414266,51.7,10133.0
P012,N10,N,10,sample,B-0059,B-0059-B01,1,0.022862368541380886,71.0,9512.0
P012,N11,N,11,sample,B-0059,B-0059-B01,1,0.007620789513793629,86.6,9571.0
P012,N12,N,12,sample,B-0059,B-0059-B01,1,0.002540263171264543,95.5,9554.0
P012,N13,N,13,sample,B-0059,B-0059-B01,2,50.0,31.9,9511.0
P012,N14,N,14,sample,B-0059,B-0059-B01,2,16.666666666666668,30.2,9980.0
P012,N15,N,15,sample,B-0059,B-0059-B01,2,5.555555555555555,28.8,9732.0
P012,N16,N,16,sample,B-0059,B-0059-B01,2,1.8518518518518519,37.0,10092.0
P012,N17,N,17,sample,B-0059,B-0059-B01,2,0.6172839506172839,32.8,10323.0
P012,N18,N,18,sample,B-0059,B-0059-B01,2,0.205761316872428,40.8,10326.0
P012,N19,N,19,sample,B-0059,B-0059-B01,2,0.06858710562414266,52.0,10107.0
P012,N20,N,20,sample,B-0059,B-0059-B01,2,0.022862368541380886,76.0,9833.0
P012,N21,N,21,sample,B-0059,B-0059-B01,2,0.007620789513793629,88.7,9382.0
P012,N22,N,22,sample,B-0059,B-0059-B01,2,0.002540263171264543,97.9,9923.0
P012,O3,O,3,sample,B-0039,B-0039-B01,1,50.0,31.4,10081.0
P012,O4,O,4,sample,B-0039,B-0039-B01,1,16.666666666666668,36.0,10036.0
P012,O5,O,5,sample,B-0039,B-0039-B01,1,5.555555555555555,29.8,10028.0
P012,O6,O,6,sample,B-0039,B-0039-B01,1,1.8518518518518519,41.5,9833.0
P012,O7,O,7,sample,B-0039,B-0039-B01,1,0.6172839506172839,54.7,10304.0
P012,O8,O,8,sample,B-0039,B-0039-B01,1,0.205761316872428,70.8,9787.0
P012,O9,O,9,sample,B-0039,B-0039-B01,1,0.06858710562414266,89.3,9877.0
P012,O10,O,10,sample,B-0039,B-0039-B01,1,0.022862368541380886,94.7,9612.0
P012,O11,O,11,sample,B-0039,B-0039-B01,1,0.007620789513793629,97.5,9089.0
P012,O12,O,12,sample,B-0039,B-0039-B01,1,0.002540263171264543,99.9,10155.0
P012,O13,O,13,sample,B-0039,B-0039-B01,2,50.0,30.9,9746.0
P012,O14,O,14,sample,B-0039,B-0039-B01,2,16.666666666666668,35.2,9848.0
P012,O15,O,15,sample,B-0039,B-0039-B01,2,5.555555555555555,32.3,10310.0
P012,O16,O,16,sample,B-0039,B-0039-B01,2,1.8518518518518519,40.3,10078.0
P012,O17,O,17,sample,B-0039,B-0039-B01,2,0.6172839506172839,48.9,9689.0
P012,O18,O,18,sample,B-0039,B-0039-B01,2,0.205761316872428,65.4,10005.0
P012,O19,O,19,sample,B-0039,B-0039-B01,2,0.06858710562414266,85.1,9318.0
P012,O20,O,20,sample,B-0039,B-0039-B01,2,0.022862368541380886,97.0,9407.0
P012,O21,O,21,sample,B-0039,B-0039-B01,2,0.007620789513793629,99.5,9629.0
P012,O22,O,22,sample,B-0039,B-0039-B01,2,0.002540263171264543,95.8,9241.0
P012,P3,P,3,sample,B-0085,B-0085-B01,1,50.0,36.3,9983.0
P012,P4,P,4,sample,B-0085,B-0085-B01,1,16.666666666666668,34.7,9961.0
P012,P5,P,5,sample,B-0085,B-0085-B01,1,5.555555555555555,33.5,10219.0
P012,P6,P,6,sample,B-0085,B-0085-B01,1,1.8518518518518519,40.1,10318.0
P012,P7,P,7,sample,B-0085,B-0085-B01,1,0.6172839506172839,42.0,10032.0
P012,P8,P,8,sample,B-0085,B-0085-B01,1,0.205761316872428,44.9,10267.0
P012,P9,P,9,sample,B-0085,B-0085-B01,1,0.06858710562414266,62.6,9725.0
P012,P10,P,10,sample,B-0085,B-0085-B01,1,0.022862368541380886,79.4,9838.0
P012,P11,P,11,sample,B-0085,B-0085-B01,1,0.007620789513793629,95.3,9772.0
P012,P12,P,12,sample,B-0085,B-0085-B01,1,0.002540263171264543,102.3,9614.0
P012,P13,P,13,sample,B-0085,B-0085-B01,2,50.0,33.8,10188.0
P012,P14,P,14,sample,B-0085,B-0085-B01,2,16.666666666666668,36.6,10535.0
P012,P15,P,15,sample,B-0085,B-0085-B01,2,5.555555555555555,36.0,10333.0
P012,P16,P,16,sample,B-0085,B-0085-B01,2,1.8518518518518519,41.1,10066.0
P012,P17,P,17,sample,B-0085,B-0085-B01,2,0.6172839506172839,36.3,10118.0
P012,P18,P,18,sample,B-0085,B-0085-B01,2,0.205761316872428,43.9,10303.0
P012,P19,P,19,sample,B-0085,B-0085-B01,2,0.06858710562414266,62.2,10213.0
P012,P20,P,20,sample,B-0085,B-0085-B01,2,0.022862368541380886,81.5,9320.0
P012,P21,P,21,sample,B-0085,B-0085-B01,2,0.007620789513793629,91.5,9706.0
P012,P22,P,22,sample,B-0085,B-0085-B01,2,0.002540263171264543,98.5,9559.0
P013,A1,A,1,high_control,,,0,0.0,111.7,9728.0
P013,A2,A,2,low_control,,,0,0.0,35.4,9753.0
P013,A23,A,23,reference,REF-1,REF-1-B01,1,50.0,42.2,9898.0
P013,A24,A,24,reference,REF-1,REF-1-B01,2,50.0,38.8,10305.0
P013,B1,B,1,high_control,,,0,0.0,110.5,9081.0
P013,B2,B,2,low_control,,,0,0.0,37.6,9540.0
P013,B23,B,23,reference,REF-1,REF-1-B01,1,16.666666666666668,37.8,9787.0
P013,B24,B,24,reference,REF-1,REF-1-B01,2,16.666666666666668,37.6,10518.0
P013,C1,C,1,high_control,,,0,0.0,110.8,9561.0
P013,C2,C,2,low_control,,,0,0.0,32.9,10258.0
P013,C23,C,23,reference,REF-1,REF-1-B01,1,5.555555555555555,36.8,9610.0
P013,C24,C,24,reference,REF-1,REF-1-B01,2,5.555555555555555,41.9,10354.0
P013,D1,D,1,high_control,,,0,0.0,106.8,9219.0
P013,D2,D,2,low_control,,,0,0.0,31.7,9692.0
P013,D23,D,23,reference,REF-1,REF-1-B01,1,1.8518518518518519,37.2,10009.0
P013,D24,D,24,reference,REF-1,REF-1-B01,2,1.8518518518518519,40.8,10141.0
P013,E1,E,1,high_control,,,0,0.0,107.9,9580.0
P013,E2,E,2,low_control,,,0,0.0,36.9,9575.0
P013,E23,E,23,reference,REF-1,REF-1-B01,1,0.6172839506172839,41.7,10231.0
P013,E24,E,24,reference,REF-1,REF-1-B01,2,0.6172839506172839,49.4,9952.0
P013,F1,F,1,high_control,,,0,0.0,107.1,9463.0
P013,F2,F,2,low_control,,,0,0.0,34.1,9690.0
P013,F23,F,23,reference,REF-1,REF-1-B01,1,0.205761316872428,57.9,9508.0
P013,F24,F,24,reference,REF-1,REF-1-B01,2,0.205761316872428,62.1,9927.0
P013,G1,G,1,high_control,,,0,0.0,103.4,9635.0
P013,G2,G,2,low_control,,,0,0.0,38.9,9761.0
P013,G23,G,23,reference,REF-1,REF-1-B01,1,0.06858710562414266,74.8,9845.0
P013,G24,G,24,reference,REF-1,REF-1-B01,2,0.06858710562414266,80.3,10238.0
P013,H1,H,1,high_control,,,0,0.0,109.8,9520.0
P013,H2,H,2,low_control,,,0,0.0,38.2,9976.0
P013,H23,H,23,reference,REF-1,REF-1-B01,1,0.022862368541380886,91.1,9618.0
P013,H24,H,24,reference,REF-1,REF-1-B01,2,0.022862368541380886,95.2,9815.0
P013,I1,I,1,high_control,,,0,0.0,108.2,9597.0
P013,I2,I,2,low_control,,,0,0.0,30.1,9678.0
P013,I23,I,23,reference,REF-1,REF-1-B01,1,0.007620789513793629,101.5,9579.0
P013,I24,I,24,reference,REF-1,REF-1-B01,2,0.007620789513793629,104.5,9949.0
P013,J1,J,1,high_control,,,0,0.0,110.3,9039.0
P013,J2,J,2,low_control,,,0,0.0,39.0,9910.0
P013,J23,J,23,reference,REF-1,REF-1-B01,1,0.002540263171264543,102.3,9322.0
P013,J24,J,24,reference,REF-1,REF-1-B01,2,0.002540263171264543,105.9,10320.0
P013,K1,K,1,high_control,,,0,0.0,108.0,9751.0
P013,K2,K,2,low_control,,,0,0.0,34.2,9905.0
P013,K23,K,23,high_control,,,0,0.0,107.2,9212.0
P013,K24,K,24,low_control,,,0,0.0,40.9,10260.0
P013,L1,L,1,high_control,,,0,0.0,105.8,9723.0
P013,L2,L,2,low_control,,,0,0.0,33.4,9940.0
P013,L23,L,23,high_control,,,0,0.0,102.5,9307.0
P013,L24,L,24,low_control,,,0,0.0,38.7,10246.0
P013,M1,M,1,high_control,,,0,0.0,106.5,10068.0
P013,M2,M,2,low_control,,,0,0.0,41.4,9930.0
P013,M23,M,23,high_control,,,0,0.0,109.8,9622.0
P013,M24,M,24,low_control,,,0,0.0,36.3,10028.0
P013,N1,N,1,high_control,,,0,0.0,110.7,9822.0
P013,N2,N,2,low_control,,,0,0.0,37.0,10195.0
P013,N23,N,23,high_control,,,0,0.0,106.9,9124.0
P013,N24,N,24,low_control,,,0,0.0,41.6,10526.0
P013,O1,O,1,high_control,,,0,0.0,107.5,9717.0
P013,O2,O,2,low_control,,,0,0.0,33.7,10048.0
P013,O23,O,23,high_control,,,0,0.0,100.4,9676.0
P013,O24,O,24,low_control,,,0,0.0,36.5,10021.0
P013,P1,P,1,high_control,,,0,0.0,108.1,9439.0
P013,P2,P,2,low_control,,,0,0.0,37.4,10452.0
P013,P23,P,23,high_control,,,0,0.0,107.3,9480.0
P013,P24,P,24,low_control,,,0,0.0,40.9,10557.0
P013,A3,A,3,sample,B-0018,B-0018-B01,1,50.0,48.7,9816.0
P013,A4,A,4,sample,B-0018,B-0018-B01,1,16.666666666666668,58.1,10231.0
P013,A5,A,5,sample,B-0018,B-0018-B01,1,5.555555555555555,73.2,9904.0
P013,A6,A,6,sample,B-0018,B-0018-B01,1,1.8518518518518519,92.5,10008.0
P013,A7,A,7,sample,B-0018,B-0018-B01,1,0.6172839506172839,101.7,9647.0
P013,A8,A,8,sample,B-0018,B-0018-B01,1,0.205761316872428,100.7,9600.0
P013,A9,A,9,sample,B-0018,B-0018-B01,1,0.06858710562414266,109.1,9333.0
P013,A10,A,10,sample,B-0018,B-0018-B01,1,0.022862368541380886,110.3,9527.0
P013,A11,A,11,sample,B-0018,B-0018-B01,1,0.007620789513793629,108.2,9212.0
P013,A12,A,12,sample,B-0018,B-0018-B01,1,0.002540263171264543,106.4,10037.0
P013,A13,A,13,sample,B-0018,B-0018-B01,2,50.0,51.4,10119.0
P013,A14,A,14,sample,B-0018,B-0018-B01,2,16.666666666666668,56.3,10359.0
P013,A15,A,15,sample,B-0018,B-0018-B01,2,5.555555555555555,75.6,10178.0
P013,A16,A,16,sample,B-0018,B-0018-B01,2,1.8518518518518519,90.9,9963.0
P013,A17,A,17,sample,B-0018,B-0018-B01,2,0.6172839506172839,101.6,9750.0
P013,A18,A,18,sample,B-0018,B-0018-B01,2,0.205761316872428,109.0,9454.0
P013,A19,A,19,sample,B-0018,B-0018-B01,2,0.06858710562414266,108.1,9358.0
P013,A20,A,20,sample,B-0018,B-0018-B01,2,0.022862368541380886,106.0,9192.0
P013,A21,A,21,sample,B-0018,B-0018-B01,2,0.007620789513793629,108.7,9866.0
P013,A22,A,22,sample,B-0018,B-0018-B01,2,0.002540263171264543,102.1,9513.0
P013,B3,B,3,sample,B-0015,B-0015-B01,1,50.0,36.5,10240.0
P013,B4,B,4,sample,B-0015,B-0015-B01,1,16.666666666666668,33.3,9942.0
P013,B5,B,5,sample,B-0015,B-0015-B01,1,5.555555555555555,106.5,9358.0
P013,B6,B,6,sample,B-0015,B-0015-B01,1,1.8518518518518519,38.5,9700.0
P013,B7,B,7,sample,B-0015,B-0015-B01,1,0.6172839506172839,41.5,9509.0
P013,B8,B,8,sample,B-0015,B-0015-B01,1,0.205761316872428,55.6,9490.0
P013,B9,B,9,sample,B-0015,B-0015-B01,1,0.06858710562414266,78.1,9725.0
P013,B10,B,10,sample,B-0015,B-0015-B01,1,0.022862368541380886,88.9,9866.0
P013,B11,B,11,sample,B-0015,B-0015-B01,1,0.007620789513793629,97.4,9350.0
P013,B12,B,12,sample,B-0015,B-0015-B01,1,0.002540263171264543,101.2,9474.0
P013,B13,B,13,sample,B-0015,B-0015-B01,2,50.0,35.8,9701.0
P013,B14,B,14,sample,B-0015,B-0015-B01,2,16.666666666666668,34.2,9975.0
P013,B15,B,15,sample,B-0015,B-0015-B01,2,5.555555555555555,36.9,10034.0
P013,B16,B,16,sample,B-0015,B-0015-B01,2,1.8518518518518519,34.4,9748.0
P013,B17,B,17,sample,B-0015,B-0015-B01,2,0.6172839506172839,43.7,9905.0
P013,B18,B,18,sample,B-0015,B-0015-B01,2,0.205761316872428,57.0,9561.0
P013,B19,B,19,sample,B-0015,B-0015-B01,2,0.06858710562414266,72.7,9460.0
P013,B20,B,20,sample,B-0015,B-0015-B01,2,0.022862368541380886,90.1,9382.0
P013,B21,B,21,sample,B-0015,B-0015-B01,2,0.007620789513793629,97.9,9379.0
P013,B22,B,22,sample,B-0015,B-0015-B01,2,0.002540263171264543,101.0,9583.0
P013,C3,C,3,sample,B-0027,B-0027-B01,1,50.0,36.7,9880.0
P013,C4,C,4,sample,B-0027,B-0027-B01,1,16.666666666666668,38.2,10062.0
P013,C5,C,5,sample,B-0027,B-0027-B01,1,5.555555555555555,34.1,9990.0
P013,C6,C,6,sample,B-0027,B-0027-B01,1,1.8518518518518519,36.2,10232.0
P013,C7,C,7,sample,B-0027,B-0027-B01,1,0.6172839506172839,39.5,9950.0
P013,C8,C,8,sample,B-0027,B-0027-B01,1,0.205761316872428,47.4,9642.0
P013,C9,C,9,sample,B-0027,B-0027-B01,1,0.06858710562414266,66.3,9882.0
P013,C10,C,10,sample,B-0027,B-0027-B01,1,0.022862368541380886,87.6,9861.0
P013,C11,C,11,sample,B-0027,B-0027-B01,1,0.007620789513793629,98.2,9344.0
P013,C12,C,12,sample,B-0027,B-0027-B01,1,0.002540263171264543,97.9,9142.0
P013,C13,C,13,sample,B-0027,B-0027-B01,2,50.0,39.8,9701.0
P013,C14,C,14,sample,B-0027,B-0027-B01,2,16.666666666666668,36.0,9979.0
P013,C15,C,15,sample,B-0027,B-0027-B01,2,5.555555555555555,39.0,10503.0
P013,C16,C,16,sample,B-0027,B-0027-B01,2,1.8518518518518519,40.0,10207.0
P013,C17,C,17,sample,B-0027,B-0027-B01,2,0.6172839506172839,39.4,9933.0
P013,C18,C,18,sample,B-0027,B-0027-B01,2,0.205761316872428,54.9,9708.0
P013,C19,C,19,sample,B-0027,B-0027-B01,2,0.06858710562414266,66.1,9841.0
P013,C20,C,20,sample,B-0027,B-0027-B01,2,0.022862368541380886,89.2,9541.0
P013,C21,C,21,sample,B-0027,B-0027-B01,2,0.007620789513793629,97.6,9693.0
P013,C22,C,22,sample,B-0027,B-0027-B01,2,0.002540263171264543,103.5,9128.0
P013,D3,D,3,sample,B-0233,B-0233-B01,1,50.0,40.6,10145.0
P013,D4,D,4,sample,B-0233,B-0233-B01,1,16.666666666666668,42.3,9524.0
P013,D5,D,5,sample,B-0233,B-0233-B01,1,5.555555555555555,40.1,9593.0
P013,D6,D,6,sample,B-0233,B-0233-B01,1,1.8518518518518519,58.6,9829.0
P013,D7,D,7,sample,B-0233,B-0233-B01,1,0.6172839506172839,78.5,9721.0
P013,D8,D,8,sample,B-0233,B-0233-B01,1,0.205761316872428,92.4,9249.0
P013,D9,D,9,sample,B-0233,B-0233-B01,1,0.06858710562414266,99.8,9568.0
P013,D10,D,10,sample,B-0233,B-0233-B01,1,0.022862368541380886,100.3,10023.0
P013,D11,D,11,sample,B-0233,B-0233-B01,1,0.007620789513793629,105.6,9988.0
P013,D12,D,12,sample,B-0233,B-0233-B01,1,0.002540263171264543,104.5,9729.0
P013,D13,D,13,sample,B-0233,B-0233-B01,2,50.0,39.4,9564.0
P013,D14,D,14,sample,B-0233,B-0233-B01,2,16.666666666666668,38.6,9633.0
P013,D15,D,15,sample,B-0233,B-0233-B01,2,5.555555555555555,42.3,9975.0
P013,D16,D,16,sample,B-0233,B-0233-B01,2,1.8518518518518519,55.9,9821.0
P013,D17,D,17,sample,B-0233,B-0233-B01,2,0.6172839506172839,79.0,9213.0
P013,D18,D,18,sample,B-0233,B-0233-B01,2,0.205761316872428,87.5,10063.0
P013,D19,D,19,sample,B-0233,B-0233-B01,2,0.06858710562414266,102.0,9430.0
P013,D20,D,20,sample,B-0233,B-0233-B01,2,0.022862368541380886,104.2,9002.0
P013,D21,D,21,sample,B-0233,B-0233-B01,2,0.007620789513793629,107.4,9408.0
P013,D22,D,22,sample,B-0233,B-0233-B01,2,0.002540263171264543,102.0,9421.0
P013,E3,E,3,sample,B-0142,B-0142-B01,1,50.0,38.0,9845.0
P013,E4,E,4,sample,B-0142,B-0142-B01,1,16.666666666666668,37.9,9871.0
P013,E5,E,5,sample,B-0142,B-0142-B01,1,5.555555555555555,37.4,10231.0
P013,E6,E,6,sample,B-0142,B-0142-B01,1,1.8518518518518519,46.0,9728.0
P013,E7,E,7,sample,B-0142,B-0142-B01,1,0.6172839506172839,59.9,9851.0
P013,E8,E,8,sample,B-0142,B-0142-B01,1,0.205761316872428,81.2,9507.0
P013,E9,E,9,sample,B-0142,B-0142-B01,1,0.06858710562414266,91.5,9925.0
P013,E10,E,10,sample,B-0142,B-0142-B01,1,0.022862368541380886,99.9,9648.0
P013,E11,E,11,sample,B-0142,B-0142-B01,1,0.007620789513793629,102.5,9406.0
P013,E12,E,12,sample,B-0142,B-0142-B01,1,0.002540263171264543,104.9,9587.0
P013,E13,E,13,sample,B-0142,B-0142-B01,2,50.0,36.1,9711.0
P013,E14,E,14,sample,B-0142,B-0142-B01,2,16.666666666666668,39.5,10183.0
P013,E15,E,15,sample,B-0142,B-0142-B01,2,5.555555555555555,35.9,9586.0
P013,E16,E,16,sample,B-0142,B-0142-B01,2,1.8518518518518519,43.2,10260.0
P013,E17,E,17,sample,B-0142,B-0142-B01,2,0.6172839506172839,61.4,9502.0
P013,E18,E,18,sample,B-0142,B-0142-B01,2,0.205761316872428,80.9,9795.0
P013,E19,E,19,sample,B-0142,B-0142-B01,2,0.06858710562414266,92.4,9614.0
P013,E20,E,20,sample,B-0142,B-0142-B01,2,0.022862368541380886,104.3,9190.0
P013,E21,E,21,sample,B-0142,B-0142-B01,2,0.007620789513793629,101.3,9477.0
P013,E22,E,22,sample,B-0142,B-0142-B01,2,0.002540263171264543,106.8,9248.0
P013,F3,F,3,sample,B-0264,B-0264-B01,1,50.0,33.1,10614.0
P013,F4,F,4,sample,B-0264,B-0264-B01,1,16.666666666666668,37.0,10240.0
P013,F5,F,5,sample,B-0264,B-0264-B01,1,5.555555555555555,31.1,10111.0
P013,F6,F,6,sample,B-0264,B-0264-B01,1,1.8518518518518519,39.8,9956.0
P013,F7,F,7,sample,B-0264,B-0264-B01,1,0.6172839506172839,41.5,10235.0
P013,F8,F,8,sample,B-0264,B-0264-B01,1,0.205761316872428,60.8,9304.0
P013,F9,F,9,sample,B-0264,B-0264-B01,1,0.06858710562414266,79.3,9452.0
P013,F10,F,10,sample,B-0264,B-0264-B01,1,0.022862368541380886,92.3,9725.0
P013,F11,F,11,sample,B-0264,B-0264-B01,1,0.007620789513793629,102.3,9583.0
P013,F12,F,12,sample,B-0264,B-0264-B01,1,0.002540263171264543,99.2,9007.0
P013,F13,F,13,sample,B-0264,B-0264-B01,2,50.0,35.6,9716.0
P013,F14,F,14,sample,B-0264,B-0264-B01,2,16.666666666666668,34.4,9729.0
P013,F15,F,15,sample,B-0264,B-0264-B01,2,5.555555555555555,37.0,9987.0
P013,F16,F,16,sample,B-0264,B-0264-B01,2,1.8518518518518519,36.5,10280.0
P013,F17,F,17,sample,B-0264,B-0264-B01,2,0.6172839506172839,44.5,10407.0
P013,F18,F,18,sample,B-0264,B-0264-B01,2,0.205761316872428,58.0,9569.0
P013,F19,F,19,sample,B-0264,B-0264-B01,2,0.06858710562414266,78.3,10045.0
P013,F20,F,20,sample,B-0264,B-0264-B01,2,0.022862368541380886,95.1,9377.0
P013,F21,F,21,sample,B-0264,B-0264-B01,2,0.007620789513793629,99.2,9506.0
P013,F22,F,22,sample,B-0264,B-0264-B01,2,0.002540263171264543,103.7,9513.0
P013,G3,G,3,sample,B-0305,B-0305-B01,1,50.0,32.6,9547.0
P013,G4,G,4,sample,B-0305,B-0305-B01,1,16.666666666666668,35.5,10351.0
P013,G5,G,5,sample,B-0305,B-0305-B01,1,5.555555555555555,35.5,9849.0
P013,G6,G,6,sample,B-0305,B-0305-B01,1,1.8518518518518519,38.3,10164.0
P013,G7,G,7,sample,B-0305,B-0305-B01,1,0.6172839506172839,45.9,10055.0
P013,G8,G,8,sample,B-0305,B-0305-B01,1,0.205761316872428,44.8,10034.0
P013,G9,G,9,sample,B-0305,B-0305-B01,1,0.06858710562414266,65.1,10065.0
P013,G10,G,10,sample,B-0305,B-0305-B01,1,0.022862368541380886,84.1,9577.0
P013,G11,G,11,sample,B-0305,B-0305-B01,1,0.007620789513793629,94.9,9092.0
P013,G12,G,12,sample,B-0305,B-0305-B01,1,0.002540263171264543,99.8,9794.0
P013,G13,G,13,sample,B-0305,B-0305-B01,2,50.0,37.3,9997.0
P013,G14,G,14,sample,B-0305,B-0305-B01,2,16.666666666666668,37.6,10272.0
P013,G15,G,15,sample,B-0305,B-0305-B01,2,5.555555555555555,34.3,10399.0
P013,G16,G,16,sample,B-0305,B-0305-B01,2,1.8518518518518519,34.8,10149.0
P013,G17,G,17,sample,B-0305,B-0305-B01,2,0.6172839506172839,42.3,9538.0
P013,G18,G,18,sample,B-0305,B-0305-B01,2,0.205761316872428,44.1,9850.0
P013,G19,G,19,sample,B-0305,B-0305-B01,2,0.06858710562414266,64.0,9762.0
P013,G20,G,20,sample,B-0305,B-0305-B01,2,0.022862368541380886,82.5,9189.0
P013,G21,G,21,sample,B-0305,B-0305-B01,2,0.007620789513793629,97.1,9663.0
P013,G22,G,22,sample,B-0305,B-0305-B01,2,0.002540263171264543,102.3,9731.0
P013,H3,H,3,sample,B-0262,B-0262-B01,1,50.0,34.2,9643.0
P013,H4,H,4,sample,B-0262,B-0262-B01,1,16.666666666666668,36.1,10250.0
P013,H5,H,5,sample,B-0262,B-0262-B01,1,5.555555555555555,40.0,9748.0
P013,H6,H,6,sample,B-0262,B-0262-B01,1,1.8518518518518519,39.0,10207.0
P013,H7,H,7,sample,B-0262,B-0262-B01,1,0.6172839506172839,42.8,10141.0
P013,H8,H,8,sample,B-0262,B-0262-B01,1,0.205761316872428,58.2,9824.0
P013,H9,H,9,sample,B-0262,B-0262-B01,1,0.06858710562414266,73.9,9845.0
P013,H10,H,10,sample,B-0262,B-0262-B01,1,0.022862368541380886,87.7,9697.0
P013,H11,H,11,sample,B-0262,B-0262-B01,1,0.007620789513793629,96.2,9459.0
P013,H12,H,12,sample,B-0262,B-0262-B01,1,0.002540263171264543,101.5,8995.0
P013,H13,H,13,sample,B-0262,B-0262-B01,2,50.0,33.4,9687.0
P013,H14,H,14,sample,B-0262,B-0262-B01,2,16.666666666666668,33.5,9816.0
P013,H15,H,15,sample,B-0262,B-0262-B01,2,5.555555555555555,34.0,9905.0
P013,H16,H,16,sample,B-0262,B-0262-B01,2,1.8518518518518519,34.2,9896.0
P013,H17,H,17,sample,B-0262,B-0262-B01,2,0.6172839506172839,41.9,9840.0
P013,H18,H,18,sample,B-0262,B-0262-B01,2,0.205761316872428,54.2,9908.0
P013,H19,H,19,sample,B-0262,B-0262-B01,2,0.06858710562414266,71.9,9361.0
P013,H20,H,20,sample,B-0262,B-0262-B01,2,0.022862368541380886,94.1,9697.0
P013,H21,H,21,sample,B-0262,B-0262-B01,2,0.007620789513793629,95.0,9254.0
P013,H22,H,22,sample,B-0262,B-0262-B01,2,0.002540263171264543,103.8,9369.0
P013,I3,I,3,sample,A-0095,A-0095-B01,1,50.0,62.9,53627.0
P013,I4,I,4,sample,A-0095,A-0095-B01,1,16.666666666666668,41.5,47480.0
P013,I5,I,5,sample,A-0095,A-0095-B01,1,5.555555555555555,52.7,27788.0
P013,I6,I,6,sample,A-0095,A-0095-B01,1,1.8518518518518519,73.6,14471.0
P013,I7,I,7,sample,A-0095,A-0095-B01,1,0.6172839506172839,88.5,11439.0
P013,I8,I,8,sample,A-0095,A-0095-B01,1,0.205761316872428,96.7,10281.0
P013,I9,I,9,sample,A-0095,A-0095-B01,1,0.06858710562414266,99.7,9375.0
P013,I10,I,10,sample,A-0095,A-0095-B01,1,0.022862368541380886,105.7,9446.0
P013,I11,I,11,sample,A-0095,A-0095-B01,1,0.007620789513793629,104.3,9267.0
P013,I12,I,12,sample,A-0095,A-0095-B01,1,0.002540263171264543,103.9,9208.0
P013,I13,I,13,sample,A-0095,A-0095-B01,2,50.0,63.8,53177.0
P013,I14,I,14,sample,A-0095,A-0095-B01,2,16.666666666666668,42.5,50490.0
P013,I15,I,15,sample,A-0095,A-0095-B01,2,5.555555555555555,54.0,25340.0
P013,I16,I,16,sample,A-0095,A-0095-B01,2,1.8518518518518519,72.9,14986.0
P013,I17,I,17,sample,A-0095,A-0095-B01,2,0.6172839506172839,91.6,11389.0
P013,I18,I,18,sample,A-0095,A-0095-B01,2,0.205761316872428,101.6,10188.0
P013,I19,I,19,sample,A-0095,A-0095-B01,2,0.06858710562414266,99.7,9770.0
P013,I20,I,20,sample,A-0095,A-0095-B01,2,0.022862368541380886,103.1,9523.0
P013,I21,I,21,sample,A-0095,A-0095-B01,2,0.007620789513793629,108.7,9461.0
P013,I22,I,22,sample,A-0095,A-0095-B01,2,0.002540263171264543,103.3,9425.0
P013,J3,J,3,sample,B-0141,B-0141-B01,1,50.0,33.5,9818.0
P013,J4,J,4,sample,B-0141,B-0141-B01,1,16.666666666666668,32.5,10147.0
P013,J5,J,5,sample,B-0141,B-0141-B01,1,5.555555555555555,38.3,9935.0
P013,J6,J,6,sample,B-0141,B-0141-B01,1,1.8518518518518519,37.5,10146.0
P013,J7,J,7,sample,B-0141,B-0141-B01,1,0.6172839506172839,38.9,10238.0
P013,J8,J,8,sample,B-0141,B-0141-B01,1,0.205761316872428,47.5,9850.0
P013,J9,J,9,sample,B-0141,B-0141-B01,1,0.06858710562414266,58.2,10000.0
P013,J10,J,10,sample,B-0141,B-0141-B01,1,0.022862368541380886,78.7,9670.0
P013,J11,J,11,sample,B-0141,B-0141-B01,1,0.007620789513793629,98.6,9852.0
P013,J12,J,12,sample,B-0141,B-0141-B01,1,0.002540263171264543,96.7,9356.0
P013,J13,J,13,sample,B-0141,B-0141-B01,2,50.0,35.1,10113.0
P013,J14,J,14,sample,B-0141,B-0141-B01,2,16.666666666666668,36.3,9899.0
P013,J15,J,15,sample,B-0141,B-0141-B01,2,5.555555555555555,33.4,10117.0
P013,J16,J,16,sample,B-0141,B-0141-B01,2,1.8518518518518519,38.1,9973.0
P013,J17,J,17,sample,B-0141,B-0141-B01,2,0.6172839506172839,37.5,9804.0
P013,J18,J,18,sample,B-0141,B-0141-B01,2,0.205761316872428,43.6,10121.0
P013,J19,J,19,sample,B-0141,B-0141-B01,2,0.06858710562414266,61.9,9907.0
P013,J20,J,20,sample,B-0141,B-0141-B01,2,0.022862368541380886,78.0,9951.0
P013,J21,J,21,sample,B-0141,B-0141-B01,2,0.007620789513793629,99.6,9128.0
P013,J22,J,22,sample,B-0141,B-0141-B01,2,0.002540263171264543,96.9,9577.0
P013,K3,K,3,sample,A-0057,A-0057-B01,1,50.0,166.0,15653.0
P013,K4,K,4,sample,A-0057,A-0057-B01,1,16.666666666666668,110.1,12362.0
P013,K5,K,5,sample,A-0057,A-0057-B01,1,5.555555555555555,74.5,10404.0
P013,K6,K,6,sample,A-0057,A-0057-B01,1,1.8518518518518519,61.8,9757.0
P013,K7,K,7,sample,A-0057,A-0057-B01,1,0.6172839506172839,80.8,9560.0
P013,K8,K,8,sample,A-0057,A-0057-B01,1,0.205761316872428,94.6,9744.0
P013,K9,K,9,sample,A-0057,A-0057-B01,1,0.06858710562414266,100.1,9551.0
P013,K10,K,10,sample,A-0057,A-0057-B01,1,0.022862368541380886,106.3,9414.0
P013,K11,K,11,sample,A-0057,A-0057-B01,1,0.007620789513793629,107.1,9380.0
P013,K12,K,12,sample,A-0057,A-0057-B01,1,0.002540263171264543,103.1,8983.0
P013,K13,K,13,sample,A-0057,A-0057-B01,2,50.0,165.1,15585.0
P013,K14,K,14,sample,A-0057,A-0057-B01,2,16.666666666666668,113.9,12269.0
P013,K15,K,15,sample,A-0057,A-0057-B01,2,5.555555555555555,77.7,10353.0
P013,K16,K,16,sample,A-0057,A-0057-B01,2,1.8518518518518519,63.7,9650.0
P013,K17,K,17,sample,A-0057,A-0057-B01,2,0.6172839506172839,80.2,9397.0
P013,K18,K,18,sample,A-0057,A-0057-B01,2,0.205761316872428,92.2,9513.0
P013,K19,K,19,sample,A-0057,A-0057-B01,2,0.06858710562414266,103.8,9386.0
P013,K20,K,20,sample,A-0057,A-0057-B01,2,0.022862368541380886,102.1,9331.0
P013,K21,K,21,sample,A-0057,A-0057-B01,2,0.007620789513793629,105.1,9403.0
P013,K22,K,22,sample,A-0057,A-0057-B01,2,0.002540263171264543,101.6,9584.0
P013,L3,L,3,sample,B-0192,B-0192-B01,1,50.0,36.4,10217.0
P013,L4,L,4,sample,B-0192,B-0192-B01,1,16.666666666666668,32.8,10539.0
P013,L5,L,5,sample,B-0192,B-0192-B01,1,5.555555555555555,37.7,9947.0
P013,L6,L,6,sample,B-0192,B-0192-B01,1,1.8518518518518519,33.9,10141.0
P013,L7,L,7,sample,B-0192,B-0192-B01,1,0.6172839506172839,36.8,9908.0
P013,L8,L,8,sample,B-0192,B-0192-B01,1,0.205761316872428,36.9,10056.0
P013,L9,L,9,sample,B-0192,B-0192-B01,1,0.06858710562414266,45.9,9774.0
P013,L10,L,10,sample,B-0192,B-0192-B01,1,0.022862368541380886,71.4,9730.0
P013,L11,L,11,sample,B-0192,B-0192-B01,1,0.007620789513793629,93.7,9230.0
P013,L12,L,12,sample,B-0192,B-0192-B01,1,0.002540263171264543,98.0,9521.0
P013,L13,L,13,sample,B-0192,B-0192-B01,2,50.0,35.1,9696.0
P013,L14,L,14,sample,B-0192,B-0192-B01,2,16.666666666666668,32.8,9803.0
P013,L15,L,15,sample,B-0192,B-0192-B01,2,5.555555555555555,35.1,9669.0
P013,L16,L,16,sample,B-0192,B-0192-B01,2,1.8518518518518519,35.9,10035.0
P013,L17,L,17,sample,B-0192,B-0192-B01,2,0.6172839506172839,38.2,9896.0
P013,L18,L,18,sample,B-0192,B-0192-B01,2,0.205761316872428,37.6,10075.0
P013,L19,L,19,sample,B-0192,B-0192-B01,2,0.06858710562414266,47.9,9698.0
P013,L20,L,20,sample,B-0192,B-0192-B01,2,0.022862368541380886,70.8,9501.0
P013,L21,L,21,sample,B-0192,B-0192-B01,2,0.007620789513793629,94.2,9816.0
P013,L22,L,22,sample,B-0192,B-0192-B01,2,0.002540263171264543,101.3,9240.0
P013,M3,M,3,sample,A-0266,A-0266-B01,1,50.0,40.2,9889.0
P013,M4,M,4,sample,A-0266,A-0266-B01,1,16.666666666666668,41.2,9945.0
P013,M5,M,5,sample,A-0266,A-0266-B01,1,5.555555555555555,60.9,9689.0
P013,M6,M,6,sample,A-0266,A-0266-B01,1,1.8518518518518519,75.1,9949.0
P013,M7,M,7,sample,A-0266,A-0266-B01,1,0.6172839506172839,88.2,9624.0
P013,M8,M,8,sample,A-0266,A-0266-B01,1,0.205761316872428,95.1,9299.0
P013,M9,M,9,sample,A-0266,A-0266-B01,1,0.06858710562414266,102.2,9411.0
P013,M10,M,10,sample,A-0266,A-0266-B01,1,0.022862368541380886,109.4,9656.0
P013,M11,M,11,sample,A-0266,A-0266-B01,1,0.007620789513793629,100.6,9390.0
P013,M12,M,12,sample,A-0266,A-0266-B01,1,0.002540263171264543,102.2,9318.0
P013,M13,M,13,sample,A-0266,A-0266-B01,2,50.0,39.7,9670.0
P013,M14,M,14,sample,A-0266,A-0266-B01,2,16.666666666666668,46.2,10424.0
P013,M15,M,15,sample,A-0266,A-0266-B01,2,5.555555555555555,55.8,9875.0
P013,M16,M,16,sample,A-0266,A-0266-B01,2,1.8518518518518519,71.9,10067.0
P013,M17,M,17,sample,A-0266,A-0266-B01,2,0.6172839506172839,90.1,9633.0
P013,M18,M,18,sample,A-0266,A-0266-B01,2,0.205761316872428,99.8,9297.0
P013,M19,M,19,sample,A-0266,A-0266-B01,2,0.06858710562414266,101.4,9362.0
P013,M20,M,20,sample,A-0266,A-0266-B01,2,0.022862368541380886,102.8,9608.0
P013,M21,M,21,sample,A-0266,A-0266-B01,2,0.007620789513793629,105.7,9553.0
P013,M22,M,22,sample,A-0266,A-0266-B01,2,0.002540263171264543,107.3,9295.0
P013,N3,N,3,sample,B-0269,B-0269-B01,1,50.0,134.9,15103.0
P013,N4,N,4,sample,B-0269,B-0269-B01,1,16.666666666666668,59.5,10583.0
P013,N5,N,5,sample,B-0269,B-0269-B01,1,5.555555555555555,39.3,9861.0
P013,N6,N,6,sample,B-0269,B-0269-B01,1,1.8518518518518519,53.6,10005.0
P013,N7,N,7,sample,B-0269,B-0269-B01,1,0.6172839506172839,68.0,9846.0
P013,N8,N,8,sample,B-0269,B-0269-B01,1,0.205761316872428,88.8,9215.0
P013,N9,N,9,sample,B-0269,B-0269-B01,1,0.06858710562414266,99.5,9580.0
P013,N10,N,10,sample,B-0269,B-0269-B01,1,0.022862368541380886,103.3,9043.0
P013,N11,N,11,sample,B-0269,B-0269-B01,1,0.007620789513793629,102.9,9368.0
P013,N12,N,12,sample,B-0269,B-0269-B01,1,0.002540263171264543,100.0,9005.0
P013,N13,N,13,sample,B-0269,B-0269-B01,2,50.0,128.7,14526.0
P013,N14,N,14,sample,B-0269,B-0269-B01,2,16.666666666666668,57.0,10122.0
P013,N15,N,15,sample,B-0269,B-0269-B01,2,5.555555555555555,40.3,9916.0
P013,N16,N,16,sample,B-0269,B-0269-B01,2,1.8518518518518519,51.9,9640.0
P013,N17,N,17,sample,B-0269,B-0269-B01,2,0.6172839506172839,65.3,9771.0
P013,N18,N,18,sample,B-0269,B-0269-B01,2,0.205761316872428,85.1,9436.0
P013,N19,N,19,sample,B-0269,B-0269-B01,2,0.06858710562414266,94.7,9697.0
P013,N20,N,20,sample,B-0269,B-0269-B01,2,0.022862368541380886,101.1,9341.0
P013,N21,N,21,sample,B-0269,B-0269-B01,2,0.007620789513793629,104.5,9447.0
P013,N22,N,22,sample,B-0269,B-0269-B01,2,0.002540263171264543,103.8,9655.0
P013,O3,O,3,sample,B-0081,B-0081-B01,1,50.0,40.4,9936.0
P013,O4,O,4,sample,B-0081,B-0081-B01,1,16.666666666666668,50.1,10229.0
P013,O5,O,5,sample,B-0081,B-0081-B01,1,5.555555555555555,63.3,9557.0
P013,O6,O,6,sample,B-0081,B-0081-B01,1,1.8518518518518519,81.2,9912.0
P013,O7,O,7,sample,B-0081,B-0081-B01,1,0.6172839506172839,98.6,9718.0
P013,O8,O,8,sample,B-0081,B-0081-B01,1,0.205761316872428,101.8,9470.0
P013,O9,O,9,sample,B-0081,B-0081-B01,1,0.06858710562414266,98.3,9489.0
P013,O10,O,10,sample,B-0081,B-0081-B01,1,0.022862368541380886,104.1,9173.0
P013,O11,O,11,sample,B-0081,B-0081-B01,1,0.007620789513793629,104.5,9832.0
P013,O12,O,12,sample,B-0081,B-0081-B01,1,0.002540263171264543,101.8,9601.0
P013,O13,O,13,sample,B-0081,B-0081-B01,2,50.0,47.4,10215.0
P013,O14,O,14,sample,B-0081,B-0081-B01,2,16.666666666666668,48.2,9951.0
P013,O15,O,15,sample,B-0081,B-0081-B01,2,5.555555555555555,64.8,9284.0
P013,O16,O,16,sample,B-0081,B-0081-B01,2,1.8518518518518519,81.9,9250.0
P013,O17,O,17,sample,B-0081,B-0081-B01,2,0.6172839506172839,101.4,9480.0
P013,O18,O,18,sample,B-0081,B-0081-B01,2,0.205761316872428,104.0,9789.0
P013,O19,O,19,sample,B-0081,B-0081-B01,2,0.06858710562414266,103.8,9510.0
P013,O20,O,20,sample,B-0081,B-0081-B01,2,0.022862368541380886,105.0,9389.0
P013,O21,O,21,sample,B-0081,B-0081-B01,2,0.007620789513793629,108.4,9495.0
P013,O22,O,22,sample,B-0081,B-0081-B01,2,0.002540263171264543,106.2,9195.0
P013,P3,P,3,sample,A-0194,A-0194-B01,1,50.0,194.0,17457.0
P013,P4,P,4,sample,A-0194,A-0194-B01,1,16.666666666666668,131.0,12271.0
P013,P5,P,5,sample,A-0194,A-0194-B01,1,5.555555555555555,97.6,10639.0
P013,P6,P,6,sample,A-0194,A-0194-B01,1,1.8518518518518519,90.6,10239.0
P013,P7,P,7,sample,A-0194,A-0194-B01,1,0.6172839506172839,86.4,10189.0
P013,P8,P,8,sample,A-0194,A-0194-B01,1,0.205761316872428,88.2,10003.0
P013,P9,P,9,sample,A-0194,A-0194-B01,1,0.06858710562414266,99.1,9239.0
P013,P10,P,10,sample,A-0194,A-0194-B01,1,0.022862368541380886,105.1,9483.0
P013,P11,P,11,sample,A-0194,A-0194-B01,1,0.007620789513793629,103.5,9517.0
P013,P12,P,12,sample,A-0194,A-0194-B01,1,0.002540263171264543,109.2,9504.0
P013,P13,P,13,sample,A-0194,A-0194-B01,2,50.0,193.6,17080.0
P013,P14,P,14,sample,A-0194,A-0194-B01,2,16.666666666666668,131.8,11876.0
P013,P15,P,15,sample,A-0194,A-0194-B01,2,5.555555555555555,105.5,10597.0
P013,P16,P,16,sample,A-0194,A-0194-B01,2,1.8518518518518519,92.9,9894.0
P013,P17,P,17,sample,A-0194,A-0194-B01,2,0.6172839506172839,87.7,9464.0
P013,P18,P,18,sample,A-0194,A-0194-B01,2,0.205761316872428,83.1,9708.0
P013,P19,P,19,sample,A-0194,A-0194-B01,2,0.06858710562414266,103.4,9541.0
P013,P20,P,20,sample,A-0194,A-0194-B01,2,0.022862368541380886,104.2,9340.0
P013,P21,P,21,sample,A-0194,A-0194-B01,2,0.007620789513793629,106.3,9617.0
P013,P22,P,22,sample,A-0194,A-0194-B01,2,0.002540263171264543,109.4,9802.0
P014,A1,A,1,high_control,,,0,0.0,109.5,9501.0
P014,A2,A,2,low_control,,,0,0.0,36.3,9903.0
P014,A23,A,23,reference,REF-1,REF-1-B01,1,50.0,33.6,9978.0
P014,A24,A,24,reference,REF-1,REF-1-B01,2,50.0,36.4,10547.0
P014,B1,B,1,high_control,,,0,0.0,106.9,9232.0
P014,B2,B,2,low_control,,,0,0.0,28.6,9549.0
P014,B23,B,23,reference,REF-1,REF-1-B01,1,16.666666666666668,30.1,9935.0
P014,B24,B,24,reference,REF-1,REF-1-B01,2,16.666666666666668,37.6,9961.0
P014,C1,C,1,high_control,,,0,0.0,108.1,9693.0
P014,C2,C,2,low_control,,,0,0.0,34.0,10264.0
P014,C23,C,23,reference,REF-1,REF-1-B01,1,5.555555555555555,36.7,9815.0
P014,C24,C,24,reference,REF-1,REF-1-B01,2,5.555555555555555,36.9,10372.0
P014,D1,D,1,high_control,,,0,0.0,104.8,9767.0
P014,D2,D,2,low_control,,,0,0.0,38.9,9867.0
P014,D23,D,23,reference,REF-1,REF-1-B01,1,1.8518518518518519,34.4,9913.0
P014,D24,D,24,reference,REF-1,REF-1-B01,2,1.8518518518518519,40.7,10087.0
P014,E1,E,1,high_control,,,0,0.0,108.9,9483.0
P014,E2,E,2,low_control,,,0,0.0,31.1,9983.0
P014,E23,E,23,reference,REF-1,REF-1-B01,1,0.6172839506172839,42.1,9791.0
P014,E24,E,24,reference,REF-1,REF-1-B01,2,0.6172839506172839,50.9,10135.0
P014,F1,F,1,high_control,,,0,0.0,105.8,9460.0
P014,F2,F,2,low_control,,,0,0.0,33.0,9979.0
P014,F23,F,23,reference,REF-1,REF-1-B01,1,0.205761316872428,56.2,9989.0
P014,F24,F,24,reference,REF-1,REF-1-B01,2,0.205761316872428,54.0,10417.0
P014,G1,G,1,high_control,,,0,0.0,108.6,9586.0
P014,G2,G,2,low_control,,,0,0.0,32.9,10127.0
P014,G23,G,23,reference,REF-1,REF-1-B01,1,0.06858710562414266,70.2,9468.0
P014,G24,G,24,reference,REF-1,REF-1-B01,2,0.06858710562414266,72.0,9339.0
P014,H1,H,1,high_control,,,0,0.0,106.5,9725.0
P014,H2,H,2,low_control,,,0,0.0,32.1,10064.0
P014,H23,H,23,reference,REF-1,REF-1-B01,1,0.022862368541380886,92.4,9800.0
P014,H24,H,24,reference,REF-1,REF-1-B01,2,0.022862368541380886,92.4,9994.0
P014,I1,I,1,high_control,,,0,0.0,103.8,9546.0
P014,I2,I,2,low_control,,,0,0.0,31.5,10201.0
P014,I23,I,23,reference,REF-1,REF-1-B01,1,0.007620789513793629,91.6,9446.0
P014,I24,I,24,reference,REF-1,REF-1-B01,2,0.007620789513793629,101.0,9831.0
P014,J1,J,1,high_control,,,0,0.0,103.4,9418.0
P014,J2,J,2,low_control,,,0,0.0,32.4,9995.0
P014,J23,J,23,reference,REF-1,REF-1-B01,1,0.002540263171264543,102.0,9650.0
P014,J24,J,24,reference,REF-1,REF-1-B01,2,0.002540263171264543,103.2,9354.0
P014,K1,K,1,high_control,,,0,0.0,105.1,9240.0
P014,K2,K,2,low_control,,,0,0.0,37.7,10032.0
P014,K23,K,23,high_control,,,0,0.0,102.9,9630.0
P014,K24,K,24,low_control,,,0,0.0,32.9,10254.0
P014,L1,L,1,high_control,,,0,0.0,104.3,9859.0
P014,L2,L,2,low_control,,,0,0.0,31.9,10355.0
P014,L23,L,23,high_control,,,0,0.0,97.8,9287.0
P014,L24,L,24,low_control,,,0,0.0,39.7,10015.0
P014,M1,M,1,high_control,,,0,0.0,106.1,9442.0
P014,M2,M,2,low_control,,,0,0.0,33.8,9970.0
P014,M23,M,23,high_control,,,0,0.0,102.2,9629.0
P014,M24,M,24,low_control,,,0,0.0,39.1,9867.0
P014,N1,N,1,high_control,,,0,0.0,106.6,9829.0
P014,N2,N,2,low_control,,,0,0.0,33.7,10497.0
P014,N23,N,23,high_control,,,0,0.0,101.9,9541.0
P014,N24,N,24,low_control,,,0,0.0,36.0,10201.0
P014,O1,O,1,high_control,,,0,0.0,105.6,9659.0
P014,O2,O,2,low_control,,,0,0.0,28.5,9731.0
P014,O23,O,23,high_control,,,0,0.0,100.0,9413.0
P014,O24,O,24,low_control,,,0,0.0,37.0,10378.0
P014,P1,P,1,high_control,,,0,0.0,108.3,9265.0
P014,P2,P,2,low_control,,,0,0.0,39.8,9802.0
P014,P23,P,23,high_control,,,0,0.0,108.2,9424.0
P014,P24,P,24,low_control,,,0,0.0,35.9,10290.0
P014,A3,A,3,sample,B-0293,B-0293-B01,1,50.0,132.1,14801.0
P014,A4,A,4,sample,B-0293,B-0293-B01,1,16.666666666666668,45.9,9874.0
P014,A5,A,5,sample,B-0293,B-0293-B01,1,5.555555555555555,46.9,9745.0
P014,A6,A,6,sample,B-0293,B-0293-B01,1,1.8518518518518519,55.9,10135.0
P014,A7,A,7,sample,B-0293,B-0293-B01,1,0.6172839506172839,76.8,10146.0
P014,A8,A,8,sample,B-0293,B-0293-B01,1,0.205761316872428,92.6,9474.0
P014,A9,A,9,sample,B-0293,B-0293-B01,1,0.06858710562414266,101.5,9726.0
P014,A10,A,10,sample,B-0293,B-0293-B01,1,0.022862368541380886,99.7,9633.0
P014,A11,A,11,sample,B-0293,B-0293-B01,1,0.007620789513793629,105.9,9734.0
P014,A12,A,12,sample,B-0293,B-0293-B01,1,0.002540263171264543,106.1,9252.0
P014,A13,A,13,sample,B-0293,B-0293-B01,2,50.0,126.5,14145.0
P014,A14,A,14,sample,B-0293,B-0293-B01,2,16.666666666666668,41.2,9768.0
P014,A15,A,15,sample,B-0293,B-0293-B01,2,5.555555555555555,48.0,10385.0
P014,A16,A,16,sample,B-0293,B-0293-B01,2,1.8518518518518519,61.7,10219.0
P014,A17,A,17,sample,B-0293,B-0293-B01,2,0.6172839506172839,76.6,9672.0
P014,A18,A,18,sample,B-0293,B-0293-B01,2,0.205761316872428,91.7,9410.0
P014,A19,A,19,sample,B-0293,B-0293-B01,2,0.06858710562414266,102.4,9944.0
P014,A20,A,20,sample,B-0293,B-0293-B01,2,0.022862368541380886,101.9,9757.0
P014,A21,A,21,sample,B-0293,B-0293-B01,2,0.007620789513793629,111.5,9830.0
P014,A22,A,22,sample,B-0293,B-0293-B01,2,0.002540263171264543,106.1,9579.0
P014,B3,B,3,sample,B-0325,B-0325-B01,1,50.0,30.5,10301.0
P014,B4,B,4,sample,B-0325,B-0325-B01,1,16.666666666666668,30.5,10316.0
P014,B5,B,5,sample,B-0325,B-0325-B01,1,5.555555555555555,32.7,9912.0
P014,B6,B,6,sample,B-0325,B-0325-B01,1,1.8518518518518519,36.8,9887.0
P014,B7,B,7,sample,B-0325,B-0325-B01,1,0.6172839506172839,48.9,10417.0
P014,B8,B,8,sample,B-0325,B-0325-B01,1,0.205761316872428,63.2,9856.0
P014,B9,B,9,sample,B-0325,B-0325-B01,1,0.06858710562414266,79.6,9854.0
P014,B10,B,10,sample,B-0325,B-0325-B01,1,0.022862368541380886,91.8,9670.0
P014,B11,B,11,sample,B-0325,B-0325-B01,1,0.007620789513793629,101.6,9653.0
P014,B12,B,12,sample,B-0325,B-0325-B01,1,0.002540263171264543,101.1,9387.0
P014,B13,B,13,sample,B-0325,B-0325-B01,2,50.0,33.6,9889.0
P014,B14,B,14,sample,B-0325,B-0325-B01,2,16.666666666666668,32.3,10511.0
P014,B15,B,15,sample,B-0325,B-0325-B01,2,5.555555555555555,35.0,10127.0
P014,B16,B,16,sample,B-0325,B-0325-B01,2,1.8518518518518519,33.8,10202.0
P014,B17,B,17,sample,B-0325,B-0325-B01,2,0.6172839506172839,43.8,9946.0
P014,B18,B,18,sample,B-0325,B-0325-B01,2,0.205761316872428,57.9,9336.0
P014,B19,B,19,sample,B-0325,B-0325-B01,2,0.06858710562414266,81.5,9619.0
P014,B20,B,20,sample,B-0325,B-0325-B01,2,0.022862368541380886,94.4,9434.0
P014,B21,B,21,sample,B-0325,B-0325-B01,2,0.007620789513793629,96.3,9340.0
P014,B22,B,22,sample,B-0325,B-0325-B01,2,0.002540263171264543,99.8,9373.0
P014,C3,C,3,sample,B-0046,B-0046-B01,1,50.0,38.9,9751.0
P014,C4,C,4,sample,B-0046,B-0046-B01,1,16.666666666666668,44.7,10255.0
P014,C5,C,5,sample,B-0046,B-0046-B01,1,5.555555555555555,63.4,10075.0
P014,C6,C,6,sample,B-0046,B-0046-B01,1,1.8518518518518519,71.0,9253.0
P014,C7,C,7,sample,B-0046,B-0046-B01,1,0.6172839506172839,90.1,9323.0
P014,C8,C,8,sample,B-0046,B-0046-B01,1,0.205761316872428,96.8,9719.0
P014,C9,C,9,sample,B-0046,B-0046-B01,1,0.06858710562414266,100.9,9616.0
P014,C10,C,10,sample,B-0046,B-0046-B01,1,0.022862368541380886,103.6,9418.0
P014,C11,C,11,sample,B-0046,B-0046-B01,1,0.007620789513793629,101.9,9913.0
P014,C12,C,12,sample,B-0046,B-0046-B01,1,0.002540263171264543,103.3,9564.0
P014,C13,C,13,sample,B-0046,B-0046-B01,2,50.0,41.2,9661.0
P014,C14,C,14,sample,B-0046,B-0046-B01,2,16.666666666666668,45.6,9797.0
P014,C15,C,15,sample,B-0046,B-0046-B01,2,5.555555555555555,57.0,10298.0
P014,C16,C,16,sample,B-0046,B-0046-B01,2,1.8518518518518519,74.3,9782.0
P014,C17,C,17,sample,B-0046,B-0046-B01,2,0.6172839506172839,93.5,9501.0
P014,C18,C,18,sample,B-0046,B-0046-B01,2,0.205761316872428,99.5,9328.0
P014,C19,C,19,sample,B-0046,B-0046-B01,2,0.06858710562414266,98.6,9280.0
P014,C20,C,20,sample,B-0046,B-0046-B01,2,0.022862368541380886,102.7,9256.0
P014,C21,C,21,sample,B-0046,B-0046-B01,2,0.007620789513793629,101.7,9364.0
P014,C22,C,22,sample,B-0046,B-0046-B01,2,0.002540263171264543,104.2,9036.0
P014,D3,D,3,sample,A-0232,A-0232-B01,1,50.0,34.9,10464.0
P014,D4,D,4,sample,A-0232,A-0232-B01,1,16.666666666666668,43.3,9885.0
P014,D5,D,5,sample,A-0232,A-0232-B01,1,5.555555555555555,59.0,9458.0
P014,D6,D,6,sample,A-0232,A-0232-B01,1,1.8518518518518519,74.2,9548.0
P014,D7,D,7,sample,A-0232,A-0232-B01,1,0.6172839506172839,87.2,9161.0
P014,D8,D,8,sample,A-0232,A-0232-B01,1,0.205761316872428,97.2,9514.0
P014,D9,D,9,sample,A-0232,A-0232-B01,1,0.06858710562414266,100.9,9215.0
P014,D10,D,10,sample,A-0232,A-0232-B01,1,0.022862368541380886,101.9,9198.0
P014,D11,D,11,sample,A-0232,A-0232-B01,1,0.007620789513793629,105.1,9207.0
P014,D12,D,12,sample,A-0232,A-0232-B01,1,0.002540263171264543,101.9,9484.0
P014,D13,D,13,sample,A-0232,A-0232-B01,2,50.0,36.9,10038.0
P014,D14,D,14,sample,A-0232,A-0232-B01,2,16.666666666666668,40.8,9674.0
P014,D15,D,15,sample,A-0232,A-0232-B01,2,5.555555555555555,53.0,9570.0
P014,D16,D,16,sample,A-0232,A-0232-B01,2,1.8518518518518519,73.8,9535.0
P014,D17,D,17,sample,A-0232,A-0232-B01,2,0.6172839506172839,89.0,9954.0
P014,D18,D,18,sample,A-0232,A-0232-B01,2,0.205761316872428,97.2,9312.0
P014,D19,D,19,sample,A-0232,A-0232-B01,2,0.06858710562414266,102.3,9475.0
P014,D20,D,20,sample,A-0232,A-0232-B01,2,0.022862368541380886,101.2,9267.0
P014,D21,D,21,sample,A-0232,A-0232-B01,2,0.007620789513793629,103.3,9182.0
P014,D22,D,22,sample,A-0232,A-0232-B01,2,0.002540263171264543,106.8,9506.0
P014,E3,E,3,sample,B-0240,B-0240-B01,1,50.0,34.1,9709.0
P014,E4,E,4,sample,B-0240,B-0240-B01,1,16.666666666666668,34.7,9707.0
P014,E5,E,5,sample,B-0240,B-0240-B01,1,5.555555555555555,30.7,9652.0
P014,E6,E,6,sample,B-0240,B-0240-B01,1,1.8518518518518519,37.8,9917.0
P014,E7,E,7,sample,B-0240,B-0240-B01,1,0.6172839506172839,42.3,9940.0
P014,E8,E,8,sample,B-0240,B-0240-B01,1,0.205761316872428,49.0,9861.0
P014,E9,E,9,sample,B-0240,B-0240-B01,1,0.06858710562414266,63.3,9333.0
P014,E10,E,10,sample,B-0240,B-0240-B01,1,0.022862368541380886,81.3,9593.0
P014,E11,E,11,sample,B-0240,B-0240-B01,1,0.007620789513793629,93.4,9646.0
P014,E12,E,12,sample,B-0240,B-0240-B01,1,0.002540263171264543,96.4,9377.0
P014,E13,E,13,sample,B-0240,B-0240-B01,2,50.0,33.3,10107.0
P014,E14,E,14,sample,B-0240,B-0240-B01,2,16.666666666666668,37.6,9926.0
P014,E15,E,15,sample,B-0240,B-0240-B01,2,5.555555555555555,35.3,9969.0
P014,E16,E,16,sample,B-0240,B-0240-B01,2,1.8518518518518519,31.5,9677.0
P014,E17,E,17,sample,B-0240,B-0240-B01,2,0.6172839506172839,36.1,9832.0
P014,E18,E,18,sample,B-0240,B-0240-B01,2,0.205761316872428,43.6,10202.0
P014,E19,E,19,sample,B-0240,B-0240-B01,2,0.06858710562414266,64.1,9721.0
P014,E20,E,20,sample,B-0240,B-0240-B01,2,0.022862368541380886,81.8,9924.0
P014,E21,E,21,sample,B-0240,B-0240-B01,2,0.007620789513793629,97.3,9603.0
P014,E22,E,22,sample,B-0240,B-0240-B01,2,0.002540263171264543,98.4,9471.0
P014,F3,F,3,sample,B-0146,B-0146-B01,1,50.0,33.0,9625.0
P014,F4,F,4,sample,B-0146,B-0146-B01,1,16.666666666666668,35.1,10156.0
P014,F5,F,5,sample,B-0146,B-0146-B01,1,5.555555555555555,32.4,10471.0
P014,F6,F,6,sample,B-0146,B-0146-B01,1,1.8518518518518519,37.2,9768.0
P014,F7,F,7,sample,B-0146,B-0146-B01,1,0.6172839506172839,39.1,9913.0
P014,F8,F,8,sample,B-0146,B-0146-B01,1,0.205761316872428,50.7,9828.0
P014,F9,F,9,sample,B-0146,B-0146-B01,1,0.06858710562414266,70.3,9736.0
P014,F10,F,10,sample,B-0146,B-0146-B01,1,0.022862368541380886,84.8,9346.0
P014,F11,F,11,sample,B-0146,B-0146-B01,1,0.007620789513793629,94.7,9905.0
P014,F12,F,12,sample,B-0146,B-0146-B01,1,0.002540263171264543,94.9,9735.0
P014,F13,F,13,sample,B-0146,B-0146-B01,2,50.0,29.7,9915.0
P014,F14,F,14,sample,B-0146,B-0146-B01,2,16.666666666666668,35.6,10129.0
P014,F15,F,15,sample,B-0146,B-0146-B01,2,5.555555555555555,34.3,9714.0
P014,F16,F,16,sample,B-0146,B-0146-B01,2,1.8518518518518519,33.6,9604.0
P014,F17,F,17,sample,B-0146,B-0146-B01,2,0.6172839506172839,43.4,10310.0
P014,F18,F,18,sample,B-0146,B-0146-B01,2,0.205761316872428,104.6,9699.0
P014,F19,F,19,sample,B-0146,B-0146-B01,2,0.06858710562414266,69.5,9360.0
P014,F20,F,20,sample,B-0146,B-0146-B01,2,0.022862368541380886,86.0,9935.0
P014,F21,F,21,sample,B-0146,B-0146-B01,2,0.007620789513793629,90.9,9089.0
P014,F22,F,22,sample,B-0146,B-0146-B01,2,0.002540263171264543,104.3,9496.0
P014,G3,G,3,sample,A-0289,A-0289-B01,1,50.0,164.5,16762.0
P014,G4,G,4,sample,A-0289,A-0289-B01,1,16.666666666666668,93.7,11077.0
P014,G5,G,5,sample,A-0289,A-0289-B01,1,5.555555555555555,63.0,9956.0
P014,G6,G,6,sample,A-0289,A-0289-B01,1,1.8518518518518519,55.6,9598.0
P014,G7,G,7,sample,A-0289,A-0289-B01,1,0.6172839506172839,67.9,9708.0
P014,G8,G,8,sample,A-0289,A-0289-B01,1,0.205761316872428,83.2,9715.0
P014,G9,G,9,sample,A-0289,A-0289-B01,1,0.06858710562414266,96.7,9328.0
P014,G10,G,10,sample,A-0289,A-0289-B01,1,0.022862368541380886,95.1,9574.0
P014,G11,G,11,sample,A-0289,A-0289-B01,1,0.007620789513793629,100.8,9571.0
P014,G12,G,12,sample,A-0289,A-0289-B01,1,0.002540263171264543,100.3,9543.0
P014,G13,G,13,sample,A-0289,A-0289-B01,2,50.0,161.1,16939.0
P014,G14,G,14,sample,A-0289,A-0289-B01,2,16.666666666666668,87.9,11524.0
P014,G15,G,15,sample,A-0289,A-0289-B01,2,5.555555555555555,61.4,10364.0
P014,G16,G,16,sample,A-0289,A-0289-B01,2,1.8518518518518519,50.5,10151.0
P014,G17,G,17,sample,A-0289,A-0289-B01,2,0.6172839506172839,65.8,9701.0
P014,G18,G,18,sample,A-0289,A-0289-B01,2,0.205761316872428,82.9,9571.0
P014,G19,G,19,sample,A-0289,A-0289-B01,2,0.06858710562414266,93.1,9567.0
P014,G20,G,20,sample,A-0289,A-0289-B01,2,0.022862368541380886,102.9,9161.0
P014,G21,G,21,sample,A-0289,A-0289-B01,2,0.007620789513793629,99.5,9402.0
P014,G22,G,22,sample,A-0289,A-0289-B01,2,0.002540263171264543,104.5,9725.0
P014,H3,H,3,sample,B-0297,B-0297-B01,1,50.0,35.0,10378.0
P014,H4,H,4,sample,B-0297,B-0297-B01,1,16.666666666666668,38.0,10405.0
P014,H5,H,5,sample,B-0297,B-0297-B01,1,5.555555555555555,37.6,9958.0
P014,H6,H,6,sample,B-0297,B-0297-B01,1,1.8518518518518519,54.6,9766.0
P014,H7,H,7,sample,B-0297,B-0297-B01,1,0.6172839506172839,66.6,9750.0
P014,H8,H,8,sample,B-0297,B-0297-B01,1,0.205761316872428,84.8,9348.0
P014,H9,H,9,sample,B-0297,B-0297-B01,1,0.06858710562414266,96.2,9544.0
P014,H10,H,10,sample,B-0297,B-0297-B01,1,0.022862368541380886,102.9,9595.0
P014,H11,H,11,sample,B-0297,B-0297-B01,1,0.007620789513793629,99.8,9420.0
P014,H12,H,12,sample,B-0297,B-0297-B01,1,0.002540263171264543,103.5,9608.0
P014,H13,H,13,sample,B-0297,B-0297-B01,2,50.0,31.5,10124.0
P014,H14,H,14,sample,B-0297,B-0297-B01,2,16.666666666666668,33.8,10094.0
P014,H15,H,15,sample,B-0297,B-0297-B01,2,5.555555555555555,42.0,10153.0
P014,H16,H,16,sample,B-0297,B-0297-B01,2,1.8518518518518519,49.4,9872.0
P014,H17,H,17,sample,B-0297,B-0297-B01,2,0.6172839506172839,68.7,9923.0
P014,H18,H,18,sample,B-0297,B-0297-B01,2,0.205761316872428,83.8,9340.0
P014,H19,H,19,sample,B-0297,B-0297-B01,2,0.06858710562414266,94.1,9903.0
P014,H20,H,20,sample,B-0297,B-0297-B01,2,0.022862368541380886,101.4,9336.0
P014,H21,H,21,sample,B-0297,B-0297-B01,2,0.007620789513793629,101.7,9488.0
P014,H22,H,22,sample,B-0297,B-0297-B01,2,0.002540263171264543,106.9,9349.0
P014,I3,I,3,sample,A-0042,A-0042-B01,1,50.0,156.8,16102.0
P014,I4,I,4,sample,A-0042,A-0042-B01,1,16.666666666666668,86.4,11720.0
P014,I5,I,5,sample,A-0042,A-0042-B01,1,5.555555555555555,60.4,10049.0
P014,I6,I,6,sample,A-0042,A-0042-B01,1,1.8518518518518519,53.2,9850.0
P014,I7,I,7,sample,A-0042,A-0042-B01,1,0.6172839506172839,76.8,9422.0
P014,I8,I,8,sample,A-0042,A-0042-B01,1,0.205761316872428,87.5,9818.0
P014,I9,I,9,sample,A-0042,A-0042-B01,1,0.06858710562414266,97.0,9323.0
P014,I10,I,10,sample,A-0042,A-0042-B01,1,0.022862368541380886,99.8,9751.0
P014,I11,I,11,sample,A-0042,A-0042-B01,1,0.007620789513793629,104.8,9334.0
P014,I12,I,12,sample,A-0042,A-0042-B01,1,0.002540263171264543,102.1,9418.0
P014,I13,I,13,sample,A-0042,A-0042-B01,2,50.0,155.5,16108.0
P014,I14,I,14,sample,A-0042,A-0042-B01,2,16.666666666666668,88.1,11719.0
P014,I15,I,15,sample,A-0042,A-0042-B01,2,5.555555555555555,54.3,10474.0
P014,I16,I,16,sample,A-0042,A-0042-B01,2,1.8518518518518519,51.0,10362.0
P014,I17,I,17,sample,A-0042,A-0042-B01,2,0.6172839506172839,77.3,10174.0
P014,I18,I,18,sample,A-0042,A-0042-B01,2,0.205761316872428,87.9,9047.0
P014,I19,I,19,sample,A-0042,A-0042-B01,2,0.06858710562414266,100.3,9609.0
P014,I20,I,20,sample,A-0042,A-0042-B01,2,0.022862368541380886,96.7,9113.0
P014,I21,I,21,sample,A-0042,A-0042-B01,2,0.007620789513793629,99.4,9210.0
P014,I22,I,22,sample,A-0042,A-0042-B01,2,0.002540263171264543,106.2,9261.0
P014,J3,J,3,sample,B-0253,B-0253-B01,1,50.0,34.0,10653.0
P014,J4,J,4,sample,B-0253,B-0253-B01,1,16.666666666666668,36.7,10044.0
P014,J5,J,5,sample,B-0253,B-0253-B01,1,5.555555555555555,32.2,10120.0
P014,J6,J,6,sample,B-0253,B-0253-B01,1,1.8518518518518519,38.1,10040.0
P014,J7,J,7,sample,B-0253,B-0253-B01,1,0.6172839506172839,42.0,10480.0
P014,J8,J,8,sample,B-0253,B-0253-B01,1,0.205761316872428,59.2,10071.0
P014,J9,J,9,sample,B-0253,B-0253-B01,1,0.06858710562414266,72.4,9873.0
P014,J10,J,10,sample,B-0253,B-0253-B01,1,0.022862368541380886,89.2,9404.0
P014,J11,J,11,sample,B-0253,B-0253-B01,1,0.007620789513793629,100.5,9255.0
P014,J12,J,12,sample,B-0253,B-0253-B01,1,0.002540263171264543,102.3,9184.0
P014,J13,J,13,sample,B-0253,B-0253-B01,2,50.0,31.1,9860.0
P014,J14,J,14,sample,B-0253,B-0253-B01,2,16.666666666666668,30.7,9831.0
P014,J15,J,15,sample,B-0253,B-0253-B01,2,5.555555555555555,29.5,10273.0
P014,J16,J,16,sample,B-0253,B-0253-B01,2,1.8518518518518519,38.5,9962.0
P014,J17,J,17,sample,B-0253,B-0253-B01,2,0.6172839506172839,42.1,9912.0
P014,J18,J,18,sample,B-0253,B-0253-B01,2,0.205761316872428,58.1,10107.0
P014,J19,J,19,sample,B-0253,B-0253-B01,2,0.06858710562414266,74.9,9868.0
P014,J20,J,20,sample,B-0253,B-0253-B01,2,0.022862368541380886,86.9,9708.0
P014,J21,J,21,sample,B-0253,B-0253-B01,2,0.007620789513793629,101.9,9513.0
P014,J22,J,22,sample,B-0253,B-0253-B01,2,0.002540263171264543,105.5,9709.0
P014,K3,K,3,sample,B-0294,B-0294-B01,1,50.0,34.8,9880.0
P014,K4,K,4,sample,B-0294,B-0294-B01,1,16.666666666666668,29.6,10140.0
P014,K5,K,5,sample,B-0294,B-0294-B01,1,5.555555555555555,30.8,10093.0
P014,K6,K,6,sample,B-0294,B-0294-B01,1,1.8518518518518519,34.3,9946.0
P014,K7,K,7,sample,B-0294,B-0294-B01,1,0.6172839506172839,42.0,10106.0
P014,K8,K,8,sample,B-0294,B-0294-B01,1,0.205761316872428,55.8,9653.0
P014,K9,K,9,sample,B-0294,B-0294-B01,1,0.06858710562414266,74.5,9743.0
P014,K10,K,10,sample,B-0294,B-0294-B01,1,0.022862368541380886,93.2,9769.0
P014,K11,K,11,sample,B-0294,B-0294-B01,1,0.007620789513793629,100.7,9634.0
P014,K12,K,12,sample,B-0294,B-0294-B01,1,0.002540263171264543,97.8,9470.0
P014,K13,K,13,sample,B-0294,B-0294-B01,2,50.0,36.7,9900.0
P014,K14,K,14,sample,B-0294,B-0294-B01,2,16.666666666666668,36.0,9959.0
P014,K15,K,15,sample,B-0294,B-0294-B01,2,5.555555555555555,35.3,9860.0
P014,K16,K,16,sample,B-0294,B-0294-B01,2,1.8518518518518519,34.2,10056.0
P014,K17,K,17,sample,B-0294,B-0294-B01,2,0.6172839506172839,38.3,9990.0
P014,K18,K,18,sample,B-0294,B-0294-B01,2,0.205761316872428,57.8,10123.0
P014,K19,K,19,sample,B-0294,B-0294-B01,2,0.06858710562414266,73.3,9741.0
P014,K20,K,20,sample,B-0294,B-0294-B01,2,0.022862368541380886,90.5,9716.0
P014,K21,K,21,sample,B-0294,B-0294-B01,2,0.007620789513793629,98.1,9630.0
P014,K22,K,22,sample,B-0294,B-0294-B01,2,0.002540263171264543,99.8,9117.0
P014,L3,L,3,sample,A-0361,A-0361-B01,1,50.0,152.5,16037.0
P014,L4,L,4,sample,A-0361,A-0361-B01,1,16.666666666666668,84.4,11752.0
P014,L5,L,5,sample,A-0361,A-0361-B01,1,5.555555555555555,52.1,9880.0
P014,L6,L,6,sample,A-0361,A-0361-B01,1,1.8518518518518519,50.3,9997.0
P014,L7,L,7,sample,A-0361,A-0361-B01,1,0.6172839506172839,68.7,9523.0
P014,L8,L,8,sample,A-0361,A-0361-B01,1,0.205761316872428,82.2,9689.0
P014,L9,L,9,sample,A-0361,A-0361-B01,1,0.06858710562414266,95.8,9186.0
P014,L10,L,10,sample,A-0361,A-0361-B01,1,0.022862368541380886,100.5,9364.0
P014,L11,L,11,sample,A-0361,A-0361-B01,1,0.007620789513793629,99.0,9344.0
P014,L12,L,12,sample,A-0361,A-0361-B01,1,0.002540263171264543,107.3,9394.0
P014,L13,L,13,sample,A-0361,A-0361-B01,2,50.0,155.7,16771.0
P014,L14,L,14,sample,A-0361,A-0361-B01,2,16.666666666666668,90.2,11465.0
P014,L15,L,15,sample,A-0361,A-0361-B01,2,5.555555555555555,49.0,10687.0
P014,L16,L,16,sample,A-0361,A-0361-B01,2,1.8518518518518519,50.5,10089.0
P014,L17,L,17,sample,A-0361,A-0361-B01,2,0.6172839506172839,67.8,9674.0
P014,L18,L,18,sample,A-0361,A-0361-B01,2,0.205761316872428,84.5,9112.0
P014,L19,L,19,sample,A-0361,A-0361-B01,2,0.06858710562414266,95.9,9303.0
P014,L20,L,20,sample,A-0361,A-0361-B01,2,0.022862368541380886,100.7,9708.0
P014,L21,L,21,sample,A-0361,A-0361-B01,2,0.007620789513793629,100.2,9340.0
P014,L22,L,22,sample,A-0361,A-0361-B01,2,0.002540263171264543,106.2,9037.0
P014,M3,M,3,sample,B-0213,B-0213-B01,1,50.0,25.8,9630.0
P014,M4,M,4,sample,B-0213,B-0213-B01,1,16.666666666666668,38.2,10162.0
P014,M5,M,5,sample,B-0213,B-0213-B01,1,5.555555555555555,44.2,9944.0
P014,M6,M,6,sample,B-0213,B-0213-B01,1,1.8518518518518519,55.4,9620.0
P014,M7,M,7,sample,B-0213,B-0213-B01,1,0.6172839506172839,73.5,9447.0
P014,M8,M,8,sample,B-0213,B-0213-B01,1,0.205761316872428,92.6,9587.0
P014,M9,M,9,sample,B-0213,B-0213-B01,1,0.06858710562414266,96.1,9205.0
P014,M10,M,10,sample,B-0213,B-0213-B01,1,0.022862368541380886,98.7,9125.0
P014,M11,M,11,sample,B-0213,B-0213-B01,1,0.007620789513793629,100.3,9271.0
P014,M12,M,12,sample,B-0213,B-0213-B01,1,0.002540263171264543,102.6,9620.0
P014,M13,M,13,sample,B-0213,B-0213-B01,2,50.0,32.2,9838.0
P014,M14,M,14,sample,B-0213,B-0213-B01,2,16.666666666666668,36.5,9604.0
P014,M15,M,15,sample,B-0213,B-0213-B01,2,5.555555555555555,44.2,9969.0
P014,M16,M,16,sample,B-0213,B-0213-B01,2,1.8518518518518519,57.8,9525.0
P014,M17,M,17,sample,B-0213,B-0213-B01,2,0.6172839506172839,76.2,9814.0
P014,M18,M,18,sample,B-0213,B-0213-B01,2,0.205761316872428,85.3,9522.0
P014,M19,M,19,sample,B-0213,B-0213-B01,2,0.06858710562414266,98.0,9282.0
P014,M20,M,20,sample,B-0213,B-0213-B01,2,0.022862368541380886,102.2,9481.0
P014,M21,M,21,sample,B-0213,B-0213-B01,2,0.007620789513793629,108.4,9819.0
P014,M22,M,22,sample,B-0213,B-0213-B01,2,0.002540263171264543,98.1,9596.0
P014,N3,N,3,sample,A-0148,A-0148-B01,1,50.0,154.8,15961.0
P014,N4,N,4,sample,A-0148,A-0148-B01,1,16.666666666666668,72.5,11160.0
P014,N5,N,5,sample,A-0148,A-0148-B01,1,5.555555555555555,44.3,9947.0
P014,N6,N,6,sample,A-0148,A-0148-B01,1,1.8518518518518519,61.1,9926.0
P014,N7,N,7,sample,A-0148,A-0148-B01,1,0.6172839506172839,77.9,9390.0
P014,N8,N,8,sample,A-0148,A-0148-B01,1,0.205761316872428,90.5,9456.0
P014,N9,N,9,sample,A-0148,A-0148-B01,1,0.06858710562414266,97.9,9911.0
P014,N10,N,10,sample,A-0148,A-0148-B01,1,0.022862368541380886,102.3,9354.0
P014,N11,N,11,sample,A-0148,A-0148-B01,1,0.007620789513793629,101.1,9278.0
P014,N12,N,12,sample,A-0148,A-0148-B01,1,0.002540263171264543,104.1,9196.0
P014,N13,N,13,sample,A-0148,A-0148-B01,2,50.0,141.7,15238.0
P014,N14,N,14,sample,A-0148,A-0148-B01,2,16.666666666666668,67.5,10702.0
P014,N15,N,15,sample,A-0148,A-0148-B01,2,5.555555555555555,43.9,9958.0
P014,N16,N,16,sample,A-0148,A-0148-B01,2,1.8518518518518519,57.8,9437.0
P014,N17,N,17,sample,A-0148,A-0148-B01,2,0.6172839506172839,74.7,9795.0
P014,N18,N,18,sample,A-0148,A-0148-B01,2,0.205761316872428,90.4,9307.0
P014,N19,N,19,sample,A-0148,A-0148-B01,2,0.06858710562414266,98.5,9463.0
P014,N20,N,20,sample,A-0148,A-0148-B01,2,0.022862368541380886,102.5,9163.0
P014,N21,N,21,sample,A-0148,A-0148-B01,2,0.007620789513793629,99.4,9424.0
P014,N22,N,22,sample,A-0148,A-0148-B01,2,0.002540263171264543,104.3,9556.0
P014,O3,O,3,sample,B-0231,B-0231-B01,1,50.0,39.0,9639.0
P014,O4,O,4,sample,B-0231,B-0231-B01,1,16.666666666666668,32.3,10052.0
P014,O5,O,5,sample,B-0231,B-0231-B01,1,5.555555555555555,44.2,9936.0
P014,O6,O,6,sample,B-0231,B-0231-B01,1,1.8518518518518519,51.6,9639.0
P014,O7,O,7,sample,B-0231,B-0231-B01,1,0.6172839506172839,66.6,9801.0
P014,O8,O,8,sample,B-0231,B-0231-B01,1,0.205761316872428,87.6,9297.0
P014,O9,O,9,sample,B-0231,B-0231-B01,1,0.06858710562414266,99.3,9295.0
P014,O10,O,10,sample,B-0231,B-0231-B01,1,0.022862368541380886,101.8,9308.0
P014,O11,O,11,sample,B-0231,B-0231-B01,1,0.007620789513793629,97.5,9608.0
P014,O12,O,12,sample,B-0231,B-0231-B01,1,0.002540263171264543,102.7,8819.0
P014,O13,O,13,sample,B-0231,B-0231-B01,2,50.0,32.6,9789.0
P014,O14,O,14,sample,B-0231,B-0231-B01,2,16.666666666666668,34.9,10000.0
P014,O15,O,15,sample,B-0231,B-0231-B01,2,5.555555555555555,45.4,9975.0
P014,O16,O,16,sample,B-0231,B-0231-B01,2,1.8518518518518519,52.8,9468.0
P014,O17,O,17,sample,B-0231,B-0231-B01,2,0.6172839506172839,72.5,9328.0
P014,O18,O,18,sample,B-0231,B-0231-B01,2,0.205761316872428,88.8,9529.0
P014,O19,O,19,sample,B-0231,B-0231-B01,2,0.06858710562414266,94.7,9383.0
P014,O20,O,20,sample,B-0231,B-0231-B01,2,0.022862368541380886,102.3,9029.0
P014,O21,O,21,sample,B-0231,B-0231-B01,2,0.007620789513793629,104.7,9704.0
P014,O22,O,22,sample,B-0231,B-0231-B01,2,0.002540263171264543,100.7,9423.0
P014,P3,P,3,sample,B-0073,B-0073-B01,1,50.0,39.2,10370.0
P014,P4,P,4,sample,B-0073,B-0073-B01,1,16.666666666666668,40.0,10390.0
P014,P5,P,5,sample,B-0073,B-0073-B01,1,5.555555555555555,38.9,10275.0
P014,P6,P,6,sample,B-0073,B-0073-B01,1,1.8518518518518519,42.4,10197.0
P014,P7,P,7,sample,B-0073,B-0073-B01,1,0.6172839506172839,47.9,10019.0
P014,P8,P,8,sample,B-0073,B-0073-B01,1,0.205761316872428,68.9,9976.0
P014,P9,P,9,sample,B-0073,B-0073-B01,1,0.06858710562414266,86.8,9791.0
P014,P10,P,10,sample,B-0073,B-0073-B01,1,0.022862368541380886,98.5,9602.0
P014,P11,P,11,sample,B-0073,B-0073-B01,1,0.007620789513793629,108.0,9695.0
P014,P12,P,12,sample,B-0073,B-0073-B01,1,0.002540263171264543,110.9,9950.0
P014,P13,P,13,sample,B-0073,B-0073-B01,2,50.0,36.8,10147.0
P014,P14,P,14,sample,B-0073,B-0073-B01,2,16.666666666666668,40.7,10305.0
P014,P15,P,15,sample,B-0073,B-0073-B01,2,5.555555555555555,35.7,10538.0
P014,P16,P,16,sample,B-0073,B-0073-B01,2,1.8518518518518519,44.5,10196.0
P014,P17,P,17,sample,B-0073,B-0073-B01,2,0.6172839506172839,48.3,10169.0
P014,P18,P,18,sample,B-0073,B-0073-B01,2,0.205761316872428,63.9,9853.0
P014,P19,P,19,sample,B-0073,B-0073-B01,2,0.06858710562414266,79.6,9625.0
P014,P20,P,20,sample,B-0073,B-0073-B01,2,0.022862368541380886,97.8,9523.0
P014,P21,P,21,sample,B-0073,B-0073-B01,2,0.007620789513793629,108.4,9590.0
P014,P22,P,22,sample,B-0073,B-0073-B01,2,0.002540263171264543,107.2,9473.0
P015,A1,A,1,high_control,,,0,0.0,110.5,9426.0
P015,A2,A,2,low_control,,,0,0.0,38.9,10290.0
P015,A23,A,23,reference,REF-1,REF-1-B01,1,50.0,41.3,10021.0
P015,A24,A,24,reference,REF-1,REF-1-B01,2,50.0,41.4,10396.0
P015,B1,B,1,high_control,,,0,0.0,109.9,9719.0
P015,B2,B,2,low_control,,,0,0.0,35.4,9461.0
P015,B23,B,23,reference,REF-1,REF-1-B01,1,16.666666666666668,37.4,10084.0
P015,B24,B,24,reference,REF-1,REF-1-B01,2,16.666666666666668,43.4,10039.0
P015,C1,C,1,high_control,,,0,0.0,112.7,9824.0
P015,C2,C,2,low_control,,,0,0.0,37.9,9702.0
P015,C23,C,23,reference,REF-1,REF-1-B01,1,5.555555555555555,40.6,10249.0
P015,C24,C,24,reference,REF-1,REF-1-B01,2,5.555555555555555,45.1,10273.0
P015,D1,D,1,high_control,,,0,0.0,109.4,9359.0
P015,D2,D,2,low_control,,,0,0.0,37.8,10321.0
P015,D23,D,23,reference,REF-1,REF-1-B01,1,1.8518518518518519,37.5,9895.0
P015,D24,D,24,reference,REF-1,REF-1-B01,2,1.8518518518518519,48.4,9901.0
P015,E1,E,1,high_control,,,0,0.0,112.5,9786.0
P015,E2,E,2,low_control,,,0,0.0,36.7,9744.0
P015,E23,E,23,reference,REF-1,REF-1-B01,1,0.6172839506172839,47.5,9877.0
P015,E24,E,24,reference,REF-1,REF-1-B01,2,0.6172839506172839,51.1,10049.0
P015,F1,F,1,high_control,,,0,0.0,110.1,9686.0
P015,F2,F,2,low_control,,,0,0.0,35.2,10041.0
P015,F23,F,23,reference,REF-1,REF-1-B01,1,0.205761316872428,57.5,10092.0
P015,F24,F,24,reference,REF-1,REF-1-B01,2,0.205761316872428,57.7,10371.0
P015,G1,G,1,high_control,,,0,0.0,108.6,9370.0
P015,G2,G,2,low_control,,,0,0.0,32.8,10116.0
P015,G23,G,23,reference,REF-1,REF-1-B01,1,0.06858710562414266,73.7,9781.0
P015,G24,G,24,reference,REF-1,REF-1-B01,2,0.06858710562414266,84.5,10041.0
P015,H1,H,1,high_control,,,0,0.0,110.8,9694.0
P015,H2,H,2,low_control,,,0,0.0,38.9,9959.0
P015,H23,H,23,reference,REF-1,REF-1-B01,1,0.022862368541380886,94.2,9289.0
P015,H24,H,24,reference,REF-1,REF-1-B01,2,0.022862368541380886,97.1,9953.0
P015,I1,I,1,high_control,,,0,0.0,114.3,9628.0
P015,I2,I,2,low_control,,,0,0.0,38.2,9557.0
P015,I23,I,23,reference,REF-1,REF-1-B01,1,0.007620789513793629,100.8,9535.0
P015,I24,I,24,reference,REF-1,REF-1-B01,2,0.007620789513793629,104.9,9761.0
P015,J1,J,1,high_control,,,0,0.0,107.4,9792.0
P015,J2,J,2,low_control,,,0,0.0,38.0,9583.0
P015,J23,J,23,reference,REF-1,REF-1-B01,1,0.002540263171264543,108.0,9409.0
P015,J24,J,24,reference,REF-1,REF-1-B01,2,0.002540263171264543,108.0,9661.0
P015,K1,K,1,high_control,,,0,0.0,109.7,9242.0
P015,K2,K,2,low_control,,,0,0.0,34.7,10254.0
P015,K23,K,23,high_control,,,0,0.0,101.5,9688.0
P015,K24,K,24,low_control,,,0,0.0,45.7,10590.0
P015,L1,L,1,high_control,,,0,0.0,109.0,9348.0
P015,L2,L,2,low_control,,,0,0.0,39.5,10276.0
P015,L23,L,23,high_control,,,0,0.0,107.9,9673.0
P015,L24,L,24,low_control,,,0,0.0,42.2,9946.0
P015,M1,M,1,high_control,,,0,0.0,105.8,9700.0
P015,M2,M,2,low_control,,,0,0.0,43.2,10021.0
P015,M23,M,23,high_control,,,0,0.0,107.7,9299.0
P015,M24,M,24,low_control,,,0,0.0,41.7,9964.0
P015,N1,N,1,high_control,,,0,0.0,115.1,9292.0
P015,N2,N,2,low_control,,,0,0.0,37.0,9686.0
P015,N23,N,23,high_control,,,0,0.0,102.6,9264.0
P015,N24,N,24,low_control,,,0,0.0,37.3,10289.0
P015,O1,O,1,high_control,,,0,0.0,113.2,9746.0
P015,O2,O,2,low_control,,,0,0.0,31.2,9794.0
P015,O23,O,23,high_control,,,0,0.0,104.6,9538.0
P015,O24,O,24,low_control,,,0,0.0,39.4,10398.0
P015,P1,P,1,high_control,,,0,0.0,104.9,9485.0
P015,P2,P,2,low_control,,,0,0.0,37.3,10326.0
P015,P23,P,23,high_control,,,0,0.0,115.2,9535.0
P015,P24,P,24,low_control,,,0,0.0,39.6,10221.0
P015,A3,A,3,sample,B-0158,B-0158-B01,1,50.0,40.0,10042.0
P015,A4,A,4,sample,B-0158,B-0158-B01,1,16.666666666666668,39.8,10194.0
P015,A5,A,5,sample,B-0158,B-0158-B01,1,5.555555555555555,44.9,10326.0
P015,A6,A,6,sample,B-0158,B-0158-B01,1,1.8518518518518519,51.6,10423.0
P015,A7,A,7,sample,B-0158,B-0158-B01,1,0.6172839506172839,56.0,9983.0
P015,A8,A,8,sample,B-0158,B-0158-B01,1,0.205761316872428,78.0,9474.0
P015,A9,A,9,sample,B-0158,B-0158-B01,1,0.06858710562414266,92.4,10065.0
P015,A10,A,10,sample,B-0158,B-0158-B01,1,0.022862368541380886,100.0,9722.0
P015,A11,A,11,sample,B-0158,B-0158-B01,1,0.007620789513793629,107.4,9778.0
P015,A12,A,12,sample,B-0158,B-0158-B01,1,0.002540263171264543,105.3,9590.0
P015,A13,A,13,sample,B-0158,B-0158-B01,2,50.0,44.0,10167.0
P015,A14,A,14,sample,B-0158,B-0158-B01,2,16.666666666666668,42.8,10395.0
P015,A15,A,15,sample,B-0158,B-0158-B01,2,5.555555555555555,41.2,10186.0
P015,A16,A,16,sample,B-0158,B-0158-B01,2,1.8518518518518519,48.2,9742.0
P015,A17,A,17,sample,B-0158,B-0158-B01,2,0.6172839506172839,54.7,9762.0
P015,A18,A,18,sample,B-0158,B-0158-B01,2,0.205761316872428,78.0,10068.0
P015,A19,A,19,sample,B-0158,B-0158-B01,2,0.06858710562414266,94.7,9697.0
P015,A20,A,20,sample,B-0158,B-0158-B01,2,0.022862368541380886,102.2,9535.0
P015,A21,A,21,sample,B-0158,B-0158-B01,2,0.007620789513793629,112.8,9351.0
P015,A22,A,22,sample,B-0158,B-0158-B01,2,0.002540263171264543,111.7,9810.0
P015,B3,B,3,sample,A-0116,A-0116-B01,1,50.0,132.9,14600.0
P015,B4,B,4,sample,A-0116,A-0116-B01,1,16.666666666666668,51.9,10163.0
P015,B5,B,5,sample,A-0116,A-0116-B01,1,5.555555555555555,57.5,9964.0
P015,B6,B,6,sample,A-0116,A-0116-B01,1,1.8518518518518519,74.0,9925.0
P015,B7,B,7,sample,A-0116,A-0116-B01,1,0.6172839506172839,93.9,9318.0
P015,B8,B,8,sample,A-0116,A-0116-B01,1,0.205761316872428,97.0,9284.0
P015,B9,B,9,sample,A-0116,A-0116-B01,1,0.06858710562414266,102.9,9170.0
P015,B10,B,10,sample,A-0116,A-0116-B01,1,0.022862368541380886,108.5,9483.0
P015,B11,B,11,sample,A-0116,A-0116-B01,1,0.007620789513793629,105.3,9661.0
P015,B12,B,12,sample,A-0116,A-0116-B01,1,0.002540263171264543,110.7,9223.0
P015,B13,B,13,sample,A-0116,A-0116-B01,2,50.0,134.0,14229.0
P015,B14,B,14,sample,A-0116,A-0116-B01,2,16.666666666666668,51.5,10335.0
P015,B15,B,15,sample,A-0116,A-0116-B01,2,5.555555555555555,59.5,9563.0
P015,B16,B,16,sample,A-0116,A-0116-B01,2,1.8518518518518519,74.4,9398.0
P015,B17,B,17,sample,A-0116,A-0116-B01,2,0.6172839506172839,91.2,9731.0
P015,B18,B,18,sample,A-0116,A-0116-B01,2,0.205761316872428,99.9,9229.0
P015,B19,B,19,sample,A-0116,A-0116-B01,2,0.06858710562414266,102.7,9440.0
P015,B20,B,20,sample,A-0116,A-0116-B01,2,0.022862368541380886,100.2,9262.0
P015,B21,B,21,sample,A-0116,A-0116-B01,2,0.007620789513793629,104.6,9121.0
P015,B22,B,22,sample,A-0116,A-0116-B01,2,0.002540263171264543,104.1,9170.0
P015,C3,C,3,sample,A-0272,A-0272-B01,1,50.0,44.6,10037.0
P015,C4,C,4,sample,A-0272,A-0272-B01,1,16.666666666666668,48.0,9674.0
P015,C5,C,5,sample,A-0272,A-0272-B01,1,5.555555555555555,66.5,9735.0
P015,C6,C,6,sample,A-0272,A-0272-B01,1,1.8518518518518519,84.9,9308.0
P015,C7,C,7,sample,A-0272,A-0272-B01,1,0.6172839506172839,95.2,9103.0
P015,C8,C,8,sample,A-0272,A-0272-B01,1,0.205761316872428,106.3,9331.0
P015,C9,C,9,sample,A-0272,A-0272-B01,1,0.06858710562414266,109.1,9417.0
P015,C10,C,10,sample,A-0272,A-0272-B01,1,0.022862368541380886,108.1,9498.0
P015,C11,C,11,sample,A-0272,A-0272-B01,1,0.007620789513793629,100.4,9470.0
P015,C12,C,12,sample,A-0272,A-0272-B01,1,0.002540263171264543,104.9,9318.0
P015,C13,C,13,sample,A-0272,A-0272-B01,2,50.0,42.4,9921.0
P015,C14,C,14,sample,A-0272,A-0272-B01,2,16.666666666666668,49.9,9559.0
P015,C15,C,15,sample,A-0272,A-0272-B01,2,5.555555555555555,66.0,9867.0
P015,C16,C,16,sample,A-0272,A-0272-B01,2,1.8518518518518519,83.5,10042.0
P015,C17,C,17,sample,A-0272,A-0272-B01,2,0.6172839506172839,97.2,9388.0
P015,C18,C,18,sample,A-0272,A-0272-B01,2,0.205761316872428,102.4,9292.0
P015,C19,C,19,sample,A-0272,A-0272-B01,2,0.06858710562414266,103.4,9274.0
P015,C20,C,20,sample,A-0272,A-0272-B01,2,0.022862368541380886,105.5,9521.0
P015,C21,C,21,sample,A-0272,A-0272-B01,2,0.007620789513793629,104.5,9314.0
P015,C22,C,22,sample,A-0272,A-0272-B01,2,0.002540263171264543,105.9,9549.0
P015,D3,D,3,sample,B-0312,B-0312-B01,1,50.0,36.0,10131.0
P015,D4,D,4,sample,B-0312,B-0312-B01,1,16.666666666666668,35.9,9918.0
P015,D5,D,5,sample,B-0312,B-0312-B01,1,5.555555555555555,36.4,9696.0
P015,D6,D,6,sample,B-0312,B-0312-B01,1,1.8518518518518519,46.0,9741.0
P015,D7,D,7,sample,B-0312,B-0312-B01,1,0.6172839506172839,52.2,10230.0
P015,D8,D,8,sample,B-0312,B-0312-B01,1,0.205761316872428,64.5,9603.0
P015,D9,D,9,sample,B-0312,B-0312-B01,1,0.06858710562414266,85.7,9182.0
P015,D10,D,10,sample,B-0312,B-0312-B01,1,0.022862368541380886,101.1,9464.0
P015,D11,D,11,sample,B-0312,B-0312-B01,1,0.007620789513793629,99.6,9554.0
P015,D12,D,12,sample,B-0312,B-0312-B01,1,0.002540263171264543,104.8,9303.0
P015,D13,D,13,sample,B-0312,B-0312-B01,2,50.0,34.2,9987.0
P015,D14,D,14,sample,B-0312,B-0312-B01,2,16.666666666666668,33.1,10153.0
P015,D15,D,15,sample,B-0312,B-0312-B01,2,5.555555555555555,34.2,10069.0
P015,D16,D,16,sample,B-0312,B-0312-B01,2,1.8518518518518519,41.4,9568.0
P015,D17,D,17,sample,B-0312,B-0312-B01,2,0.6172839506172839,49.6,9766.0
P015,D18,D,18,sample,B-0312,B-0312-B01,2,0.205761316872428,68.1,9777.0
P015,D19,D,19,sample,B-0312,B-0312-B01,2,0.06858710562414266,82.8,9523.0
P015,D20,D,20,sample,B-0312,B-0312-B01,2,0.022862368541380886,97.0,9394.0
P015,D21,D,21,sample,B-0312,B-0312-B01,2,0.007620789513793629,104.0,9566.0
P015,D22,D,22,sample,B-0312,B-0312-B01,2,0.002540263171264543,104.8,9320.0
P015,E3,E,3,sample,B-0225,B-0225-B01,1,50.0,35.4,10202.0
P015,E4,E,4,sample,B-0225,B-0225-B01,1,16.666666666666668,36.5,10236.0
P015,E5,E,5,sample,B-0225,B-0225-B01,1,5.555555555555555,39.0,10057.0
P015,E6,E,6,sample,B-0225,B-0225-B01,1,1.8518518518518519,39.8,10122.0
P015,E7,E,7,sample,B-0225,B-0225-B01,1,0.6172839506172839,48.4,9768.0
P015,E8,E,8,sample,B-0225,B-0225-B01,1,0.205761316872428,61.8,9801.0
P015,E9,E,9,sample,B-0225,B-0225-B01,1,0.06858710562414266,81.6,9530.0
P015,E10,E,10,sample,B-0225,B-0225-B01,1,0.022862368541380886,100.6,9348.0
P015,E11,E,11,sample,B-0225,B-0225-B01,1,0.007620789513793629,101.6,9553.0
P015,E12,E,12,sample,B-0225,B-0225-B01,1,0.002540263171264543,102.6,9434.0
P015,E13,E,13,sample,B-0225,B-0225-B01,2,50.0,34.9,10315.0
P015,E14,E,14,sample,B-0225,B-0225-B01,2,16.666666666666668,35.1,10285.0
P015,E15,E,15,sample,B-0225,B-0225-B01,2,5.555555555555555,38.7,10039.0
P015,E16,E,16,sample,B-0225,B-0225-B01,2,1.8518518518518519,39.9,10362.0
P015,E17,E,17,sample,B-0225,B-0225-B01,2,0.6172839506172839,48.4,9726.0
P015,E18,E,18,sample,B-0225,B-0225-B01,2,0.205761316872428,61.8,9280.0
P015,E19,E,19,sample,B-0225,B-0225-B01,2,0.06858710562414266,82.0,9891.0
P015,E20,E,20,sample,B-0225,B-0225-B01,2,0.022862368541380886,96.6,9361.0
P015,E21,E,21,sample,B-0225,B-0225-B01,2,0.007620789513793629,104.0,9491.0
P015,E22,E,22,sample,B-0225,B-0225-B01,2,0.002540263171264543,102.4,9051.0
P015,F3,F,3,sample,B-0256,B-0256-B01,1,50.0,34.6,9878.0
P015,F4,F,4,sample,B-0256,B-0256-B01,1,16.666666666666668,38.2,10213.0
P015,F5,F,5,sample,B-0256,B-0256-B01,1,5.555555555555555,40.1,9565.0
P015,F6,F,6,sample,B-0256,B-0256-B01,1,1.8518518518518519,42.4,10177.0
P015,F7,F,7,sample,B-0256,B-0256-B01,1,0.6172839506172839,45.4,9982.0
P015,F8,F,8,sample,B-0256,B-0256-B01,1,0.205761316872428,56.7,9890.0
P015,F9,F,9,sample,B-0256,B-0256-B01,1,0.06858710562414266,67.6,9561.0
P015,F10,F,10,sample,B-0256,B-0256-B01,1,0.022862368541380886,90.8,9438.0
P015,F11,F,11,sample,B-0256,B-0256-B01,1,0.007620789513793629,100.8,9286.0
P015,F12,F,12,sample,B-0256,B-0256-B01,1,0.002540263171264543,97.1,9301.0
P015,F13,F,13,sample,B-0256,B-0256-B01,2,50.0,40.0,9565.0
P015,F14,F,14,sample,B-0256,B-0256-B01,2,16.666666666666668,38.7,9798.0
P015,F15,F,15,sample,B-0256,B-0256-B01,2,5.555555555555555,43.0,9779.0
P015,F16,F,16,sample,B-0256,B-0256-B01,2,1.8518518518518519,39.2,9723.0
P015,F17,F,17,sample,B-0256,B-0256-B01,2,0.6172839506172839,45.7,9985.0
P015,F18,F,18,sample,B-0256,B-0256-B01,2,0.205761316872428,54.4,9914.0
P015,F19,F,19,sample,B-0256,B-0256-B01,2,0.06858710562414266,76.6,9888.0
P015,F20,F,20,sample,B-0256,B-0256-B01,2,0.022862368541380886,90.0,9506.0
P015,F21,F,21,sample,B-0256,B-0256-B01,2,0.007620789513793629,99.4,9726.0
P015,F22,F,22,sample,B-0256,B-0256-B01,2,0.002540263171264543,104.6,9331.0
P015,G3,G,3,sample,A-0351,A-0351-B01,1,50.0,44.1,9525.0
P015,G4,G,4,sample,A-0351,A-0351-B01,1,16.666666666666668,47.2,9505.0
P015,G5,G,5,sample,A-0351,A-0351-B01,1,5.555555555555555,63.5,9814.0
P015,G6,G,6,sample,A-0351,A-0351-B01,1,1.8518518518518519,78.3,9479.0
P015,G7,G,7,sample,A-0351,A-0351-B01,1,0.6172839506172839,95.8,9203.0
P015,G8,G,8,sample,A-0351,A-0351-B01,1,0.205761316872428,101.1,9324.0
P015,G9,G,9,sample,A-0351,A-0351-B01,1,0.06858710562414266,106.3,9457.0
P015,G10,G,10,sample,A-0351,A-0351-B01,1,0.022862368541380886,102.3,9303.0
P015,G11,G,11,sample,A-0351,A-0351-B01,1,0.007620789513793629,107.4,9942.0
P015,G12,G,12,sample,A-0351,A-0351-B01,1,0.002540263171264543,109.2,9466.0
P015,G13,G,13,sample,A-0351,A-0351-B01,2,50.0,38.2,10236.0
P015,G14,G,14,sample,A-0351,A-0351-B01,2,16.666666666666668,54.0,9852.0
P015,G15,G,15,sample,A-0351,A-0351-B01,2,5.555555555555555,68.3,9653.0
P015,G16,G,16,sample,A-0351,A-0351-B01,2,1.8518518518518519,80.4,9717.0
P015,G17,G,17,sample,A-0351,A-0351-B01,2,0.6172839506172839,95.6,9643.0
P015,G18,G,18,sample,A-0351,A-0351-B01,2,0.205761316872428,104.5,9374.0
P015,G19,G,19,sample,A-0351,A-0351-B01,2,0.06858710562414266,107.7,9566.0
P015,G20,G,20,sample,A-0351,A-0351-B01,2,0.022862368541380886,105.9,9044.0
P015,G21,G,21,sample,A-0351,A-0351-B01,2,0.007620789513793629,104.3,8973.0
P015,G22,G,22,sample,A-0351,A-0351-B01,2,0.002540263171264543,108.0,9757.0
P015,H3,H,3,sample,B-0184,B-0184-B01,1,50.0,35.7,9633.0
P015,H4,H,4,sample,B-0184,B-0184-B01,1,16.666666666666668,39.1,9844.0
P015,H5,H,5,sample,B-0184,B-0184-B01,1,5.555555555555555,37.5,10100.0
P015,H6,H,6,sample,B-0184,B-0184-B01,1,1.8518518518518519,45.3,9621.0
P015,H7,H,7,sample,B-0184,B-0184-B01,1,0.6172839506172839,55.6,9740.0
P015,H8,H,8,sample,B-0184,B-0184-B01,1,0.205761316872428,71.7,9790.0
P015,H9,H,9,sample,B-0184,B-0184-B01,1,0.06858710562414266,89.3,9350.0
P015,H10,H,10,sample,B-0184,B-0184-B01,1,0.022862368541380886,98.6,9212.0
P015,H11,H,11,sample,B-0184,B-0184-B01,1,0.007620789513793629,105.4,9327.0
P015,H12,H,12,sample,B-0184,B-0184-B01,1,0.002540263171264543,103.6,9245.0
P015,H13,H,13,sample,B-0184,B-0184-B01,2,50.0,37.3,10276.0
P015,H14,H,14,sample,B-0184,B-0184-B01,2,16.666666666666668,39.2,10094.0
P015,H15,H,15,sample,B-0184,B-0184-B01,2,5.555555555555555,35.7,10237.0
P015,H16,H,16,sample,B-0184,B-0184-B01,2,1.8518518518518519,41.1,10014.0
P015,H17,H,17,sample,B-0184,B-0184-B01,2,0.6172839506172839,58.1,9800.0
P015,H18,H,18,sample,B-0184,B-0184-B01,2,0.205761316872428,75.0,9497.0
P015,H19,H,19,sample,B-0184,B-0184-B01,2,0.06858710562414266,92.4,10011.0
P015,H20,H,20,sample,B-0184,B-0184-B01,2,0.022862368541380886,103.3,9581.0
P015,H21,H,21,sample,B-0184,B-0184-B01,2,0.007620789513793629,103.9,9555.0
P015,H22,H,22,sample,B-0184,B-0184-B01,2,0.002540263171264543,104.0,9447.0
P015,I3,I,3,sample,B-0308,B-0308-B01,1,50.0,43.8,9954.0
P015,I4,I,4,sample,B-0308,B-0308-B01,1,16.666666666666668,49.0,10486.0
P015,I5,I,5,sample,B-0308,B-0308-B01,1,5.555555555555555,66.3,9985.0
P015,I6,I,6,sample,B-0308,B-0308-B01,1,1.8518518518518519,82.7,9664.0
P015,I7,I,7,sample,B-0308,B-0308-B01,1,0.6172839506172839,95.9,9597.0
P015,I8,I,8,sample,B-0308,B-0308-B01,1,0.205761316872428,103.3,9267.0
P015,I9,I,9,sample,B-0308,B-0308-B01,1,0.06858710562414266,107.2,9361.0
P015,I10,I,10,sample,B-0308,B-0308-B01,1,0.022862368541380886,108.3,9748.0
P015,I11,I,11,sample,B-0308,B-0308-B01,1,0.007620789513793629,111.0,9945.0
P015,I12,I,12,sample,B-0308,B-0308-B01,1,0.002540263171264543,106.3,9492.0
P015,I13,I,13,sample,B-0308,B-0308-B01,2,50.0,42.3,9787.0
P015,I14,I,14,sample,B-0308,B-0308-B01,2,16.666666666666668,46.5,9800.0
P015,I15,I,15,sample,B-0308,B-0308-B01,2,5.555555555555555,66.0,10330.0
P015,I16,I,16,sample,B-0308,B-0308-B01,2,1.8518518518518519,88.3,9682.0
P015,I17,I,17,sample,B-0308,B-0308-B01,2,0.6172839506172839,97.1,9492.0
P015,I18,I,18,sample,B-0308,B-0308-B01,2,0.205761316872428,97.9,9397.0
P015,I19,I,19,sample,B-0308,B-0308-B01,2,0.06858710562414266,105.0,9183.0
P015,I20,I,20,sample,B-0308,B-0308-B01,2,0.022862368541380886,107.9,9488.0
P015,I21,I,21,sample,B-0308,B-0308-B01,2,0.007620789513793629,107.0,9482.0
P015,I22,I,22,sample,B-0308,B-0308-B01,2,0.002540263171264543,105.4,9474.0
P015,J3,J,3,sample,B-0156,B-0156-B01,1,50.0,34.2,10116.0
P015,J4,J,4,sample,B-0156,B-0156-B01,1,16.666666666666668,40.7,9807.0
P015,J5,J,5,sample,B-0156,B-0156-B01,1,5.555555555555555,36.7,9677.0
P015,J6,J,6,sample,B-0156,B-0156-B01,1,1.8518518518518519,37.9,9901.0
P015,J7,J,7,sample,B-0156,B-0156-B01,1,0.6172839506172839,42.8,10120.0
P015,J8,J,8,sample,B-0156,B-0156-B01,1,0.205761316872428,50.1,9558.0
P015,J9,J,9,sample,B-0156,B-0156-B01,1,0.06858710562414266,61.0,9981.0
P015,J10,J,10,sample,B-0156,B-0156-B01,1,0.022862368541380886,83.0,9590.0
P015,J11,J,11,sample,B-0156,B-0156-B01,1,0.007620789513793629,95.4,9057.0
P015,J12,J,12,sample,B-0156,B-0156-B01,1,0.002540263171264543,103.8,8896.0
P015,J13,J,13,sample,B-0156,B-0156-B01,2,50.0,36.4,9660.0
P015,J14,J,14,sample,B-0156,B-0156-B01,2,16.666666666666668,37.3,10213.0
P015,J15,J,15,sample,B-0156,B-0156-B01,2,5.555555555555555,33.6,9737.0
P015,J16,J,16,sample,B-0156,B-0156-B01,2,1.8518518518518519,39.1,10025.0
P015,J17,J,17,sample,B-0156,B-0156-B01,2,0.6172839506172839,44.7,9928.0
P015,J18,J,18,sample,B-0156,B-0156-B01,2,0.205761316872428,48.5,9613.0
P015,J19,J,19,sample,B-0156,B-0156-B01,2,0.06858710562414266,69.4,9408.0
P015,J20,J,20,sample,B-0156,B-0156-B01,2,0.022862368541380886,90.3,9457.0
P015,J21,J,21,sample,B-0156,B-0156-B01,2,0.007620789513793629,96.5,9687.0
P015,J22,J,22,sample,B-0156,B-0156-B01,2,0.002540263171264543,106.4,9391.0
P015,K3,K,3,sample,A-0110,A-0110-B01,1,50.0,174.7,16945.0
P015,K4,K,4,sample,A-0110,A-0110-B01,1,16.666666666666668,102.0,11708.0
P015,K5,K,5,sample,A-0110,A-0110-B01,1,5.555555555555555,67.4,10400.0
P015,K6,K,6,sample,A-0110,A-0110-B01,1,1.8518518518518519,56.8,9493.0
P015,K7,K,7,sample,A-0110,A-0110-B01,1,0.6172839506172839,71.1,9685.0
P015,K8,K,8,sample,A-0110,A-0110-B01,1,0.205761316872428,87.3,9573.0
P015,K9,K,9,sample,A-0110,A-0110-B01,1,0.06858710562414266,97.7,9513.0
P015,K10,K,10,sample,A-0110,A-0110-B01,1,0.022862368541380886,105.0,9314.0
P015,K11,K,11,sample,A-0110,A-0110-B01,1,0.007620789513793629,102.1,9377.0
P015,K12,K,12,sample,A-0110,A-0110-B01,1,0.002540263171264543,103.7,9525.0
P015,K13,K,13,sample,A-0110,A-0110-B01,2,50.0,169.4,16296.0
P015,K14,K,14,sample,A-0110,A-0110-B01,2,16.666666666666668,105.9,12092.0
P015,K15,K,15,sample,A-0110,A-0110-B01,2,5.555555555555555,73.0,10016.0
P015,K16,K,16,sample,A-0110,A-0110-B01,2,1.8518518518518519,55.8,10039.0
P015,K17,K,17,sample,A-0110,A-0110-B01,2,0.6172839506172839,66.6,10032.0
P015,K18,K,18,sample,A-0110,A-0110-B01,2,0.205761316872428,94.8,9638.0
P015,K19,K,19,sample,A-0110,A-0110-B01,2,0.06858710562414266,99.5,9605.0
P015,K20,K,20,sample,A-0110,A-0110-B01,2,0.022862368541380886,103.7,9394.0
P015,K21,K,21,sample,A-0110,A-0110-B01,2,0.007620789513793629,105.6,9776.0
P015,K22,K,22,sample,A-0110,A-0110-B01,2,0.002540263171264543,107.3,9242.0
P015,L3,L,3,sample,B-0303,B-0303-B01,1,50.0,37.5,9648.0
P015,L4,L,4,sample,B-0303,B-0303-B01,1,16.666666666666668,41.1,9735.0
P015,L5,L,5,sample,B-0303,B-0303-B01,1,5.555555555555555,45.3,9818.0
P015,L6,L,6,sample,B-0303,B-0303-B01,1,1.8518518518518519,52.6,9956.0
P015,L7,L,7,sample,B-0303,B-0303-B01,1,0.6172839506172839,70.6,9667.0
P015,L8,L,8,sample,B-0303,B-0303-B01,1,0.205761316872428,89.4,9494.0
P015,L9,L,9,sample,B-0303,B-0303-B01,1,0.06858710562414266,97.8,9702.0
P015,L10,L,10,sample,B-0303,B-0303-B01,1,0.022862368541380886,104.8,9368.0
P015,L11,L,11,sample,B-0303,B-0303-B01,1,0.007620789513793629,106.8,9444.0
P015,L12,L,12,sample,B-0303,B-0303-B01,1,0.002540263171264543,100.8,9023.0
P015,L13,L,13,sample,B-0303,B-0303-B01,2,50.0,35.3,9829.0
P015,L14,L,14,sample,B-0303,B-0303-B01,2,16.666666666666668,38.3,10128.0
P015,L15,L,15,sample,B-0303,B-0303-B01,2,5.555555555555555,42.5,9981.0
P015,L16,L,16,sample,B-0303,B-0303-B01,2,1.8518518518518519,47.8,9621.0
P015,L17,L,17,sample,B-0303,B-0303-B01,2,0.6172839506172839,69.9,9666.0
P015,L18,L,18,sample,B-0303,B-0303-B01,2,0.205761316872428,90.5,9601.0
P015,L19,L,19,sample,B-0303,B-0303-B01,2,0.06858710562414266,100.3,9557.0
P015,L20,L,20,sample,B-0303,B-0303-B01,2,0.022862368541380886,101.9,8949.0
P015,L21,L,21,sample,B-0303,B-0303-B01,2,0.007620789513793629,107.2,9252.0
P015,L22,L,22,sample,B-0303,B-0303-B01,2,0.002540263171264543,104.5,9575.0
P015,M3,M,3,sample,B-0153,B-0153-B01,1,50.0,39.0,9667.0
P015,M4,M,4,sample,B-0153,B-0153-B01,1,16.666666666666668,36.6,10439.0
P015,M5,M,5,sample,B-0153,B-0153-B01,1,5.555555555555555,35.5,9800.0
P015,M6,M,6,sample,B-0153,B-0153-B01,1,1.8518518518518519,37.5,10215.0
P015,M7,M,7,sample,B-0153,B-0153-B01,1,0.6172839506172839,40.4,10114.0
P015,M8,M,8,sample,B-0153,B-0153-B01,1,0.205761316872428,53.6,9471.0
P015,M9,M,9,sample,B-0153,B-0153-B01,1,0.06858710562414266,72.3,9451.0
P015,M10,M,10,sample,B-0153,B-0153-B01,1,0.022862368541380886,90.8,9605.0
P015,M11,M,11,sample,B-0153,B-0153-B01,1,0.007620789513793629,102.3,9646.0
P015,M12,M,12,sample,B-0153,B-0153-B01,1,0.002540263171264543,109.6,9033.0
P015,M13,M,13,sample,B-0153,B-0153-B01,2,50.0,39.0,10071.0
P015,M14,M,14,sample,B-0153,B-0153-B01,2,16.666666666666668,32.3,9513.0
P015,M15,M,15,sample,B-0153,B-0153-B01,2,5.555555555555555,36.5,9739.0
P015,M16,M,16,sample,B-0153,B-0153-B01,2,1.8518518518518519,39.1,10290.0
P015,M17,M,17,sample,B-0153,B-0153-B01,2,0.6172839506172839,41.5,9720.0
P015,M18,M,18,sample,B-0153,B-0153-B01,2,0.205761316872428,55.0,10225.0
P015,M19,M,19,sample,B-0153,B-0153-B01,2,0.06858710562414266,74.1,9434.0
P015,M20,M,20,sample,B-0153,B-0153-B01,2,0.022862368541380886,88.2,9745.0
P015,M21,M,21,sample,B-0153,B-0153-B01,2,0.007620789513793629,101.0,8964.0
P015,M22,M,22,sample,B-0153,B-0153-B01,2,0.002540263171264543,106.1,9510.0
P015,N3,N,3,sample,A-0216,A-0216-B01,1,50.0,146.5,14744.0
P015,N4,N,4,sample,A-0216,A-0216-B01,1,16.666666666666668,60.5,11245.0
P015,N5,N,5,sample,A-0216,A-0216-B01,1,5.555555555555555,40.3,9718.0
P015,N6,N,6,sample,A-0216,A-0216-B01,1,1.8518518518518519,48.4,9824.0
P015,N7,N,7,sample,A-0216,A-0216-B01,1,0.6172839506172839,62.0,9888.0
P015,N8,N,8,sample,A-0216,A-0216-B01,1,0.205761316872428,81.3,9935.0
P015,N9,N,9,sample,A-0216,A-0216-B01,1,0.06858710562414266,95.7,9528.0
P015,N10,N,10,sample,A-0216,A-0216-B01,1,0.022862368541380886,101.7,9183.0
P015,N11,N,11,sample,A-0216,A-0216-B01,1,0.007620789513793629,106.5,9041.0
P015,N12,N,12,sample,A-0216,A-0216-B01,1,0.002540263171264543,105.9,9462.0
P015,N13,N,13,sample,A-0216,A-0216-B01,2,50.0,138.9,14771.0
P015,N14,N,14,sample,A-0216,A-0216-B01,2,16.666666666666668,58.3,10646.0
P015,N15,N,15,sample,A-0216,A-0216-B01,2,5.555555555555555,42.8,9949.0
P015,N16,N,16,sample,A-0216,A-0216-B01,2,1.8518518518518519,53.4,9748.0
P015,N17,N,17,sample,A-0216,A-0216-B01,2,0.6172839506172839,63.5,9499.0
P015,N18,N,18,sample,A-0216,A-0216-B01,2,0.205761316872428,83.4,10008.0
P015,N19,N,19,sample,A-0216,A-0216-B01,2,0.06858710562414266,99.6,9949.0
P015,N20,N,20,sample,A-0216,A-0216-B01,2,0.022862368541380886,102.9,9701.0
P015,N21,N,21,sample,A-0216,A-0216-B01,2,0.007620789513793629,104.1,9673.0
P015,N22,N,22,sample,A-0216,A-0216-B01,2,0.002540263171264543,102.8,9358.0
P015,O3,O,3,sample,B-0288,B-0288-B01,1,50.0,33.5,10243.0
P015,O4,O,4,sample,B-0288,B-0288-B01,1,16.666666666666668,34.7,9843.0
P015,O5,O,5,sample,B-0288,B-0288-B01,1,5.555555555555555,39.0,9752.0
P015,O6,O,6,sample,B-0288,B-0288-B01,1,1.8518518518518519,35.7,10070.0
P015,O7,O,7,sample,B-0288,B-0288-B01,1,0.6172839506172839,52.3,9501.0
P015,O8,O,8,sample,B-0288,B-0288-B01,1,0.205761316872428,69.0,10161.0
P015,O9,O,9,sample,B-0288,B-0288-B01,1,0.06858710562414266,84.1,9401.0
P015,O10,O,10,sample,B-0288,B-0288-B01,1,0.022862368541380886,92.9,9424.0
P015,O11,O,11,sample,B-0288,B-0288-B01,1,0.007620789513793629,108.9,9790.0
P015,O12,O,12,sample,B-0288,B-0288-B01,1,0.002540263171264543,110.0,9536.0
P015,O13,O,13,sample,B-0288,B-0288-B01,2,50.0,34.9,9981.0
P015,O14,O,14,sample,B-0288,B-0288-B01,2,16.666666666666668,36.1,9912.0
P015,O15,O,15,sample,B-0288,B-0288-B01,2,5.555555555555555,42.7,9789.0
P015,O16,O,16,sample,B-0288,B-0288-B01,2,1.8518518518518519,39.3,10217.0
P015,O17,O,17,sample,B-0288,B-0288-B01,2,0.6172839506172839,51.2,9795.0
P015,O18,O,18,sample,B-0288,B-0288-B01,2,0.205761316872428,67.9,9685.0
P015,O19,O,19,sample,B-0288,B-0288-B01,2,0.06858710562414266,83.0,9080.0
P015,O20,O,20,sample,B-0288,B-0288-B01,2,0.022862368541380886,95.2,9605.0
P015,O21,O,21,sample,B-0288,B-0288-B01,2,0.007620789513793629,95.1,9288.0
P015,O22,O,22,sample,B-0288,B-0288-B01,2,0.002540263171264543,103.7,9268.0
P015,P3,P,3,sample,A-0072,A-0072-B01,1,50.0,42.1,10284.0
P015,P4,P,4,sample,A-0072,A-0072-B01,1,16.666666666666668,48.5,10455.0
P015,P5,P,5,sample,A-0072,A-0072-B01,1,5.555555555555555,64.8,10348.0
P015,P6,P,6,sample,A-0072,A-0072-B01,1,1.8518518518518519,79.7,9872.0
P015,P7,P,7,sample,A-0072,A-0072-B01,1,0.6172839506172839,98.1,9494.0
P015,P8,P,8,sample,A-0072,A-0072-B01,1,0.205761316872428,106.3,10009.0
P015,P9,P,9,sample,A-0072,A-0072-B01,1,0.06858710562414266,104.8,9497.0
P015,P10,P,10,sample,A-0072,A-0072-B01,1,0.022862368541380886,110.1,9859.0
P015,P11,P,11,sample,A-0072,A-0072-B01,1,0.007620789513793629,107.3,9381.0
P015,P12,P,12,sample,A-0072,A-0072-B01,1,0.002540263171264543,107.1,9793.0
P015,P13,P,13,sample,A-0072,A-0072-B01,2,50.0,40.5,10371.0
P015,P14,P,14,sample,A-0072,A-0072-B01,2,16.666666666666668,47.2,10078.0
P015,P15,P,15,sample,A-0072,A-0072-B01,2,5.555555555555555,62.0,10000.0
P015,P16,P,16,sample,A-0072,A-0072-B01,2,1.8518518518518519,83.5,9541.0
P015,P17,P,17,sample,A-0072,A-0072-B01,2,0.6172839506172839,99.1,9537.0
P015,P18,P,18,sample,A-0072,A-0072-B01,2,0.205761316872428,105.1,9468.0
P015,P19,P,19,sample,A-0072,A-0072-B01,2,0.06858710562414266,108.5,9411.0
P015,P20,P,20,sample,A-0072,A-0072-B01,2,0.022862368541380886,109.2,9436.0
P015,P21,P,21,sample,A-0072,A-0072-B01,2,0.007620789513793629,109.4,9475.0
P015,P22,P,22,sample,A-0072,A-0072-B01,2,0.002540263171264543,105.5,9628.0
P016,A1,A,1,high_control,,,0,0.0,104.1,9844.0
P016,A2,A,2,low_control,,,0,0.0,31.9,10188.0
P016,A23,A,23,reference,REF-1,REF-1-B01,1,50.0,32.3,10151.0
P016,A24,A,24,reference,REF-1,REF-1-B01,2,50.0,35.3,10152.0
P016,B1,B,1,high_control,,,0,0.0,103.1,9452.0
P016,B2,B,2,low_control,,,0,0.0,32.6,9892.0
P016,B23,B,23,reference,REF-1,REF-1-B01,1,16.666666666666668,32.6,9737.0
P016,B24,B,24,reference,REF-1,REF-1-B01,2,16.666666666666668,38.0,10557.0
P016,C1,C,1,high_control,,,0,0.0,105.3,9641.0
P016,C2,C,2,low_control,,,0,0.0,31.1,10035.0
P016,C23,C,23,reference,REF-1,REF-1-B01,1,5.555555555555555,35.8,9985.0
P016,C24,C,24,reference,REF-1,REF-1-B01,2,5.555555555555555,38.4,10231.0
P016,D1,D,1,high_control,,,0,0.0,107.5,9391.0
P016,D2,D,2,low_control,,,0,0.0,33.0,10234.0
P016,D23,D,23,reference,REF-1,REF-1-B01,1,1.8518518518518519,34.8,10127.0
P016,D24,D,24,reference,REF-1,REF-1-B01,2,1.8518518518518519,37.0,10447.0
P016,E1,E,1,high_control,,,0,0.0,99.7,9508.0
P016,E2,E,2,low_control,,,0,0.0,33.1,9687.0
P016,E23,E,23,reference,REF-1,REF-1-B01,1,0.6172839506172839,40.7,9665.0
P016,E24,E,24,reference,REF-1,REF-1-B01,2,0.6172839506172839,40.9,10036.0
P016,F1,F,1,high_control,,,0,0.0,103.3,9884.0
P016,F2,F,2,low_control,,,0,0.0,30.9,9534.0
P016,F23,F,23,reference,REF-1,REF-1-B01,1,0.205761316872428,52.6,10160.0
P016,F24,F,24,reference,REF-1,REF-1-B01,2,0.205761316872428,59.4,10061.0
P016,G1,G,1,high_control,,,0,0.0,103.8,9697.0
P016,G2,G,2,low_control,,,0,0.0,32.6,10253.0
P016,G23,G,23,reference,REF-1,REF-1-B01,1,0.06858710562414266,70.9,9525.0
P016,G24,G,24,reference,REF-1,REF-1-B01,2,0.06858710562414266,71.8,9703.0
P016,H1,H,1,high_control,,,0,0.0,104.1,9778.0
P016,H2,H,2,low_control,,,0,0.0,32.5,9927.0
P016,H23,H,23,reference,REF-1,REF-1-B01,1,0.022862368541380886,88.9,9152.0
P016,H24,H,24,reference,REF-1,REF-1-B01,2,0.022862368541380886,96.2,10029.0
P016,I1,I,1,high_control,,,0,0.0,105.3,10057.0
P016,I2,I,2,low_control,,,0,0.0,25.5,10180.0
P016,I23,I,23,reference,REF-1,REF-1-B01,1,0.007620789513793629,100.8,9039.0
P016,I24,I,24,reference,REF-1,REF-1-B01,2,0.007620789513793629,101.0,9669.0
P016,J1,J,1,high_control,,,0,0.0,107.1,9584.0
P016,J2,J,2,low_control,,,0,0.0,25.9,10164.0
P016,J23,J,23,reference,REF-1,REF-1-B01,1,0.002540263171264543,99.0,9229.0
P016,J24,J,24,reference,REF-1,REF-1-B01,2,0.002540263171264543,101.2,9568.0
P016,K1,K,1,high_control,,,0,0.0,110.0,9984.0
P016,K2,K,2,low_control,,,0,0.0,33.3,10190.0
P016,K23,K,23,high_control,,,0,0.0,101.9,9489.0
P016,K24,K,24,low_control,,,0,0.0,36.8,10571.0
P016,L1,L,1,high_control,,,0,0.0,107.5,9579.0
P016,L2,L,2,low_control,,,0,0.0,35.1,10096.0
P016,L23,L,23,high_control,,,0,0.0,97.4,9505.0
P016,L24,L,24,low_control,,,0,0.0,33.3,10234.0
P016,M1,M,1,high_control,,,0,0.0,104.9,9277.0
P016,M2,M,2,low_control,,,0,0.0,34.6,9929.0
P016,M23,M,23,high_control,,,0,0.0,102.9,9264.0
P016,M24,M,24,low_control,,,0,0.0,33.3,10359.0
P016,N1,N,1,high_control,,,0,0.0,104.7,9772.0
P016,N2,N,2,low_control,,,0,0.0,31.8,9886.0
P016,N23,N,23,high_control,,,0,0.0,100.5,9451.0
P016,N24,N,24,low_control,,,0,0.0,34.9,10380.0
P016,O1,O,1,high_control,,,0,0.0,107.2,9444.0
P016,O2,O,2,low_control,,,0,0.0,28.4,9618.0
P016,O23,O,23,high_control,,,0,0.0,101.9,9567.0
P016,O24,O,24,low_control,,,0,0.0,39.1,10604.0
P016,P1,P,1,high_control,,,0,0.0,107.7,10169.0
P016,P2,P,2,low_control,,,0,0.0,35.3,10158.0
P016,P23,P,23,high_control,,,0,0.0,104.1,9761.0
P016,P24,P,24,low_control,,,0,0.0,32.2,10299.0
P016,A3,A,3,sample,A-0277,A-0277-B01,1,50.0,164.0,17161.0
P016,A4,A,4,sample,A-0277,A-0277-B01,1,16.666666666666668,89.8,12735.0
P016,A5,A,5,sample,A-0277,A-0277-B01,1,5.555555555555555,60.8,10743.0
P016,A6,A,6,sample,A-0277,A-0277-B01,1,1.8518518518518519,53.9,10106.0
P016,A7,A,7,sample,A-0277,A-0277-B01,1,0.6172839506172839,66.0,9890.0
P016,A8,A,8,sample,A-0277,A-0277-B01,1,0.205761316872428,80.0,9788.0
P016,A9,A,9,sample,A-0277,A-0277-B01,1,0.06858710562414266,94.2,9490.0
P016,A10,A,10,sample,A-0277,A-0277-B01,1,0.022862368541380886,101.5,9720.0
P016,A11,A,11,sample,A-0277,A-0277-B01,1,0.007620789513793629,102.2,9728.0
P016,A12,A,12,sample,A-0277,A-0277-B01,1,0.002540263171264543,101.7,9335.0
P016,A13,A,13,sample,A-0277,A-0277-B01,2,50.0,159.5,17153.0
P016,A14,A,14,sample,A-0277,A-0277-B01,2,16.666666666666668,96.7,12242.0
P016,A15,A,15,sample,A-0277,A-0277-B01,2,5.555555555555555,55.9,10615.0
P016,A16,A,16,sample,A-0277,A-0277-B01,2,1.8518518518518519,51.2,9982.0
P016,A17,A,17,sample,A-0277,A-0277-B01,2,0.6172839506172839,66.5,10137.0
P016,A18,A,18,sample,A-0277,A-0277-B01,2,0.205761316872428,85.8,9598.0
P016,A19,A,19,sample,A-0277,A-0277-B01,2,0.06858710562414266,96.8,9439.0
P016,A20,A,20,sample,A-0277,A-0277-B01,2,0.022862368541380886,100.7,9770.0
P016,A21,A,21,sample,A-0277,A-0277-B01,2,0.007620789513793629,104.6,9824.0
P016,A22,A,22,sample,A-0277,A-0277-B01,2,0.002540263171264543,105.6,9693.0
P016,B3,B,3,sample,B-0110,B-0110-B01,1,50.0,32.5,10202.0
P016,B4,B,4,sample,B-0110,B-0110-B01,1,16.666666666666668,30.3,10224.0
P016,B5,B,5,sample,B-0110,B-0110-B01,1,5.555555555555555,36.3,9782.0
P016,B6,B,6,sample,B-0110,B-0110-B01,1,1.8518518518518519,43.2,9725.0
P016,B7,B,7,sample,B-0110,B-0110-B01,1,0.6172839506172839,68.2,9773.0
P016,B8,B,8,sample,B-0110,B-0110-B01,1,0.205761316872428,72.3,9285.0
P016,B9,B,9,sample,B-0110,B-0110-B01,1,0.06858710562414266,89.5,9648.0
P016,B10,B,10,sample,B-0110,B-0110-B01,1,0.022862368541380886,97.0,9250.0
P016,B11,B,11,sample,B-0110,B-0110-B01,1,0.007620789513793629,99.9,9669.0
P016,B12,B,12,sample,B-0110,B-0110-B01,1,0.002540263171264543,97.8,9568.0
P016,B13,B,13,sample,B-0110,B-0110-B01,2,50.0,33.4,9930.0
P016,B14,B,14,sample,B-0110,B-0110-B01,2,16.666666666666668,34.8,10023.0
P016,B15,B,15,sample,B-0110,B-0110-B01,2,5.555555555555555,39.6,9604.0
P016,B16,B,16,sample,B-0110,B-0110-B01,2,1.8518518518518519,44.8,9295.0
P016,B17,B,17,sample,B-0110,B-0110-B01,2,0.6172839506172839,57.3,9799.0
P016,B18,B,18,sample,B-0110,B-0110-B01,2,0.205761316872428,81.3,9887.0
P016,B19,B,19,sample,B-0110,B-0110-B01,2,0.06858710562414266,91.2,9528.0
P016,B20,B,20,sample,B-0110,B-0110-B01,2,0.022862368541380886,96.1,9625.0
P016,B21,B,21,sample,B-0110,B-0110-B01,2,0.007620789513793629,96.7,9518.0
P016,B22,B,22,sample,B-0110,B-0110-B01,2,0.002540263171264543,107.1,9790.0
P016,C3,C,3,sample,B-0278,B-0278-B01,1,50.0,32.9,10036.0
P016,C4,C,4,sample,B-0278,B-0278-B01,1,16.666666666666668,31.9,10302.0
P016,C5,C,5,sample,B-0278,B-0278-B01,1,5.555555555555555,30.7,9814.0
P016,C6,C,6,sample,B-0278,B-0278-B01,1,1.8518518518518519,34.3,10373.0
P016,C7,C,7,sample,B-0278,B-0278-B01,1,0.6172839506172839,41.1,9943.0
P016,C8,C,8,sample,B-0278,B-0278-B01,1,0.205761316872428,52.0,9780.0
P016,C9,C,9,sample,B-0278,B-0278-B01,1,0.06858710562414266,69.9,9565.0
P016,C10,C,10,sample,B-0278,B-0278-B01,1,0.022862368541380886,85.7,9841.0
P016,C11,C,11,sample,B-0278,B-0278-B01,1,0.007620789513793629,93.3,9255.0
P016,C12,C,12,sample,B-0278,B-0278-B01,1,0.002540263171264543,99.4,9425.0
P016,C13,C,13,sample,B-0278,B-0278-B01,2,50.0,32.5,10137.0
P016,C14,C,14,sample,B-0278,B-0278-B01,2,16.666666666666668,32.3,9900.0
P016,C15,C,15,sample,B-0278,B-0278-B01,2,5.555555555555555,29.7,10055.0
P016,C16,C,16,sample,B-0278,B-0278-B01,2,1.8518518518518519,38.2,10082.0
P016,C17,C,17,sample,B-0278,B-0278-B01,2,0.6172839506172839,38.6,9872.0
P016,C18,C,18,sample,B-0278,B-0278-B01,2,0.205761316872428,54.7,10112.0
P016,C19,C,19,sample,B-0278,B-0278-B01,2,0.06858710562414266,72.3,9891.0
P016,C20,C,20,sample,B-0278,B-0278-B01,2,0.022862368541380886,88.9,9762.0
P016,C21,C,21,sample,B-0278,B-0278-B01,2,0.007620789513793629,93.5,9457.0
P016,C22,C,22,sample,B-0278,B-0278-B01,2,0.002540263171264543,97.9,9447.0
P016,D3,D,3,sample,B-0330,B-0330-B01,1,50.0,30.2,10295.0
P016,D4,D,4,sample,B-0330,B-0330-B01,1,16.666666666666668,33.4,10027.0
P016,D5,D,5,sample,B-0330,B-0330-B01,1,5.555555555555555,36.1,10039.0
P016,D6,D,6,sample,B-0330,B-0330-B01,1,1.8518518518518519,33.6,10128.0
P016,D7,D,7,sample,B-0330,B-0330-B01,1,0.6172839506172839,39.3,10066.0
P016,D8,D,8,sample,B-0330,B-0330-B01,1,0.205761316872428,55.3,9946.0
P016,D9,D,9,sample,B-0330,B-0330-B01,1,0.06858710562414266,74.7,9547.0
P016,D10,D,10,sample,B-0330,B-0330-B01,1,0.022862368541380886,88.6,8913.0
P016,D11,D,11,sample,B-0330,B-0330-B01,1,0.007620789513793629,99.5,9589.0
P016,D12,D,12,sample,B-0330,B-0330-B01,1,0.002540263171264543,96.7,9660.0
P016,D13,D,13,sample,B-0330,B-0330-B01,2,50.0,30.1,9843.0
P016,D14,D,14,sample,B-0330,B-0330-B01,2,16.666666666666668,29.5,9765.0
P016,D15,D,15,sample,B-0330,B-0330-B01,2,5.555555555555555,30.4,10105.0
P016,D16,D,16,sample,B-0330,B-0330-B01,2,1.8518518518518519,36.1,10195.0
P016,D17,D,17,sample,B-0330,B-0330-B01,2,0.6172839506172839,43.0,10103.0
P016,D18,D,18,sample,B-0330,B-0330-B01,2,0.205761316872428,59.2,9469.0
P016,D19,D,19,sample,B-0330,B-0330-B01,2,0.06858710562414266,68.6,9731.0
P016,D20,D,20,sample,B-0330,B-0330-B01,2,0.022862368541380886,88.1,9424.0
P016,D21,D,21,sample,B-0330,B-0330-B01,2,0.007620789513793629,97.0,9194.0
P016,D22,D,22,sample,B-0330,B-0330-B01,2,0.002540263171264543,100.9,9275.0
P016,E3,E,3,sample,B-0252,B-0252-B01,1,50.0,34.0,9838.0
P016,E4,E,4,sample,B-0252,B-0252-B01,1,16.666666666666668,41.4,10095.0
P016,E5,E,5,sample,B-0252,B-0252-B01,1,5.555555555555555,60.5,9715.0
P016,E6,E,6,sample,B-0252,B-0252-B01,1,1.8518518518518519,72.5,9865.0
P016,E7,E,7,sample,B-0252,B-0252-B01,1,0.6172839506172839,91.2,9184.0
P016,E8,E,8,sample,B-0252,B-0252-B01,1,0.205761316872428,98.2,9509.0
P016,E9,E,9,sample,B-0252,B-0252-B01,1,0.06858710562414266,97.0,8949.0
P016,E10,E,10,sample,B-0252,B-0252-B01,1,0.022862368541380886,99.6,9753.0
P016,E11,E,11,sample,B-0252,B-0252-B01,1,0.007620789513793629,99.8,9055.0
P016,E12,E,12,sample,B-0252,B-0252-B01,1,0.002540263171264543,104.2,9423.0
P016,E13,E,13,sample,B-0252,B-0252-B01,2,50.0,34.2,9486.0
P016,E14,E,14,sample,B-0252,B-0252-B01,2,16.666666666666668,45.2,10251.0
P016,E15,E,15,sample,B-0252,B-0252-B01,2,5.555555555555555,60.0,9797.0
P016,E16,E,16,sample,B-0252,B-0252-B01,2,1.8518518518518519,76.4,10105.0
P016,E17,E,17,sample,B-0252,B-0252-B01,2,0.6172839506172839,89.2,9268.0
P016,E18,E,18,sample,B-0252,B-0252-B01,2,0.205761316872428,94.8,9629.0
P016,E19,E,19,sample,B-0252,B-0252-B01,2,0.06858710562414266,97.6,9437.0
P016,E20,E,20,sample,B-0252,B-0252-B01,2,0.022862368541380886,100.0,9484.0
P016,E21,E,21,sample,B-0252,B-0252-B01,2,0.007620789513793629,103.2,9007.0
P016,E22,E,22,sample,B-0252,B-0252-B01,2,0.002540263171264543,96.9,9679.0
P016,F3,F,3,sample,B-0310,B-0310-B01,1,50.0,29.5,9895.0
P016,F4,F,4,sample,B-0310,B-0310-B01,1,16.666666666666668,28.8,9916.0
P016,F5,F,5,sample,B-0310,B-0310-B01,1,5.555555555555555,32.8,9893.0
P016,F6,F,6,sample,B-0310,B-0310-B01,1,1.8518518518518519,35.2,9481.0
P016,F7,F,7,sample,B-0310,B-0310-B01,1,0.6172839506172839,46.3,9823.0
P016,F8,F,8,sample,B-0310,B-0310-B01,1,0.205761316872428,65.0,9729.0
P016,F9,F,9,sample,B-0310,B-0310-B01,1,0.06858710562414266,79.2,9865.0
P016,F10,F,10,sample,B-0310,B-0310-B01,1,0.022862368541380886,87.4,9466.0
P016,F11,F,11,sample,B-0310,B-0310-B01,1,0.007620789513793629,97.9,9116.0
P016,F12,F,12,sample,B-0310,B-0310-B01,1,0.002540263171264543,97.2,9498.0
P016,F13,F,13,sample,B-0310,B-0310-B01,2,50.0,35.8,10116.0
P016,F14,F,14,sample,B-0310,B-0310-B01,2,16.666666666666668,30.3,10250.0
P016,F15,F,15,sample,B-0310,B-0310-B01,2,5.555555555555555,31.1,9667.0
P016,F16,F,16,sample,B-0310,B-0310-B01,2,1.8518518518518519,34.5,9990.0
P016,F17,F,17,sample,B-0310,B-0310-B01,2,0.6172839506172839,44.9,10206.0
P016,F18,F,18,sample,B-0310,B-0310-B01,2,0.205761316872428,60.6,9771.0
P016,F19,F,19,sample,B-0310,B-0310-B01,2,0.06858710562414266,81.4,9993.0
P016,F20,F,20,sample,B-0310,B-0310-B01,2,0.022862368541380886,92.2,9324.0
P016,F21,F,21,sample,B-0310,B-0310-B01,2,0.007620789513793629,92.3,9654.0
P016,F22,F,22,sample,B-0310,B-0310-B01,2,0.002540263171264543,97.3,9442.0
P016,G3,G,3,sample,B-0077,B-0077-B01,1,50.0,34.1,10345.0
P016,G4,G,4,sample,B-0077,B-0077-B01,1,16.666666666666668,30.7,9950.0
P016,G5,G,5,sample,B-0077,B-0077-B01,1,5.555555555555555,33.6,10020.0
P016,G6,G,6,sample,B-0077,B-0077-B01,1,1.8518518518518519,32.1,10224.0
P016,G7,G,7,sample,B-0077,B-0077-B01,1,0.6172839506172839,37.7,9625.0
P016,G8,G,8,sample,B-0077,B-0077-B01,1,0.205761316872428,48.5,10205.0
P016,G9,G,9,sample,B-0077,B-0077-B01,1,0.06858710562414266,67.5,9721.0
P016,G10,G,10,sample,B-0077,B-0077-B01,1,0.022862368541380886,85.9,9558.0
P016,G11,G,11,sample,B-0077,B-0077-B01,1,0.007620789513793629,98.0,9033.0
P016,G12,G,12,sample,B-0077,B-0077-B01,1,0.002540263171264543,92.7,8911.0
P016,G13,G,13,sample,B-0077,B-0077-B01,2,50.0,32.5,9726.0
P016,G14,G,14,sample,B-0077,B-0077-B01,2,16.666666666666668,32.1,9799.0
P016,G15,G,15,sample,B-0077,B-0077-B01,2,5.555555555555555,33.8,10196.0
P016,G16,G,16,sample,B-0077,B-0077-B01,2,1.8518518518518519,31.9,10443.0
P016,G17,G,17,sample,B-0077,B-0077-B01,2,0.6172839506172839,37.9,9409.0
P016,G18,G,18,sample,B-0077,B-0077-B01,2,0.205761316872428,51.0,9686.0
P016,G19,G,19,sample,B-0077,B-0077-B01,2,0.06858710562414266,68.1,9521.0
P016,G20,G,20,sample,B-0077,B-0077-B01,2,0.022862368541380886,85.4,9748.0
P016,G21,G,21,sample,B-0077,B-0077-B01,2,0.007620789513793629,97.0,9595.0
P016,G22,G,22,sample,B-0077,B-0077-B01,2,0.002540263171264543,98.9,9528.0
P016,H3,H,3,sample,B-0331,B-0331-B01,1,50.0,29.6,10078.0
P016,H4,H,4,sample,B-0331,B-0331-B01,1,16.666666666666668,34.4,9944.0
P016,H5,H,5,sample,B-0331,B-0331-B01,1,5.555555555555555,35.0,9870.0
P016,H6,H,6,sample,B-0331,B-0331-B01,1,1.8518518518518519,40.9,9746.0
P016,H7,H,7,sample,B-0331,B-0331-B01,1,0.6172839506172839,57.3,9687.0
P016,H8,H,8,sample,B-0331,B-0331-B01,1,0.205761316872428,106.0,9572.0
P016,H9,H,9,sample,B-0331,B-0331-B01,1,0.06858710562414266,87.3,9526.0
P016,H10,H,10,sample,B-0331,B-0331-B01,1,0.022862368541380886,93.4,9199.0
P016,H11,H,11,sample,B-0331,B-0331-B01,1,0.007620789513793629,100.9,8996.0
P016,H12,H,12,sample,B-0331,B-0331-B01,1,0.002540263171264543,98.9,9049.0
P016,H13,H,13,sample,B-0331,B-0331-B01,2,50.0,30.9,9606.0
P016,H14,H,14,sample,B-0331,B-0331-B01,2,16.666666666666668,29.4,9902.0
P016,H15,H,15,sample,B-0331,B-0331-B01,2,5.555555555555555,38.8,9886.0
P016,H16,H,16,sample,B-0331,B-0331-B01,2,1.8518518518518519,40.0,9845.0
P016,H17,H,17,sample,B-0331,B-0331-B01,2,0.6172839506172839,58.9,9798.0
P016,H18,H,18,sample,B-0331,B-0331-B01,2,0.205761316872428,72.9,9385.0
P016,H19,H,19,sample,B-0331,B-0331-B01,2,0.06858710562414266,89.0,9460.0
P016,H20,H,20,sample,B-0331,B-0331-B01,2,0.022862368541380886,95.9,9323.0
P016,H21,H,21,sample,B-0331,B-0331-B01,2,0.007620789513793629,96.9,9154.0
P016,H22,H,22,sample,B-0331,B-0331-B01,2,0.002540263171264543,101.1,9535.0
P016,I3,I,3,sample,A-0350,A-0350-B01,1,50.0,45.2,10392.0
P016,I4,I,4,sample,A-0350,A-0350-B01,1,16.666666666666668,39.2,10300.0
P016,I5,I,5,sample,A-0350,A-0350-B01,1,5.555555555555555,48.2,9572.0
P016,I6,I,6,sample,A-0350,A-0350-B01,1,1.8518518518518519,65.5,9441.0
P016,I7,I,7,sample,A-0350,A-0350-B01,1,0.6172839506172839,78.0,9700.0
P016,I8,I,8,sample,A-0350,A-0350-B01,1,0.205761316872428,93.7,9301.0
P016,I9,I,9,sample,A-0350,A-0350-B01,1,0.06858710562414266,97.0,9628.0
P016,I10,I,10,sample,A-0350,A-0350-B01,1,0.022862368541380886,99.0,9717.0
P016,I11,I,11,sample,A-0350,A-0350-B01,1,0.007620789513793629,99.0,9477.0
P016,I12,I,12,sample,A-0350,A-0350-B01,1,0.002540263171264543,98.5,9668.0
P016,I13,I,13,sample,A-0350,A-0350-B01,2,50.0,65.0,11060.0
P016,I14,I,14,sample,A-0350,A-0350-B01,2,16.666666666666668,35.3,10160.0
P016,I15,I,15,sample,A-0350,A-0350-B01,2,5.555555555555555,50.6,10022.0
P016,I16,I,16,sample,A-0350,A-0350-B01,2,1.8518518518518519,59.4,9868.0
P016,I17,I,17,sample,A-0350,A-0350-B01,2,0.6172839506172839,80.0,9610.0
P016,I18,I,18,sample,A-0350,A-0350-B01,2,0.205761316872428,88.1,9446.0
P016,I19,I,19,sample,A-0350,A-0350-B01,2,0.06858710562414266,95.0,9464.0
P016,I20,I,20,sample,A-0350,A-0350-B01,2,0.022862368541380886,100.3,9387.0
P016,I21,I,21,sample,A-0350,A-0350-B01,2,0.007620789513793629,98.1,9545.0
P016,I22,I,22,sample,A-0350,A-0350-B01,2,0.002540263171264543,102.8,9588.0
P016,J3,J,3,sample,B-0230,B-0230-B01,1,50.0,33.3,9856.0
P016,J4,J,4,sample,B-0230,B-0230-B01,1,16.666666666666668,31.9,10453.0
P016,J5,J,5,sample,B-0230,B-0230-B01,1,5.555555555555555,31.6,10517.0
P016,J6,J,6,sample,B-0230,B-0230-B01,1,1.8518518518518519,31.4,10181.0
P016,J7,J,7,sample,B-0230,B-0230-B01,1,0.6172839506172839,47.4,9734.0
P016,J8,J,8,sample,B-0230,B-0230-B01,1,0.205761316872428,65.8,9590.0
P016,J9,J,9,sample,B-0230,B-0230-B01,1,0.06858710562414266,78.7,9388.0
P016,J10,J,10,sample,B-0230,B-0230-B01,1,0.022862368541380886,96.3,9262.0
P016,J11,J,11,sample,B-0230,B-0230-B01,1,0.007620789513793629,98.5,9137.0
P016,J12,J,12,sample,B-0230,B-0230-B01,1,0.002540263171264543,97.6,9956.0
P016,J13,J,13,sample,B-0230,B-0230-B01,2,50.0,28.9,9622.0
P016,J14,J,14,sample,B-0230,B-0230-B01,2,16.666666666666668,33.3,10374.0
P016,J15,J,15,sample,B-0230,B-0230-B01,2,5.555555555555555,32.5,9844.0
P016,J16,J,16,sample,B-0230,B-0230-B01,2,1.8518518518518519,38.8,9808.0
P016,J17,J,17,sample,B-0230,B-0230-B01,2,0.6172839506172839,48.7,10038.0
P016,J18,J,18,sample,B-0230,B-0230-B01,2,0.205761316872428,64.8,9540.0
P016,J19,J,19,sample,B-0230,B-0230-B01,2,0.06858710562414266,80.0,9461.0
P016,J20,J,20,sample,B-0230,B-0230-B01,2,0.022862368541380886,91.0,9800.0
P016,J21,J,21,sample,B-0230,B-0230-B01,2,0.007620789513793629,99.7,9153.0
P016,J22,J,22,sample,B-0230,B-0230-B01,2,0.002540263171264543,100.0,9467.0
P016,K3,K,3,sample,B-0083,B-0083-B01,1,50.0,29.0,10354.0
P016,K4,K,4,sample,B-0083,B-0083-B01,1,16.666666666666668,29.7,10263.0
P016,K5,K,5,sample,B-0083,B-0083-B01,1,5.555555555555555,30.1,10027.0
P016,K6,K,6,sample,B-0083,B-0083-B01,1,1.8518518518518519,33.4,10417.0
P016,K7,K,7,sample,B-0083,B-0083-B01,1,0.6172839506172839,40.2,10013.0
P016,K8,K,8,sample,B-0083,B-0083-B01,1,0.205761316872428,48.0,9985.0
P016,K9,K,9,sample,B-0083,B-0083-B01,1,0.06858710562414266,60.1,9695.0
P016,K10,K,10,sample,B-0083,B-0083-B01,1,0.022862368541380886,77.5,9289.0
P016,K11,K,11,sample,B-0083,B-0083-B01,1,0.007620789513793629,89.5,9129.0
P016,K12,K,12,sample,B-0083,B-0083-B01,1,0.002540263171264543,95.8,9675.0
P016,K13,K,13,sample,B-0083,B-0083-B01,2,50.0,27.4,9665.0
P016,K14,K,14,sample,B-0083,B-0083-B01,2,16.666666666666668,31.1,9924.0
P016,K15,K,15,sample,B-0083,B-0083-B01,2,5.555555555555555,31.9,10504.0
P016,K16,K,16,sample,B-0083,B-0083-B01,2,1.8518518518518519,34.6,10315.0
P016,K17,K,17,sample,B-0083,B-0083-B01,2,0.6172839506172839,42.1,10081.0
P016,K18,K,18,sample,B-0083,B-0083-B01,2,0.205761316872428,44.3,9640.0
P016,K19,K,19,sample,B-0083,B-0083-B01,2,0.06858710562414266,60.8,9832.0
P016,K20,K,20,sample,B-0083,B-0083-B01,2,0.022862368541380886,78.0,9395.0
P016,K21,K,21,sample,B-0083,B-0083-B01,2,0.007620789513793629,94.6,9542.0
P016,K22,K,22,sample,B-0083,B-0083-B01,2,0.002540263171264543,99.7,9089.0
P016,L3,L,3,sample,B-0074,B-0074-B01,1,50.0,38.2,10170.0
P016,L4,L,4,sample,B-0074,B-0074-B01,1,16.666666666666668,36.9,10459.0
P016,L5,L,5,sample,B-0074,B-0074-B01,1,5.555555555555555,35.4,9789.0
P016,L6,L,6,sample,B-0074,B-0074-B01,1,1.8518518518518519,41.8,9845.0
P016,L7,L,7,sample,B-0074,B-0074-B01,1,0.6172839506172839,47.1,9755.0
P016,L8,L,8,sample,B-0074,B-0074-B01,1,0.205761316872428,66.2,9641.0
P016,L9,L,9,sample,B-0074,B-0074-B01,1,0.06858710562414266,85.2,9507.0
P016,L10,L,10,sample,B-0074,B-0074-B01,1,0.022862368541380886,94.1,9342.0
P016,L11,L,11,sample,B-0074,B-0074-B01,1,0.007620789513793629,98.5,9552.0
P016,L12,L,12,sample,B-0074,B-0074-B01,1,0.002540263171264543,98.0,9552.0
P016,L13,L,13,sample,B-0074,B-0074-B01,2,50.0,32.5,10174.0
P016,L14,L,14,sample,B-0074,B-0074-B01,2,16.666666666666668,33.1,9971.0
P016,L15,L,15,sample,B-0074,B-0074-B01,2,5.555555555555555,29.8,10339.0
P016,L16,L,16,sample,B-0074,B-0074-B01,2,1.8518518518518519,38.4,9722.0
P016,L17,L,17,sample,B-0074,B-0074-B01,2,0.6172839506172839,54.3,9849.0
P016,L18,L,18,sample,B-0074,B-0074-B01,2,0.205761316872428,71.0,9691.0
P016,L19,L,19,sample,B-0074,B-0074-B01,2,0.06858710562414266,85.9,9302.0
P016,L20,L,20,sample,B-0074,B-0074-B01,2,0.022862368541380886,91.9,9464.0
P016,L21,L,21,sample,B-0074,B-0074-B01,2,0.007620789513793629,99.9,9731.0
P016,L22,L,22,sample,B-0074,B-0074-B01,2,0.002540263171264543,99.9,9387.0
P016,M3,M,3,sample,A-0247,A-0247-B01,1,50.0,155.6,16662.0
P016,M4,M,4,sample,A-0247,A-0247-B01,1,16.666666666666668,91.8,12382.0
P016,M5,M,5,sample,A-0247,A-0247-B01,1,5.555555555555555,58.2,9838.0
P016,M6,M,6,sample,A-0247,A-0247-B01,1,1.8518518518518519,42.9,9588.0
P016,M7,M,7,sample,A-0247,A-0247-B01,1,0.6172839506172839,62.4,9805.0
P016,M8,M,8,sample,A-0247,A-0247-B01,1,0.205761316872428,78.8,9383.0
P016,M9,M,9,sample,A-0247,A-0247-B01,1,0.06858710562414266,88.8,9682.0
P016,M10,M,10,sample,A-0247,A-0247-B01,1,0.022862368541380886,94.0,9428.0
P016,M11,M,11,sample,A-0247,A-0247-B01,1,0.007620789513793629,101.8,9481.0
P016,M12,M,12,sample,A-0247,A-0247-B01,1,0.002540263171264543,100.9,9579.0
P016,M13,M,13,sample,A-0247,A-0247-B01,2,50.0,161.9,16556.0
P016,M14,M,14,sample,A-0247,A-0247-B01,2,16.666666666666668,94.9,12449.0
P016,M15,M,15,sample,A-0247,A-0247-B01,2,5.555555555555555,56.2,10472.0
P016,M16,M,16,sample,A-0247,A-0247-B01,2,1.8518518518518519,44.7,9563.0
P016,M17,M,17,sample,A-0247,A-0247-B01,2,0.6172839506172839,56.3,9580.0
P016,M18,M,18,sample,A-0247,A-0247-B01,2,0.205761316872428,80.4,9683.0
P016,M19,M,19,sample,A-0247,A-0247-B01,2,0.06858710562414266,94.0,9682.0
P016,M20,M,20,sample,A-0247,A-0247-B01,2,0.022862368541380886,92.2,9590.0
P016,M21,M,21,sample,A-0247,A-0247-B01,2,0.007620789513793629,102.9,9036.0
P016,M22,M,22,sample,A-0247,A-0247-B01,2,0.002540263171264543,102.9,9835.0
P016,N3,N,3,sample,B-0047,B-0047-B01,1,50.0,31.5,10140.0
P016,N4,N,4,sample,B-0047,B-0047-B01,1,16.666666666666668,32.0,9669.0
P016,N5,N,5,sample,B-0047,B-0047-B01,1,5.555555555555555,39.8,9606.0
P016,N6,N,6,sample,B-0047,B-0047-B01,1,1.8518518518518519,51.8,9773.0
P016,N7,N,7,sample,B-0047,B-0047-B01,1,0.6172839506172839,72.4,9618.0
P016,N8,N,8,sample,B-0047,B-0047-B01,1,0.205761316872428,84.7,9484.0
P016,N9,N,9,sample,B-0047,B-0047-B01,1,0.06858710562414266,94.7,9149.0
P016,N10,N,10,sample,B-0047,B-0047-B01,1,0.022862368541380886,100.0,9829.0
P016,N11,N,11,sample,B-0047,B-0047-B01,1,0.007620789513793629,102.7,9402.0
P016,N12,N,12,sample,B-0047,B-0047-B01,1,0.002540263171264543,103.1,9309.0
P016,N13,N,13,sample,B-0047,B-0047-B01,2,50.0,33.9,10006.0
P016,N14,N,14,sample,B-0047,B-0047-B01,2,16.666666666666668,32.4,9733.0
P016,N15,N,15,sample,B-0047,B-0047-B01,2,5.555555555555555,43.4,10129.0
P016,N16,N,16,sample,B-0047,B-0047-B01,2,1.8518518518518519,50.9,9919.0
P016,N17,N,17,sample,B-0047,B-0047-B01,2,0.6172839506172839,69.7,9854.0
P016,N18,N,18,sample,B-0047,B-0047-B01,2,0.205761316872428,87.3,9349.0
P016,N19,N,19,sample,B-0047,B-0047-B01,2,0.06858710562414266,103.3,9780.0
P016,N20,N,20,sample,B-0047,B-0047-B01,2,0.022862368541380886,95.7,9506.0
P016,N21,N,21,sample,B-0047,B-0047-B01,2,0.007620789513793629,99.2,9655.0
P016,N22,N,22,sample,B-0047,B-0047-B01,2,0.002540263171264543,101.7,9672.0
P017,A1,A,1,high_control,,,0,0.0,60.3,9885.0
P017,A2,A,2,low_control,,,0,0.0,34.9,10283.0
P017,A23,A,23,reference,REF-1,REF-1-B01,1,30.0,32.5,10307.0
P017,A24,A,24,reference,REF-1,REF-1-B01,2,30.0,33.1,10115.0
P017,B1,B,1,high_control,,,0,0.0,57.8,9972.0
P017,B2,B,2,low_control,,,0,0.0,25.2,10317.0
P017,B23,B,23,reference,REF-1,REF-1-B01,1,10.0,29.0,10074.0
P017,B24,B,24,reference,REF-1,REF-1-B01,2,10.0,33.5,10484.0
P017,C1,C,1,high_control,,,0,0.0,61.3,10229.0
P017,C2,C,2,low_control,,,0,0.0,26.9,10548.0
P017,C23,C,23,reference,REF-1,REF-1-B01,1,3.3333333333333335,28.1,9972.0
P017,C24,C,24,reference,REF-1,REF-1-B01,2,3.3333333333333335,36.5,10133.0
P017,D1,D,1,high_control,,,0,0.0,62.1,10175.0
P017,D2,D,2,low_control,,,0,0.0,31.7,9756.0
P017,D23,D,23,reference,REF-1,REF-1-B01,1,1.1111111111111112,31.9,10024.0
P017,D24,D,24,reference,REF-1,REF-1-B01,2,1.1111111111111112,34.7,10153.0
P017,E1,E,1,high_control,,,0,0.0,58.5,9846.0
P017,E2,E,2,low_control,,,0,0.0,28.9,9870.0
P017,E23,E,23,reference,REF-1,REF-1-B01,1,0.37037037037037035,37.4,10071.0
P017,E24,E,24,reference,REF-1,REF-1-B01,2,0.37037037037037035,36.0,9828.0
P017,F1,F,1,high_control,,,0,0.0,58.8,9814.0
P017,F2,F,2,low_control,,,0,0.0,29.8,10198.0
P017,F23,F,23,reference,REF-1,REF-1-B01,1,0.12345679012345678,35.8,10311.0
P017,F24,F,24,reference,REF-1,REF-1-B01,2,0.12345679012345678,40.1,10155.0
P017,G1,G,1,high_control,,,0,0.0,61.3,10289.0
P017,G2,G,2,low_control,,,0,0.0,27.5,9820.0
P017,G23,G,23,reference,REF-1,REF-1-B01,1,0.0411522633744856,46.6,9530.0
P017,G24,G,24,reference,REF-1,REF-1-B01,2,0.0411522633744856,49.5,9923.0
P017,H1,H,1,high_control,,,0,0.0,61.5,10081.0
P017,H2,H,2,low_control,,,0,0.0,33.2,10151.0
P017,H23,H,23,reference,REF-1,REF-1-B01,1,0.013717421124828532,55.1,9873.0
P017,H24,H,24,reference,REF-1,REF-1-B01,2,0.013717421124828532,51.6,9838.0
P017,I1,I,1,high_control,,,0,0.0,62.2,10022.0
P017,I2,I,2,low_control,,,0,0.0,35.0,10246.0
P017,I23,I,23,reference,REF-1,REF-1-B01,1,0.004572473708276178,51.9,9817.0
P017,I24,I,24,reference,REF-1,REF-1-B01,2,0.004572473708276178,58.3,9505.0
P017,J1,J,1,high_control,,,0,0.0,64.9,9902.0
P017,J2,J,2,low_control,,,0,0.0,32.0,9914.0
P017,J23,J,23,reference,REF-1,REF-1-B01,1,0.0015241579027587258,56.6,9582.0
P017,J24,J,24,reference,REF-1,REF-1-B01,2,0.0015241579027587258,56.6,9926.0
P017,K1,K,1,high_control,,,0,0.0,57.2,9852.0
P017,K2,K,2,low_control,,,0,0.0,30.6,10683.0
P017,K23,K,23,high_control,,,0,0.0,57.5,9823.0
P017,K24,K,24,low_control,,,0,0.0,32.8,9918.0
P017,L1,L,1,high_control,,,0,0.0,58.9,9531.0
P017,L2,L,2,low_control,,,0,0.0,32.8,9783.0
P017,L23,L,23,high_control,,,0,0.0,55.8,9523.0
P017,L24,L,24,low_control,,,0,0.0,29.9,10094.0
P017,M1,M,1,high_control,,,0,0.0,58.8,9768.0
P017,M2,M,2,low_control,,,0,0.0,30.6,9927.0
P017,M23,M,23,high_control,,,0,0.0,57.2,9512.0
P017,M24,M,24,low_control,,,0,0.0,33.6,10312.0
P017,N1,N,1,high_control,,,0,0.0,58.6,10232.0
P017,N2,N,2,low_control,,,0,0.0,32.1,9766.0
P017,N23,N,23,high_control,,,0,0.0,52.6,9975.0
P017,N24,N,24,low_control,,,0,0.0,37.2,10423.0
P017,O1,O,1,high_control,,,0,0.0,56.9,9995.0
P017,O2,O,2,low_control,,,0,0.0,30.9,10435.0
P017,O23,O,23,high_control,,,0,0.0,58.1,9913.0
P017,O24,O,24,low_control,,,0,0.0,41.0,10209.0
P017,P1,P,1,high_control,,,0,0.0,62.3,10018.0
P017,P2,P,2,low_control,,,0,0.0,30.5,9941.0
P017,P23,P,23,high_control,,,0,0.0,61.3,9244.0
P017,P24,P,24,low_control,,,0,0.0,36.0,10175.0
P017,A3,A,3,sample,B-0140,B-0140-B01,1,30.0,36.1,9866.0
P017,A4,A,4,sample,B-0140,B-0140-B01,1,10.0,34.2,9656.0
P017,A5,A,5,sample,B-0140,B-0140-B01,1,3.3333333333333335,35.3,10586.0
P017,A6,A,6,sample,B-0140,B-0140-B01,1,1.1111111111111112,38.5,10237.0
P017,A7,A,7,sample,B-0140,B-0140-B01,1,0.37037037037037035,37.6,10118.0
P017,A8,A,8,sample,B-0140,B-0140-B01,1,0.12345679012345678,39.0,9725.0
P017,A9,A,9,sample,B-0140,B-0140-B01,1,0.0411522633744856,51.7,9932.0
P017,A10,A,10,sample,B-0140,B-0140-B01,1,0.013717421124828532,52.9,10047.0
P017,A11,A,11,sample,B-0140,B-0140-B01,1,0.004572473708276178,60.0,9528.0
P017,A12,A,12,sample,B-0140,B-0140-B01,1,0.0015241579027587258,58.8,9683.0
P017,A13,A,13,sample,B-0140,B-0140-B01,2,30.0,36.3,10130.0
P017,A14,A,14,sample,B-0140,B-0140-B01,2,10.0,38.4,10603.0
P017,A15,A,15,sample,B-0140,B-0140-B01,2,3.3333333333333335,33.5,10006.0
P017,A16,A,16,sample,B-0140,B-0140-B01,2,1.1111111111111112,37.1,10051.0
P017,A17,A,17,sample,B-0140,B-0140-B01,2,0.37037037037037035,35.6,9942.0
P017,A18,A,18,sample,B-0140,B-0140-B01,2,0.12345679012345678,40.6,9954.0
P017,A19,A,19,sample,B-0140,B-0140-B01,2,0.0411522633744856,43.3,9954.0
P017,A20,A,20,sample,B-0140,B-0140-B01,2,0.013717421124828532,57.6,10046.0
P017,A21,A,21,sample,B-0140,B-0140-B01,2,0.004572473708276178,56.0,9711.0
P017,A22,A,22,sample,B-0140,B-0140-B01,2,0.0015241579027587258,59.0,9920.0
P017,B3,B,3,sample,B-0056,B-0056-B01,1,30.0,33.6,10157.0
P017,B4,B,4,sample,B-0056,B-0056-B01,1,10.0,31.4,9889.0
P017,B5,B,5,sample,B-0056,B-0056-B01,1,3.3333333333333335,31.5,10406.0
P017,B6,B,6,sample,B-0056,B-0056-B01,1,1.1111111111111112,31.7,9876.0
P017,B7,B,7,sample,B-0056,B-0056-B01,1,0.37037037037037035,32.4,10255.0
P017,B8,B,8,sample,B-0056,B-0056-B01,1,0.12345679012345678,42.3,9472.0
P017,B9,B,9,sample,B-0056,B-0056-B01,1,0.0411522633744856,44.0,9884.0
P017,B10,B,10,sample,B-0056,B-0056-B01,1,0.013717421124828532,50.8,9643.0
P017,B11,B,11,sample,B-0056,B-0056-B01,1,0.004572473708276178,52.8,9617.0
P017,B12,B,12,sample,B-0056,B-0056-B01,1,0.0015241579027587258,58.2,9969.0
P017,B13,B,13,sample,B-0056,B-0056-B01,2,30.0,32.9,10269.0
P017,B14,B,14,sample,B-0056,B-0056-B01,2,10.0,29.4,9855.0
P017,B15,B,15,sample,B-0056,B-0056-B01,2,3.3333333333333335,33.3,10333.0
P017,B16,B,16,sample,B-0056,B-0056-B01,2,1.1111111111111112,33.4,9510.0
P017,B17,B,17,sample,B-0056,B-0056-B01,2,0.37037037037037035,36.7,10416.0
P017,B18,B,18,sample,B-0056,B-0056-B01,2,0.12345679012345678,40.2,9520.0
P017,B19,B,19,sample,B-0056,B-0056-B01,2,0.0411522633744856,47.0,10142.0
P017,B20,B,20,sample,B-0056,B-0056-B01,2,0.013717421124828532,54.9,9521.0
P017,B21,B,21,sample,B-0056,B-0056-B01,2,0.004572473708276178,56.4,9742.0
P017,B22,B,22,sample,B-0056,B-0056-B01,2,0.0015241579027587258,56.7,9963.0
P017,C3,C,3,sample,B-0092,B-0092-B01,1,30.0,28.8,10227.0
P017,C4,C,4,sample,B-0092,B-0092-B01,1,10.0,29.9,10051.0
P017,C5,C,5,sample,B-0092,B-0092-B01,1,3.3333333333333335,31.2,10423.0
P017,C6,C,6,sample,B-0092,B-0092-B01,1,1.1111111111111112,34.3,10237.0
P017,C7,C,7,sample,B-0092,B-0092-B01,1,0.37037037037037035,41.5,9798.0
P017,C8,C,8,sample,B-0092,B-0092-B01,1,0.12345679012345678,44.0,9837.0
P017,C9,C,9,sample,B-0092,B-0092-B01,1,0.0411522633744856,53.2,9451.0
P017,C10,C,10,sample,B-0092,B-0092-B01,1,0.013717421124828532,54.4,9648.0
P017,C11,C,11,sample,B-0092,B-0092-B01,1,0.004572473708276178,56.3,9575.0
P017,C12,C,12,sample,B-0092,B-0092-B01,1,0.0015241579027587258,62.7,10297.0
P017,C13,C,13,sample,B-0092,B-0092-B01,2,30.0,30.8,10308.0
P017,C14,C,14,sample,B-0092,B-0092-B01,2,10.0,26.5,10281.0
P017,C15,C,15,sample,B-0092,B-0092-B01,2,3.3333333333333335,35.3,9862.0
P017,C16,C,16,sample,B-0092,B-0092-B01,2,1.1111111111111112,30.5,10171.0
P017,C17,C,17,sample,B-0092,B-0092-B01,2,0.37037037037037035,34.5,10158.0
P017,C18,C,18,sample,B-0092,B-0092-B01,2,0.12345679012345678,43.3,9678.0
P017,C19,C,19,sample,B-0092,B-0092-B01,2,0.0411522633744856,48.9,10140.0
P017,C20,C,20,sample,B-0092,B-0092-B01,2,0.013717421124828532,53.0,9865.0
P017,C21,C,21,sample,B-0092,B-0092-B01,2,0.004572473708276178,56.6,9856.0
P017,C22,C,22,sample,B-0092,B-0092-B01,2,0.0015241579027587258,50.0,9973.0
P017,D3,D,3,sample,A-0230,A-0230-B01,1,30.0,31.1,10408.0
P017,D4,D,4,sample,A-0230,A-0230-B01,1,10.0,35.8,10082.0
P017,D5,D,5,sample,A-0230,A-0230-B01,1,3.3333333333333335,38.3,9765.0
P017,D6,D,6,sample,A-0230,A-0230-B01,1,1.1111111111111112,49.0,10158.0
P017,D7,D,7,sample,A-0230,A-0230-B01,1,0.37037037037037035,55.4,10359.0
P017,D8,D,8,sample,A-0230,A-0230-B01,1,0.12345679012345678,51.3,10020.0
P017,D9,D,9,sample,A-0230,A-0230-B01,1,0.0411522633744856,56.0,9614.0
P017,D10,D,10,sample,A-0230,A-0230-B01,1,0.013717421124828532,56.8,9795.0
P017,D11,D,11,sample,A-0230,A-0230-B01,1,0.004572473708276178,53.5,9924.0
P017,D12,D,12,sample,A-0230,A-0230-B01,1,0.0015241579027587258,57.5,10098.0
P017,D13,D,13,sample,A-0230,A-0230-B01,2,30.0,35.0,9921.0
P017,D14,D,14,sample,A-0230,A-0230-B01,2,10.0,36.7,9982.0
P017,D15,D,15,sample,A-0230,A-0230-B01,2,3.3333333333333335,44.5,9876.0
P017,D16,D,16,sample,A-0230,A-0230-B01,2,1.1111111111111112,46.8,10271.0
P017,D17,D,17,sample,A-0230,A-0230-B01,2,0.37037037037037035,56.0,10140.0
P017,D18,D,18,sample,A-0230,A-0230-B01,2,0.12345679012345678,54.6,10089.0
P017,D19,D,19,sample,A-0230,A-0230-B01,2,0.0411522633744856,53.6,9649.0
P017,D20,D,20,sample,A-0230,A-0230-B01,2,0.013717421124828532,59.0,9834.0
P017,D21,D,21,sample,A-0230,A-0230-B01,2,0.004572473708276178,57.5,9793.0
P017,D22,D,22,sample,A-0230,A-0230-B01,2,0.0015241579027587258,57.9,9921.0
P017,E3,E,3,sample,A-0029,A-0029-B01,1,30.0,30.6,10091.0
P017,E4,E,4,sample,A-0029,A-0029-B01,1,10.0,33.7,9742.0
P017,E5,E,5,sample,A-0029,A-0029-B01,1,3.3333333333333335,37.5,9876.0
P017,E6,E,6,sample,A-0029,A-0029-B01,1,1.1111111111111112,39.4,9753.0
P017,E7,E,7,sample,A-0029,A-0029-B01,1,0.37037037037037035,52.9,10230.0
P017,E8,E,8,sample,A-0029,A-0029-B01,1,0.12345679012345678,55.0,9951.0
P017,E9,E,9,sample,A-0029,A-0029-B01,1,0.0411522633744856,57.6,9863.0
P017,E10,E,10,sample,A-0029,A-0029-B01,1,0.013717421124828532,56.0,10060.0
P017,E11,E,11,sample,A-0029,A-0029-B01,1,0.004572473708276178,58.7,9947.0
P017,E12,E,12,sample,A-0029,A-0029-B01,1,0.0015241579027587258,55.6,9743.0
P017,E13,E,13,sample,A-0029,A-0029-B01,2,30.0,33.4,10323.0
P017,E14,E,14,sample,A-0029,A-0029-B01,2,10.0,29.5,10019.0
P017,E15,E,15,sample,A-0029,A-0029-B01,2,3.3333333333333335,37.3,10034.0
P017,E16,E,16,sample,A-0029,A-0029-B01,2,1.1111111111111112,43.3,10135.0
P017,E17,E,17,sample,A-0029,A-0029-B01,2,0.37037037037037035,49.4,9566.0
P017,E18,E,18,sample,A-0029,A-0029-B01,2,0.12345679012345678,53.6,9470.0
P017,E19,E,19,sample,A-0029,A-0029-B01,2,0.0411522633744856,55.1,9806.0
P017,E20,E,20,sample,A-0029,A-0029-B01,2,0.013717421124828532,60.7,9815.0
P017,E21,E,21,sample,A-0029,A-0029-B01,2,0.004572473708276178,56.8,9497.0
P017,E22,E,22,sample,A-0029,A-0029-B01,2,0.0015241579027587258,55.3,10230.0
P017,F3,F,3,sample,C-0110,C-0110-B01,1,30.0,29.4,10304.0
P017,F4,F,4,sample,C-0110,C-0110-B01,1,10.0,34.7,9653.0
P017,F5,F,5,sample,C-0110,C-0110-B01,1,3.3333333333333335,37.5,9781.0
P017,F6,F,6,sample,C-0110,C-0110-B01,1,1.1111111111111112,36.6,9643.0
P017,F7,F,7,sample,C-0110,C-0110-B01,1,0.37037037037037035,51.2,9507.0
P017,F8,F,8,sample,C-0110,C-0110-B01,1,0.12345679012345678,52.2,9207.0
P017,F9,F,9,sample,C-0110,C-0110-B01,1,0.0411522633744856,55.7,9957.0
P017,F10,F,10,sample,C-0110,C-0110-B01,1,0.013717421124828532,57.0,9526.0
P017,F11,F,11,sample,C-0110,C-0110-B01,1,0.004572473708276178,57.8,9977.0
P017,F12,F,12,sample,C-0110,C-0110-B01,1,0.0015241579027587258,54.5,9472.0
P017,F13,F,13,sample,C-0110,C-0110-B01,2,30.0,30.0,9477.0
P017,F14,F,14,sample,C-0110,C-0110-B01,2,10.0,37.4,10154.0
P017,F15,F,15,sample,C-0110,C-0110-B01,2,3.3333333333333335,34.4,9899.0
P017,F16,F,16,sample,C-0110,C-0110-B01,2,1.1111111111111112,40.8,9948.0
P017,F17,F,17,sample,C-0110,C-0110-B01,2,0.37037037037037035,47.2,9846.0
P017,F18,F,18,sample,C-0110,C-0110-B01,2,0.12345679012345678,52.3,9386.0
P017,F19,F,19,sample,C-0110,C-0110-B01,2,0.0411522633744856,59.0,9862.0
P017,F20,F,20,sample,C-0110,C-0110-B01,2,0.013717421124828532,55.2,9902.0
P017,F21,F,21,sample,C-0110,C-0110-B01,2,0.004572473708276178,51.0,10136.0
P017,F22,F,22,sample,C-0110,C-0110-B01,2,0.0015241579027587258,56.7,9789.0
P017,G3,G,3,sample,B-0273,B-0273-B01,1,30.0,35.4,10338.0
P017,G4,G,4,sample,B-0273,B-0273-B01,1,10.0,34.0,10068.0
P017,G5,G,5,sample,B-0273,B-0273-B01,1,3.3333333333333335,40.2,10179.0
P017,G6,G,6,sample,B-0273,B-0273-B01,1,1.1111111111111112,46.9,9814.0
P017,G7,G,7,sample,B-0273,B-0273-B01,1,0.37037037037037035,51.5,10051.0
P017,G8,G,8,sample,B-0273,B-0273-B01,1,0.12345679012345678,54.3,10304.0
P017,G9,G,9,sample,B-0273,B-0273-B01,1,0.0411522633744856,57.0,9741.0
P017,G10,G,10,sample,B-0273,B-0273-B01,1,0.013717421124828532,57.5,10053.0
P017,G11,G,11,sample,B-0273,B-0273-B01,1,0.004572473708276178,58.2,9808.0
P017,G12,G,12,sample,B-0273,B-0273-B01,1,0.0015241579027587258,55.5,9675.0
P017,G13,G,13,sample,B-0273,B-0273-B01,2,30.0,29.5,10248.0
P017,G14,G,14,sample,B-0273,B-0273-B01,2,10.0,34.8,9972.0
P017,G15,G,15,sample,B-0273,B-0273-B01,2,3.3333333333333335,39.3,10064.0
P017,G16,G,16,sample,B-0273,B-0273-B01,2,1.1111111111111112,46.6,9792.0
P017,G17,G,17,sample,B-0273,B-0273-B01,2,0.37037037037037035,53.3,9700.0
P017,G18,G,18,sample,B-0273,B-0273-B01,2,0.12345679012345678,55.2,9707.0
P017,G19,G,19,sample,B-0273,B-0273-B01,2,0.0411522633744856,58.8,9930.0
P017,G20,G,20,sample,B-0273,B-0273-B01,2,0.013717421124828532,52.9,9720.0
P017,G21,G,21,sample,B-0273,B-0273-B01,2,0.004572473708276178,55.1,9889.0
P017,G22,G,22,sample,B-0273,B-0273-B01,2,0.0015241579027587258,56.0,9914.0
P017,H3,H,3,sample,B-0183,B-0183-B01,1,30.0,33.1,9865.0
P017,H4,H,4,sample,B-0183,B-0183-B01,1,10.0,26.0,9633.0
P017,H5,H,5,sample,B-0183,B-0183-B01,1,3.3333333333333335,30.3,10201.0
P017,H6,H,6,sample,B-0183,B-0183-B01,1,1.1111111111111112,28.9,9657.0
P017,H7,H,7,sample,B-0183,B-0183-B01,1,0.37037037037037035,40.3,10026.0
P017,H8,H,8,sample,B-0183,B-0183-B01,1,0.12345679012345678,43.3,9938.0
P017,H9,H,9,sample,B-0183,B-0183-B01,1,0.0411522633744856,53.7,10149.0
P017,H10,H,10,sample,B-0183,B-0183-B01,1,0.013717421124828532,52.8,9757.0
P017,H11,H,11,sample,B-0183,B-0183-B01,1,0.004572473708276178,54.5,9913.0
P017,H12,H,12,sample,B-0183,B-0183-B01,1,0.0015241579027587258,59.9,9946.0
P017,H13,H,13,sample,B-0183,B-0183-B01,2,30.0,33.6,9974.0
P017,H14,H,14,sample,B-0183,B-0183-B01,2,10.0,33.7,9751.0
P017,H15,H,15,sample,B-0183,B-0183-B01,2,3.3333333333333335,31.2,9925.0
P017,H16,H,16,sample,B-0183,B-0183-B01,2,1.1111111111111112,30.5,10171.0
P017,H17,H,17,sample,B-0183,B-0183-B01,2,0.37037037037037035,36.3,9923.0
P017,H18,H,18,sample,B-0183,B-0183-B01,2,0.12345679012345678,42.1,10286.0
P017,H19,H,19,sample,B-0183,B-0183-B01,2,0.0411522633744856,52.3,9597.0
P017,H20,H,20,sample,B-0183,B-0183-B01,2,0.013717421124828532,53.1,9641.0
P017,H21,H,21,sample,B-0183,B-0183-B01,2,0.004572473708276178,54.7,9757.0
P017,H22,H,22,sample,B-0183,B-0183-B01,2,0.0015241579027587258,56.5,10228.0
P017,I3,I,3,sample,A-0045,A-0045-B01,1,30.0,55.4,9680.0
P017,I4,I,4,sample,A-0045,A-0045-B01,1,10.0,35.3,9888.0
P017,I5,I,5,sample,A-0045,A-0045-B01,1,3.3333333333333335,44.0,9860.0
P017,I6,I,6,sample,A-0045,A-0045-B01,1,1.1111111111111112,49.8,9580.0
P017,I7,I,7,sample,A-0045,A-0045-B01,1,0.37037037037037035,53.7,9925.0
P017,I8,I,8,sample,A-0045,A-0045-B01,1,0.12345679012345678,56.6,9886.0
P017,I9,I,9,sample,A-0045,A-0045-B01,1,0.0411522633744856,50.8,9292.0
P017,I10,I,10,sample,A-0045,A-0045-B01,1,0.013717421124828532,56.3,10041.0
P017,I11,I,11,sample,A-0045,A-0045-B01,1,0.004572473708276178,55.7,9790.0
P017,I12,I,12,sample,A-0045,A-0045-B01,1,0.0015241579027587258,57.3,10267.0
P017,I13,I,13,sample,A-0045,A-0045-B01,2,30.0,33.4,10069.0
P017,I14,I,14,sample,A-0045,A-0045-B01,2,10.0,37.0,10161.0
P017,I15,I,15,sample,A-0045,A-0045-B01,2,3.3333333333333335,36.8,9785.0
P017,I16,I,16,sample,A-0045,A-0045-B01,2,1.1111111111111112,50.0,9898.0
P017,I17,I,17,sample,A-0045,A-0045-B01,2,0.37037037037037035,55.0,10104.0
P017,I18,I,18,sample,A-0045,A-0045-B01,2,0.12345679012345678,55.5,9685.0
P017,I19,I,19,sample,A-0045,A-0045-B01,2,0.0411522633744856,52.3,9784.0
P017,I20,I,20,sample,A-0045,A-0045-B01,2,0.013717421124828532,58.6,9498.0
P017,I21,I,21,sample,A-0045,A-0045-B01,2,0.004572473708276178,53.7,9859.0
P017,I22,I,22,sample,A-0045,A-0045-B01,2,0.0015241579027587258,57.7,9455.0
P017,J3,J,3,sample,B-0192,B-0192-B01,1,30.0,32.4,9843.0
P017,J4,J,4,sample,B-0192,B-0192-B01,1,10.0,32.2,9982.0
P017,J5,J,5,sample,B-0192,B-0192-B01,1,3.3333333333333335,32.7,9571.0
P017,J6,J,6,sample,B-0192,B-0192-B01,1,1.1111111111111112,29.7,10328.0
P017,J7,J,7,sample,B-0192,B-0192-B01,1,0.37037037037037035,29.6,10124.0
P017,J8,J,8,sample,B-0192,B-0192-B01,1,0.12345679012345678,34.3,9496.0
P017,J9,J,9,sample,B-0192,B-0192-B01,1,0.0411522633744856,39.6,9850.0
P017,J10,J,10,sample,B-0192,B-0192-B01,1,0.013717421124828532,42.7,10065.0
P017,J11,J,11,sample,B-0192,B-0192-B01,1,0.004572473708276178,49.9,10161.0
P017,J12,J,12,sample,B-0192,B-0192-B01,1,0.0015241579027587258,58.8,9735.0
P017,J13,J,13,sample,B-0192,B-0192-B01,2,30.0,28.4,10027.0
P017,J14,J,14,sample,B-0192,B-0192-B01,2,10.0,30.6,9731.0
P017,J15,J,15,sample,B-0192,B-0192-B01,2,3.3333333333333335,26.2,10247.0
P017,J16,J,16,sample,B-0192,B-0192-B01,2,1.1111111111111112,33.2,10122.0
P017,J17,J,17,sample,B-0192,B-0192-B01,2,0.37037037037037035,33.9,9873.0
P017,J18,J,18,sample,B-0192,B-0192-B01,2,0.12345679012345678,34.1,9910.0
P017,J19,J,19,sample,B-0192,B-0192-B01,2,0.0411522633744856,36.2,10131.0
P017,J20,J,20,sample,B-0192,B-0192-B01,2,0.013717421124828532,45.3,9995.0
P017,J21,J,21,sample,B-0192,B-0192-B01,2,0.004572473708276178,51.1,9691.0
P017,J22,J,22,sample,B-0192,B-0192-B01,2,0.0015241579027587258,53.6,9815.0
P017,K3,K,3,sample,B-0235,B-0235-B01,1,30.0,31.9,9889.0
P017,K4,K,4,sample,B-0235,B-0235-B01,1,10.0,31.1,9971.0
P017,K5,K,5,sample,B-0235,B-0235-B01,1,3.3333333333333335,30.5,10091.0
P017,K6,K,6,sample,B-0235,B-0235-B01,1,1.1111111111111112,27.2,9842.0
P017,K7,K,7,sample,B-0235,B-0235-B01,1,0.37037037037037035,30.6,9971.0
P017,K8,K,8,sample,B-0235,B-0235-B01,1,0.12345679012345678,34.7,9936.0
P017,K9,K,9,sample,B-0235,B-0235-B01,1,0.0411522633744856,40.1,9792.0
P017,K10,K,10,sample,B-0235,B-0235-B01,1,0.013717421124828532,50.5,10007.0
P017,K11,K,11,sample,B-0235,B-0235-B01,1,0.004572473708276178,52.9,10070.0
P017,K12,K,12,sample,B-0235,B-0235-B01,1,0.0015241579027587258,56.1,9338.0
P017,K13,K,13,sample,B-0235,B-0235-B01,2,30.0,33.6,9943.0
P017,K14,K,14,sample,B-0235,B-0235-B01,2,10.0,30.4,10273.0
P017,K15,K,15,sample,B-0235,B-0235-B01,2,3.3333333333333335,29.6,9823.0
P017,K16,K,16,sample,B-0235,B-0235-B01,2,1.1111111111111112,30.2,9939.0
P017,K17,K,17,sample,B-0235,B-0235-B01,2,0.37037037037037035,32.2,9652.0
P017,K18,K,18,sample,B-0235,B-0235-B01,2,0.12345679012345678,32.4,9816.0
P017,K19,K,19,sample,B-0235,B-0235-B01,2,0.0411522633744856,40.7,10035.0
P017,K20,K,20,sample,B-0235,B-0235-B01,2,0.013717421124828532,44.0,9080.0
P017,K21,K,21,sample,B-0235,B-0235-B01,2,0.004572473708276178,52.4,9748.0
P017,K22,K,22,sample,B-0235,B-0235-B01,2,0.0015241579027587258,53.2,9508.0
P017,L3,L,3,sample,C-0080,C-0080-B01,1,30.0,32.4,9959.0
P017,L4,L,4,sample,C-0080,C-0080-B01,1,10.0,30.0,9732.0
P017,L5,L,5,sample,C-0080,C-0080-B01,1,3.3333333333333335,38.8,9999.0
P017,L6,L,6,sample,C-0080,C-0080-B01,1,1.1111111111111112,41.0,9603.0
P017,L7,L,7,sample,C-0080,C-0080-B01,1,0.37037037037037035,51.8,9587.0
P017,L8,L,8,sample,C-0080,C-0080-B01,1,0.12345679012345678,52.7,9895.0
P017,L9,L,9,sample,C-0080,C-0080-B01,1,0.0411522633744856,56.0,9760.0
P017,L10,L,10,sample,C-0080,C-0080-B01,1,0.013717421124828532,63.4,9713.0
P017,L11,L,11,sample,C-0080,C-0080-B01,1,0.004572473708276178,57.5,9988.0
P017,L12,L,12,sample,C-0080,C-0080-B01,1,0.0015241579027587258,52.6,9833.0
P017,L13,L,13,sample,C-0080,C-0080-B01,2,30.0,27.3,10329.0
P017,L14,L,14,sample,C-0080,C-0080-B01,2,10.0,33.2,10217.0
P017,L15,L,15,sample,C-0080,C-0080-B01,2,3.3333333333333335,33.3,10385.0
P017,L16,L,16,sample,C-0080,C-0080-B01,2,1.1111111111111112,40.4,9435.0
P017,L17,L,17,sample,C-0080,C-0080-B01,2,0.37037037037037035,48.8,9849.0
P017,L18,L,18,sample,C-0080,C-0080-B01,2,0.12345679012345678,53.9,10219.0
P017,L19,L,19,sample,C-0080,C-0080-B01,2,0.0411522633744856,53.9,9544.0
P017,L20,L,20,sample,C-0080,C-0080-B01,2,0.013717421124828532,54.8,9967.0
P017,L21,L,21,sample,C-0080,C-0080-B01,2,0.004572473708276178,58.6,9948.0
P017,L22,L,22,sample,C-0080,C-0080-B01,2,0.0015241579027587258,53.0,9787.0
P017,M3,M,3,sample,B-0116,B-0116-B01,1,30.0,34.6,10248.0
P017,M4,M,4,sample,B-0116,B-0116-B01,1,10.0,39.4,9713.0
P017,M5,M,5,sample,B-0116,B-0116-B01,1,3.3333333333333335,39.0,9687.0
P017,M6,M,6,sample,B-0116,B-0116-B01,1,1.1111111111111112,46.1,9539.0
P017,M7,M,7,sample,B-0116,B-0116-B01,1,0.37037037037037035,50.8,9940.0
P017,M8,M,8,sample,B-0116,B-0116-B01,1,0.12345679012345678,56.9,9788.0
P017,M9,M,9,sample,B-0116,B-0116-B01,1,0.0411522633744856,54.6,9883.0
P017,M10,M,10,sample,B-0116,B-0116-B01,1,0.013717421124828532,55.7,9363.0
P017,M11,M,11,sample,B-0116,B-0116-B01,1,0.004572473708276178,59.6,10103.0
P017,M12,M,12,sample,B-0116,B-0116-B01,1,0.0015241579027587258,52.5,10137.0
P017,M13,M,13,sample,B-0116,B-0116-B01,2,30.0,30.0,10458.0
P017,M14,M,14,sample,B-0116,B-0116-B01,2,10.0,35.8,10076.0
P017,M15,M,15,sample,B-0116,B-0116-B01,2,3.3333333333333335,38.2,9274.0
P017,M16,M,16,sample,B-0116,B-0116-B01,2,1.1111111111111112,48.0,9356.0
P017,M17,M,17,sample,B-0116,B-0116-B01,2,0.37037037037037035,51.3,9864.0
P017,M18,M,18,sample,B-0116,B-0116-B01,2,0.12345679012345678,58.1,9561.0
P017,M19,M,19,sample,B-0116,B-0116-B01,2,0.0411522633744856,55.8,9915.0
P017,M20,M,20,sample,B-0116,B-0116-B01,2,0.013717421124828532,56.1,9702.0
P017,M21,M,21,sample,B-0116,B-0116-B01,2,0.004572473708276178,54.2,9542.0
P017,M22,M,22,sample,B-0116,B-0116-B01,2,0.0015241579027587258,53.9,9840.0
P017,N3,N,3,sample,B-0026,B-0026-B01,1,30.0,33.3,10113.0
P017,N4,N,4,sample,B-0026,B-0026-B01,1,10.0,30.6,10014.0
P017,N5,N,5,sample,B-0026,B-0026-B01,1,3.3333333333333335,33.1,10288.0
P017,N6,N,6,sample,B-0026,B-0026-B01,1,1.1111111111111112,37.8,9978.0
P017,N7,N,7,sample,B-0026,B-0026-B01,1,0.37037037037037035,49.9,10004.0
P017,N8,N,8,sample,B-0026,B-0026-B01,1,0.12345679012345678,49.1,10147.0
P017,N9,N,9,sample,B-0026,B-0026-B01,1,0.0411522633744856,52.1,9895.0
P017,N10,N,10,sample,B-0026,B-0026-B01,1,0.013717421124828532,55.8,9810.0
P017,N11,N,11,sample,B-0026,B-0026-B01,1,0.004572473708276178,62.3,9554.0
P017,N12,N,12,sample,B-0026,B-0026-B01,1,0.0015241579027587258,56.6,9736.0
P017,N13,N,13,sample,B-0026,B-0026-B01,2,30.0,28.9,10072.0
P017,N14,N,14,sample,B-0026,B-0026-B01,2,10.0,29.5,10138.0
P017,N15,N,15,sample,B-0026,B-0026-B01,2,3.3333333333333335,36.0,10125.0
P017,N16,N,16,sample,B-0026,B-0026-B01,2,1.1111111111111112,36.1,9668.0
P017,N17,N,17,sample,B-0026,B-0026-B01,2,0.37037037037037035,44.8,9893.0
P017,N18,N,18,sample,B-0026,B-0026-B01,2,0.12345679012345678,48.3,9870.0
P017,N19,N,19,sample,B-0026,B-0026-B01,2,0.0411522633744856,54.8,9800.0
P017,N20,N,20,sample,B-0026,B-0026-B01,2,0.013717421124828532,55.5,10084.0
P017,N21,N,21,sample,B-0026,B-0026-B01,2,0.004572473708276178,52.7,10196.0
P017,N22,N,22,sample,B-0026,B-0026-B01,2,0.0015241579027587258,54.3,9672.0
P017,O3,O,3,sample,A-0251,A-0251-B01,1,30.0,29.8,10314.0
P017,O4,O,4,sample,A-0251,A-0251-B01,1,10.0,33.2,10389.0
P017,O5,O,5,sample,A-0251,A-0251-B01,1,3.3333333333333335,45.2,9920.0
P017,O6,O,6,sample,A-0251,A-0251-B01,1,1.1111111111111112,47.2,10103.0
P017,O7,O,7,sample,A-0251,A-0251-B01,1,0.37037037037037035,51.0,9821.0
P017,O8,O,8,sample,A-0251,A-0251-B01,1,0.12345679012345678,52.0,9566.0
P017,O9,O,9,sample,A-0251,A-0251-B01,1,0.0411522633744856,56.5,9847.0
P017,O10,O,10,sample,A-0251,A-0251-B01,1,0.013717421124828532,55.9,9602.0
P017,O11,O,11,sample,A-0251,A-0251-B01,1,0.004572473708276178,59.3,9339.0
P017,O12,O,12,sample,A-0251,A-0251-B01,1,0.0015241579027587258,56.4,9767.0
P017,O13,O,13,sample,A-0251,A-0251-B01,2,30.0,36.5,9884.0
P017,O14,O,14,sample,A-0251,A-0251-B01,2,10.0,37.9,10077.0
P017,O15,O,15,sample,A-0251,A-0251-B01,2,3.3333333333333335,47.5,9893.0
P017,O16,O,16,sample,A-0251,A-0251-B01,2,1.1111111111111112,51.5,9831.0
P017,O17,O,17,sample,A-0251,A-0251-B01,2,0.37037037037037035,53.6,9807.0
P017,O18,O,18,sample,A-0251,A-0251-B01,2,0.12345679012345678,53.0,9824.0
P017,O19,O,19,sample,A-0251,A-0251-B01,2,0.0411522633744856,53.9,9853.0
P017,O20,O,20,sample,A-0251,A-0251-B01,2,0.013717421124828532,57.3,10091.0
P017,O21,O,21,sample,A-0251,A-0251-B01,2,0.004572473708276178,59.8,9546.0
P017,O22,O,22,sample,A-0251,A-0251-B01,2,0.0015241579027587258,57.6,9303.0
P017,P3,P,3,sample,B-0284,B-0284-B01,1,30.0,31.3,10265.0
P017,P4,P,4,sample,B-0284,B-0284-B01,1,10.0,36.3,10275.0
P017,P5,P,5,sample,B-0284,B-0284-B01,1,3.3333333333333335,34.9,10278.0
P017,P6,P,6,sample,B-0284,B-0284-B01,1,1.1111111111111112,35.2,10432.0
P017,P7,P,7,sample,B-0284,B-0284-B01,1,0.37037037037037035,40.7,9926.0
P017,P8,P,8,sample,B-0284,B-0284-B01,1,0.12345679012345678,49.4,10193.0
P017,P9,P,9,sample,B-0284,B-0284-B01,1,0.0411522633744856,54.9,9787.0
P017,P10,P,10,sample,B-0284,B-0284-B01,1,0.013717421124828532,57.8,9997.0
P017,P11,P,11,sample,B-0284,B-0284-B01,1,0.004572473708276178,60.0,10165.0
P017,P12,P,12,sample,B-0284,B-0284-B01,1,0.0015241579027587258,60.8,10131.0
P017,P13,P,13,sample,B-0284,B-0284-B01,2,30.0,33.0,10149.0
P017,P14,P,14,sample,B-0284,B-0284-B01,2,10.0,38.1,10993.0
P017,P15,P,15,sample,B-0284,B-0284-B01,2,3.3333333333333335,36.6,9879.0
P017,P16,P,16,sample,B-0284,B-0284-B01,2,1.1111111111111112,33.9,10509.0
P017,P17,P,17,sample,B-0284,B-0284-B01,2,0.37037037037037035,40.4,10751.0
P017,P18,P,18,sample,B-0284,B-0284-B01,2,0.12345679012345678,45.3,10171.0
P017,P19,P,19,sample,B-0284,B-0284-B01,2,0.0411522633744856,52.9,10074.0
P017,P20,P,20,sample,B-0284,B-0284-B01,2,0.013717421124828532,55.2,9964.0
P017,P21,P,21,sample,B-0284,B-0284-B01,2,0.004572473708276178,59.5,10160.0
P017,P22,P,22,sample,B-0284,B-0284-B01,2,0.0015241579027587258,57.6,10273.0
P018,A1,A,1,high_control,,,0,0.0,70.7,10040.0
P018,A2,A,2,low_control,,,0,0.0,44.5,9902.0
P018,A23,A,23,reference,REF-1,REF-1-B01,1,30.0,42.9,10305.0
P018,A24,A,24,reference,REF-1,REF-1-B01,2,30.0,43.7,10060.0
P018,B1,B,1,high_control,,,0,0.0,65.4,9843.0
P018,B2,B,2,low_control,,,0,0.0,40.6,10085.0
P018,B23,B,23,reference,REF-1,REF-1-B01,1,10.0,38.2,9679.0
P018,B24,B,24,reference,REF-1,REF-1-B01,2,10.0,39.5,10282.0
P018,C1,C,1,high_control,,,0,0.0,65.6,10096.0
P018,C2,C,2,low_control,,,0,0.0,35.9,10009.0
P018,C23,C,23,reference,REF-1,REF-1-B01,1,3.3333333333333335,38.2,10057.0
P018,C24,C,24,reference,REF-1,REF-1-B01,2,3.3333333333333335,43.0,10106.0
P018,D1,D,1,high_control,,,0,0.0,71.0,9743.0
P018,D2,D,2,low_control,,,0,0.0,38.8,10109.0
P018,D23,D,23,reference,REF-1,REF-1-B01,1,1.1111111111111112,45.1,9836.0
P018,D24,D,24,reference,REF-1,REF-1-B01,2,1.1111111111111112,43.1,10466.0
P018,E1,E,1,high_control,,,0,0.0,65.3,10162.0
P018,E2,E,2,low_control,,,0,0.0,37.2,9733.0
P018,E23,E,23,reference,REF-1,REF-1-B01,1,0.37037037037037035,39.7,9899.0
P018,E24,E,24,reference,REF-1,REF-1-B01,2,0.37037037037037035,66.0,10475.0
P018,F1,F,1,high_control,,,0,0.0,67.6,9517.0
P018,F2,F,2,low_control,,,0,0.0,34.8,10357.0
P018,F23,F,23,reference,REF-1,REF-1-B01,1,0.12345679012345678,48.9,10050.0
P018,F24,F,24,reference,REF-1,REF-1-B01,2,0.12345679012345678,52.7,10231.0
P018,G1,G,1,high_control,,,0,0.0,73.4,9658.0
P018,G2,G,2,low_control,,,0,0.0,38.7,9791.0
P018,G23,G,23,reference,REF-1,REF-1-B01,1,0.0411522633744856,53.8,9993.0
P018,G24,G,24,reference,REF-1,REF-1-B01,2,0.0411522633744856,58.5,9980.0
P018,H1,H,1,high_control,,,0,0.0,67.8,9532.0
P018,H2,H,2,low_control,,,0,0.0,36.1,10085.0
P018,H23,H,23,reference,REF-1,REF-1-B01,1,0.013717421124828532,64.8,9651.0
P018,H24,H,24,reference,REF-1,REF-1-B01,2,0.013717421124828532,63.2,10166.0
P018,I1,I,1,high_control,,,0,0.0,71.3,9816.0
P018,I2,I,2,low_control,,,0,0.0,36.5,9938.0
P018,I23,I,23,reference,REF-1,REF-1-B01,1,0.004572473708276178,62.6,9776.0
P018,I24,I,24,reference,REF-1,REF-1-B01,2,0.004572473708276178,64.4,9842.0
P018,J1,J,1,high_control,,,0,0.0,69.2,10083.0
P018,J2,J,2,low_control,,,0,0.0,36.5,9967.0
P018,J23,J,23,reference,REF-1,REF-1-B01,1,0.0015241579027587258,68.5,9846.0
P018,J24,J,24,reference,REF-1,REF-1-B01,2,0.0015241579027587258,66.9,10197.0
P018,K1,K,1,high_control,,,0,0.0,69.7,9602.0
P018,K2,K,2,low_control,,,0,0.0,36.4,10206.0
P018,K23,K,23,high_control,,,0,0.0,62.8,9947.0
P018,K24,K,24,low_control,,,0,0.0,44.6,10450.0
P018,L1,L,1,high_control,,,0,0.0,72.3,9838.0
P018,L2,L,2,low_control,,,0,0.0,42.3,9984.0
P018,L23,L,23,high_control,,,0,0.0,55.6,9916.0
P018,L24,L,24,low_control,,,0,0.0,41.7,10158.0
P018,M1,M,1,high_control,,,0,0.0,69.9,9819.0
P018,M2,M,2,low_control,,,0,0.0,43.8,10772.0
P018,M23,M,23,high_control,,,0,0.0,61.5,9493.0
P018,M24,M,24,low_control,,,0,0.0,45.0,10280.0
P018,N1,N,1,high_control,,,0,0.0,66.9,9375.0
P018,N2,N,2,low_control,,,0,0.0,39.8,9793.0
P018,N23,N,23,high_control,,,0,0.0,68.1,9889.0
P018,N24,N,24,low_control,,,0,0.0,41.7,10320.0
P018,O1,O,1,high_control,,,0,0.0,66.4,9880.0
P018,O2,O,2,low_control,,,0,0.0,37.0,9953.0
P018,O23,O,23,high_control,,,0,0.0,64.8,9939.0
P018,O24,O,24,low_control,,,0,0.0,41.8,9414.0
P018,P1,P,1,high_control,,,0,0.0,70.3,10025.0
P018,P2,P,2,low_control,,,0,0.0,45.4,10524.0
P018,P23,P,23,high_control,,,0,0.0,67.8,10004.0
P018,P24,P,24,low_control,,,0,0.0,42.3,10108.0
P018,A3,A,3,sample,B-0036,B-0036-B01,1,30.0,41.5,10046.0
P018,A4,A,4,sample,B-0036,B-0036-B01,1,10.0,46.5,10145.0
P018,A5,A,5,sample,B-0036,B-0036-B01,1,3.3333333333333335,37.0,10259.0
P018,A6,A,6,sample,B-0036,B-0036-B01,1,1.1111111111111112,43.2,10131.0
P018,A7,A,7,sample,B-0036,B-0036-B01,1,0.37037037037037035,44.9,9645.0
P018,A8,A,8,sample,B-0036,B-0036-B01,1,0.12345679012345678,46.3,10096.0
P018,A9,A,9,sample,B-0036,B-0036-B01,1,0.0411522633744856,48.3,10337.0
P018,A10,A,10,sample,B-0036,B-0036-B01,1,0.013717421124828532,54.6,10441.0
P018,A11,A,11,sample,B-0036,B-0036-B01,1,0.004572473708276178,71.0,9325.0
P018,A12,A,12,sample,B-0036,B-0036-B01,1,0.0015241579027587258,69.3,10430.0
P018,A13,A,13,sample,B-0036,B-0036-B01,2,30.0,40.0,10491.0
P018,A14,A,14,sample,B-0036,B-0036-B01,2,10.0,44.1,9859.0
P018,A15,A,15,sample,B-0036,B-0036-B01,2,3.3333333333333335,40.1,9963.0
P018,A16,A,16,sample,B-0036,B-0036-B01,2,1.1111111111111112,39.6,10596.0
P018,A17,A,17,sample,B-0036,B-0036-B01,2,0.37037037037037035,45.2,10255.0
P018,A18,A,18,sample,B-0036,B-0036-B01,2,0.12345679012345678,50.4,10280.0
P018,A19,A,19,sample,B-0036,B-0036-B01,2,0.0411522633744856,50.2,9815.0
P018,A20,A,20,sample,B-0036,B-0036-B01,2,0.013717421124828532,59.3,10254.0
P018,A21,A,21,sample,B-0036,B-0036-B01,2,0.004572473708276178,62.1,10007.0
P018,A22,A,22,sample,B-0036,B-0036-B01,2,0.0015241579027587258,72.9,9739.0
P018,B3,B,3,sample,C-0052,C-0052-B01,1,30.0,41.3,10210.0
P018,B4,B,4,sample,C-0052,C-0052-B01,1,10.0,43.7,9953.0
P018,B5,B,5,sample,C-0052,C-0052-B01,1,3.3333333333333335,51.5,9531.0
P018,B6,B,6,sample,C-0052,C-0052-B01,1,1.1111111111111112,56.0,9956.0
P018,B7,B,7,sample,C-0052,C-0052-B01,1,0.37037037037037035,61.8,10272.0
P018,B8,B,8,sample,C-0052,C-0052-B01,1,0.12345679012345678,62.0,9772.0
P018,B9,B,9,sample,C-0052,C-0052-B01,1,0.0411522633744856,63.9,9537.0
P018,B10,B,10,sample,C-0052,C-0052-B01,1,0.013717421124828532,62.2,9815.0
P018,B11,B,11,sample,C-0052,C-0052-B01,1,0.004572473708276178,64.6,9797.0
P018,B12,B,12,sample,C-0052,C-0052-B01,1,0.0015241579027587258,63.5,9835.0
P018,B13,B,13,sample,C-0052,C-0052-B01,2,30.0,40.9,9953.0
P018,B14,B,14,sample,C-0052,C-0052-B01,2,10.0,37.5,9903.0
P018,B15,B,15,sample,C-0052,C-0052-B01,2,3.3333333333333335,48.7,9614.0
P018,B16,B,16,sample,C-0052,C-0052-B01,2,1.1111111111111112,51.1,9811.0
P018,B17,B,17,sample,C-0052,C-0052-B01,2,0.37037037037037035,61.6,9649.0
P018,B18,B,18,sample,C-0052,C-0052-B01,2,0.12345679012345678,62.7,9749.0
P018,B19,B,19,sample,C-0052,C-0052-B01,2,0.0411522633744856,64.9,10474.0
P018,B20,B,20,sample,C-0052,C-0052-B01,2,0.013717421124828532,65.6,9794.0
P018,B21,B,21,sample,C-0052,C-0052-B01,2,0.004572473708276178,64.6,9884.0
P018,B22,B,22,sample,C-0052,C-0052-B01,2,0.0015241579027587258,63.5,9741.0
P018,C3,C,3,sample,B-0141,B-0141-B01,1,30.0,40.3,10065.0
P018,C4,C,4,sample,B-0141,B-0141-B01,1,10.0,40.1,10093.0
P018,C5,C,5,sample,B-0141,B-0141-B01,1,3.3333333333333335,38.4,10435.0
P018,C6,C,6,sample,B-0141,B-0141-B01,1,1.1111111111111112,38.6,10269.0
P018,C7,C,7,sample,B-0141,B-0141-B01,1,0.37037037037037035,46.2,10467.0
P018,C8,C,8,sample,B-0141,B-0141-B01,1,0.12345679012345678,43.2,9678.0
P018,C9,C,9,sample,B-0141,B-0141-B01,1,0.0411522633744856,50.4,10132.0
P018,C10,C,10,sample,B-0141,B-0141-B01,1,0.013717421124828532,56.7,9727.0
P018,C11,C,11,sample,B-0141,B-0141-B01,1,0.004572473708276178,61.1,9346.0
P018,C12,C,12,sample,B-0141,B-0141-B01,1,0.0015241579027587258,64.7,9809.0
P018,C13,C,13,sample,B-0141,B-0141-B01,2,30.0,37.1,9795.0
P018,C14,C,14,sample,B-0141,B-0141-B01,2,10.0,40.3,9905.0
P018,C15,C,15,sample,B-0141,B-0141-B01,2,3.3333333333333335,40.0,9764.0
P018,C16,C,16,sample,B-0141,B-0141-B01,2,1.1111111111111112,34.7,10340.0
P018,C17,C,17,sample,B-0141,B-0141-B01,2,0.37037037037037035,42.8,10013.0
P018,C18,C,18,sample,B-0141,B-0141-B01,2,0.12345679012345678,41.8,10530.0
P018,C19,C,19,sample,B-0141,B-0141-B01,2,0.0411522633744856,52.6,9908.0
P018,C20,C,20,sample,B-0141,B-0141-B01,2,0.013717421124828532,54.9,9571.0
P018,C21,C,21,sample,B-0141,B-0141-B01,2,0.004572473708276178,60.8,9978.0
P018,C22,C,22,sample,B-0141,B-0141-B01,2,0.0015241579027587258,66.1,10214.0
P018,D3,D,3,sample,C-0004,C-0004-B01,1,30.0,41.8,10098.0
P018,D4,D,4,sample,C-0004,C-0004-B01,1,10.0,46.8,9800.0
P018,D5,D,5,sample,C-0004,C-0004-B01,1,3.3333333333333335,56.7,9960.0
P018,D6,D,6,sample,C-0004,C-0004-B01,1,1.1111111111111112,62.5,10150.0
P018,D7,D,7,sample,C-0004,C-0004-B01,1,0.37037037037037035,64.1,9377.0
P018,D8,D,8,sample,C-0004,C-0004-B01,1,0.12345679012345678,63.2,9926.0
P018,D9,D,9,sample,C-0004,C-0004-B01,1,0.0411522633744856,62.9,9497.0
P018,D10,D,10,sample,C-0004,C-0004-B01,1,0.013717421124828532,63.1,9696.0
P018,D11,D,11,sample,C-0004,C-0004-B01,1,0.004572473708276178,60.2,9837.0
P018,D12,D,12,sample,C-0004,C-0004-B01,1,0.0015241579027587258,68.0,9620.0
P018,D13,D,13,sample,C-0004,C-0004-B01,2,30.0,43.7,10381.0
P018,D14,D,14,sample,C-0004,C-0004-B01,2,10.0,53.8,10045.0
P018,D15,D,15,sample,C-0004,C-0004-B01,2,3.3333333333333335,57.0,9950.0
P018,D16,D,16,sample,C-0004,C-0004-B01,2,1.1111111111111112,57.0,9618.0
P018,D17,D,17,sample,C-0004,C-0004-B01,2,0.37037037037037035,60.9,9718.0
P018,D18,D,18,sample,C-0004,C-0004-B01,2,0.12345679012345678,61.1,9782.0
P018,D19,D,19,sample,C-0004,C-0004-B01,2,0.0411522633744856,64.5,9730.0
P018,D20,D,20,sample,C-0004,C-0004-B01,2,0.013717421124828532,65.0,9768.0
P018,D21,D,21,sample,C-0004,C-0004-B01,2,0.004572473708276178,68.3,9881.0
P018,D22,D,22,sample,C-0004,C-0004-B01,2,0.0015241579027587258,60.6,9894.0
P018,E3,E,3,sample,A-0061,A-0061-B01,1,30.0,47.0,10044.0
P018,E4,E,4,sample,A-0061,A-0061-B01,1,10.0,47.5,9874.0
P018,E5,E,5,sample,A-0061,A-0061-B01,1,3.3333333333333335,49.3,10059.0
P018,E6,E,6,sample,A-0061,A-0061-B01,1,1.1111111111111112,58.6,9886.0
P018,E7,E,7,sample,A-0061,A-0061-B01,1,0.37037037037037035,64.1,10004.0
P018,E8,E,8,sample,A-0061,A-0061-B01,1,0.12345679012345678,61.6,9676.0
P018,E9,E,9,sample,A-0061,A-0061-B01,1,0.0411522633744856,60.8,9551.0
P018,E10,E,10,sample,A-0061,A-0061-B01,1,0.013717421124828532,66.0,9757.0
P018,E11,E,11,sample,A-0061,A-0061-B01,1,0.004572473708276178,63.4,9226.0
P018,E12,E,12,sample,A-0061,A-0061-B01,1,0.0015241579027587258,65.2,9561.0
P018,E13,E,13,sample,A-0061,A-0061-B01,2,30.0,40.5,9955.0
P018,E14,E,14,sample,A-0061,A-0061-B01,2,10.0,48.6,9617.0
P018,E15,E,15,sample,A-0061,A-0061-B01,2,3.3333333333333335,52.2,9745.0
P018,E16,E,16,sample,A-0061,A-0061-B01,2,1.1111111111111112,65.0,9468.0
P018,E17,E,17,sample,A-0061,A-0061-B01,2,0.37037037037037035,61.5,9971.0
P018,E18,E,18,sample,A-0061,A-0061-B01,2,0.12345679012345678,63.2,9622.0
P018,E19,E,19,sample,A-0061,A-0061-B01,2,0.0411522633744856,65.8,9680.0
P018,E20,E,20,sample,A-0061,A-0061-B01,2,0.013717421124828532,69.0,9705.0
P018,E21,E,21,sample,A-0061,A-0061-B01,2,0.004572473708276178,64.7,9711.0
P018,E22,E,22,sample,A-0061,A-0061-B01,2,0.0015241579027587258,69.6,9931.0
P018,F3,F,3,sample,B-0276,B-0276-B01,1,30.0,39.1,9884.0
P018,F4,F,4,sample,B-0276,B-0276-B01,1,10.0,36.2,10172.0
P018,F5,F,5,sample,B-0276,B-0276-B01,1,3.3333333333333335,35.3,9931.0
P018,F6,F,6,sample,B-0276,B-0276-B01,1,1.1111111111111112,40.5,9559.0
P018,F7,F,7,sample,B-0276,B-0276-B01,1,0.37037037037037035,40.2,9919.0
P018,F8,F,8,sample,B-0276,B-0276-B01,1,0.12345679012345678,39.7,10260.0
P018,F9,F,9,sample,B-0276,B-0276-B01,1,0.0411522633744856,46.6,10021.0
P018,F10,F,10,sample,B-0276,B-0276-B01,1,0.013717421124828532,52.3,9920.0
P018,F11,F,11,sample,B-0276,B-0276-B01,1,0.004572473708276178,61.6,9647.0
P018,F12,F,12,sample,B-0276,B-0276-B01,1,0.0015241579027587258,67.6,10005.0
P018,F13,F,13,sample,B-0276,B-0276-B01,2,30.0,36.2,9717.0
P018,F14,F,14,sample,B-0276,B-0276-B01,2,10.0,40.6,9552.0
P018,F15,F,15,sample,B-0276,B-0276-B01,2,3.3333333333333335,41.2,9968.0
P018,F16,F,16,sample,B-0276,B-0276-B01,2,1.1111111111111112,41.0,9825.0
P018,F17,F,17,sample,B-0276,B-0276-B01,2,0.37037037037037035,40.2,9827.0
P018,F18,F,18,sample,B-0276,B-0276-B01,2,0.12345679012345678,42.2,10008.0
P018,F19,F,19,sample,B-0276,B-0276-B01,2,0.0411522633744856,43.8,9732.0
P018,F20,F,20,sample,B-0276,B-0276-B01,2,0.013717421124828532,52.1,10145.0
P018,F21,F,21,sample,B-0276,B-0276-B01,2,0.004572473708276178,55.7,10313.0
P018,F22,F,22,sample,B-0276,B-0276-B01,2,0.0015241579027587258,63.0,9894.0
P018,G3,G,3,sample,A-0087,A-0087-B02,1,30.0,37.7,10147.0
P018,G4,G,4,sample,A-0087,A-0087-B02,1,10.0,42.9,9974.0
P018,G5,G,5,sample,A-0087,A-0087-B02,1,3.3333333333333335,45.0,9881.0
P018,G6,G,6,sample,A-0087,A-0087-B02,1,1.1111111111111112,45.8,10326.0
P018,G7,G,7,sample,A-0087,A-0087-B02,1,0.37037037037037035,50.9,9721.0
P018,G8,G,8,sample,A-0087,A-0087-B02,1,0.12345679012345678,58.0,9906.0
P018,G9,G,9,sample,A-0087,A-0087-B02,1,0.0411522633744856,63.0,10078.0
P018,G10,G,10,sample,A-0087,A-0087-B02,1,0.013717421124828532,64.7,9412.0
P018,G11,G,11,sample,A-0087,A-0087-B02,1,0.004572473708276178,61.7,9602.0
P018,G12,G,12,sample,A-0087,A-0087-B02,1,0.0015241579027587258,69.3,9806.0
P018,G13,G,13,sample,A-0087,A-0087-B02,2,30.0,38.2,9877.0
P018,G14,G,14,sample,A-0087,A-0087-B02,2,10.0,35.9,9861.0
P018,G15,G,15,sample,A-0087,A-0087-B02,2,3.3333333333333335,44.4,10218.0
P018,G16,G,16,sample,A-0087,A-0087-B02,2,1.1111111111111112,43.5,10294.0
P018,G17,G,17,sample,A-0087,A-0087-B02,2,0.37037037037037035,57.4,9821.0
P018,G18,G,18,sample,A-0087,A-0087-B02,2,0.12345679012345678,57.3,9540.0
P018,G19,G,19,sample,A-0087,A-0087-B02,2,0.0411522633744856,61.3,9790.0
P018,G20,G,20,sample,A-0087,A-0087-B02,2,0.013717421124828532,60.5,9401.0
P018,G21,G,21,sample,A-0087,A-0087-B02,2,0.004572473708276178,63.4,9753.0
P018,G22,G,22,sample,A-0087,A-0087-B02,2,0.0015241579027587258,65.1,9924.0
P018,H3,H,3,sample,A-0286,A-0286-B01,1,30.0,41.0,9933.0
P018,H4,H,4,sample,A-0286,A-0286-B01,1,10.0,41.1,10256.0
P018,H5,H,5,sample,A-0286,A-0286-B01,1,3.3333333333333335,46.3,9543.0
P018,H6,H,6,sample,A-0286,A-0286-B01,1,1.1111111111111112,53.0,9995.0
P018,H7,H,7,sample,A-0286,A-0286-B01,1,0.37037037037037035,63.8,9246.0
P018,H8,H,8,sample,A-0286,A-0286-B01,1,0.12345679012345678,60.2,9936.0
P018,H9,H,9,sample,A-0286,A-0286-B01,1,0.0411522633744856,63.2,9595.0
P018,H10,H,10,sample,A-0286,A-0286-B01,1,0.013717421124828532,66.2,9809.0
P018,H11,H,11,sample,A-0286,A-0286-B01,1,0.004572473708276178,66.2,9537.0
P018,H12,H,12,sample,A-0286,A-0286-B01,1,0.0015241579027587258,65.6,10174.0
P018,H13,H,13,sample,A-0286,A-0286-B01,2,30.0,38.6,10057.0
P018,H14,H,14,sample,A-0286,A-0286-B01,2,10.0,38.9,9896.0
P018,H15,H,15,sample,A-0286,A-0286-B01,2,3.3333333333333335,41.5,10297.0
P018,H16,H,16,sample,A-0286,A-0286-B01,2,1.1111111111111112,52.7,10060.0
P018,H17,H,17,sample,A-0286,A-0286-B01,2,0.37037037037037035,58.5,9653.0
P018,H18,H,18,sample,A-0286,A-0286-B01,2,0.12345679012345678,61.6,9388.0
P018,H19,H,19,sample,A-0286,A-0286-B01,2,0.0411522633744856,59.7,9707.0
P018,H20,H,20,sample,A-0286,A-0286-B01,2,0.013717421124828532,64.9,9643.0
P018,H21,H,21,sample,A-0286,A-0286-B01,2,0.004572473708276178,61.9,9986.0
P018,H22,H,22,sample,A-0286,A-0286-B01,2,0.0015241579027587258,64.1,9461.0
P018,I3,I,3,sample,C-0111,C-0111-B01,1,30.0,42.4,9683.0
P018,I4,I,4,sample,C-0111,C-0111-B01,1,10.0,43.7,9853.0
P018,I5,I,5,sample,C-0111,C-0111-B01,1,3.3333333333333335,49.3,10075.0
P018,I6,I,6,sample,C-0111,C-0111-B01,1,1.1111111111111112,54.5,9424.0
P018,I7,I,7,sample,C-0111,C-0111-B01,1,0.37037037037037035,60.8,10066.0
P018,I8,I,8,sample,C-0111,C-0111-B01,1,0.12345679012345678,66.9,9686.0
P018,I9,I,9,sample,C-0111,C-0111-B01,1,0.0411522633744856,65.0,9400.0
P018,I10,I,10,sample,C-0111,C-0111-B01,1,0.013717421124828532,65.7,9935.0
P018,I11,I,11,sample,C-0111,C-0111-B01,1,0.004572473708276178,63.7,9748.0
P018,I12,I,12,sample,C-0111,C-0111-B01,1,0.0015241579027587258,60.0,9891.0
P018,I13,I,13,sample,C-0111,C-0111-B01,2,30.0,38.6,9824.0
P018,I14,I,14,sample,C-0111,C-0111-B01,2,10.0,44.8,10236.0
P018,I15,I,15,sample,C-0111,C-0111-B01,2,3.3333333333333335,52.2,9841.0
P018,I16,I,16,sample,C-0111,C-0111-B01,2,1.1111111111111112,56.8,10132.0
P018,I17,I,17,sample,C-0111,C-0111-B01,2,0.37037037037037035,56.0,9864.0
P018,I18,I,18,sample,C-0111,C-0111-B01,2,0.12345679012345678,62.5,9734.0
P018,I19,I,19,sample,C-0111,C-0111-B01,2,0.0411522633744856,64.3,9752.0
P018,I20,I,20,sample,C-0111,C-0111-B01,2,0.013717421124828532,67.7,9684.0
P018,I21,I,21,sample,C-0111,C-0111-B01,2,0.004572473708276178,63.1,9984.0
P018,I22,I,22,sample,C-0111,C-0111-B01,2,0.0015241579027587258,68.1,10035.0
P018,J3,J,3,sample,A-0325,A-0325-B01,1,30.0,36.5,9835.0
P018,J4,J,4,sample,A-0325,A-0325-B01,1,10.0,45.4,10399.0
P018,J5,J,5,sample,A-0325,A-0325-B01,1,3.3333333333333335,49.6,9860.0
P018,J6,J,6,sample,A-0325,A-0325-B01,1,1.1111111111111112,56.6,10058.0
P018,J7,J,7,sample,A-0325,A-0325-B01,1,0.37037037037037035,62.7,10378.0
P018,J8,J,8,sample,A-0325,A-0325-B01,1,0.12345679012345678,60.2,10172.0
P018,J9,J,9,sample,A-0325,A-0325-B01,1,0.0411522633744856,70.1,9919.0
P018,J10,J,10,sample,A-0325,A-0325-B01,1,0.013717421124828532,61.0,9660.0
P018,J11,J,11,sample,A-0325,A-0325-B01,1,0.004572473708276178,62.3,9904.0
P018,J12,J,12,sample,A-0325,A-0325-B01,1,0.0015241579027587258,64.9,10000.0
P018,J13,J,13,sample,A-0325,A-0325-B01,2,30.0,43.2,10101.0
P018,J14,J,14,sample,A-0325,A-0325-B01,2,10.0,41.6,9862.0
P018,J15,J,15,sample,A-0325,A-0325-B01,2,3.3333333333333335,49.6,10259.0
P018,J16,J,16,sample,A-0325,A-0325-B01,2,1.1111111111111112,66.9,9515.0
P018,J17,J,17,sample,A-0325,A-0325-B01,2,0.37037037037037035,63.9,10342.0
P018,J18,J,18,sample,A-0325,A-0325-B01,2,0.12345679012345678,67.7,10193.0
P018,J19,J,19,sample,A-0325,A-0325-B01,2,0.0411522633744856,67.3,9407.0
P018,J20,J,20,sample,A-0325,A-0325-B01,2,0.013717421124828532,64.5,9503.0
P018,J21,J,21,sample,A-0325,A-0325-B01,2,0.004572473708276178,65.4,9640.0
P018,J22,J,22,sample,A-0325,A-0325-B01,2,0.0015241579027587258,64.1,9550.0
P018,K3,K,3,sample,B-0266,B-0266-B01,1,30.0,39.3,9848.0
P018,K4,K,4,sample,B-0266,B-0266-B01,1,10.0,39.4,10039.0
P018,K5,K,5,sample,B-0266,B-0266-B01,1,3.3333333333333335,37.7,10224.0
P018,K6,K,6,sample,B-0266,B-0266-B01,1,1.1111111111111112,36.8,9691.0
P018,K7,K,7,sample,B-0266,B-0266-B01,1,0.37037037037037035,43.0,9915.0
P018,K8,K,8,sample,B-0266,B-0266-B01,1,0.12345679012345678,44.6,10057.0
P018,K9,K,9,sample,B-0266,B-0266-B01,1,0.0411522633744856,51.4,10055.0
P018,K10,K,10,sample,B-0266,B-0266-B01,1,0.013717421124828532,62.0,9730.0
P018,K11,K,11,sample,B-0266,B-0266-B01,1,0.004572473708276178,62.3,9682.0
P018,K12,K,12,sample,B-0266,B-0266-B01,1,0.0015241579027587258,61.8,9685.0
P018,K13,K,13,sample,B-0266,B-0266-B01,2,30.0,40.9,10152.0
P018,K14,K,14,sample,B-0266,B-0266-B01,2,10.0,38.7,9821.0
P018,K15,K,15,sample,B-0266,B-0266-B01,2,3.3333333333333335,39.3,9775.0
P018,K16,K,16,sample,B-0266,B-0266-B01,2,1.1111111111111112,38.0,9723.0
P018,K17,K,17,sample,B-0266,B-0266-B01,2,0.37037037037037035,40.7,9865.0
P018,K18,K,18,sample,B-0266,B-0266-B01,2,0.12345679012345678,46.4,9837.0
P018,K19,K,19,sample,B-0266,B-0266-B01,2,0.0411522633744856,50.3,10423.0
P018,K20,K,20,sample,B-0266,B-0266-B01,2,0.013717421124828532,60.0,9874.0
P018,K21,K,21,sample,B-0266,B-0266-B01,2,0.004572473708276178,65.2,9665.0
P018,K22,K,22,sample,B-0266,B-0266-B01,2,0.0015241579027587258,62.5,10099.0
P018,L3,L,3,sample,C-0141,C-0141-B01,1,30.0,72.6,11092.0
P018,L4,L,4,sample,C-0141,C-0141-B01,1,10.0,40.7,10019.0
P018,L5,L,5,sample,C-0141,C-0141-B01,1,3.3333333333333335,42.1,9587.0
P018,L6,L,6,sample,C-0141,C-0141-B01,1,1.1111111111111112,49.8,9660.0
P018,L7,L,7,sample,C-0141,C-0141-B01,1,0.37037037037037035,55.0,9925.0
P018,L8,L,8,sample,C-0141,C-0141-B01,1,0.12345679012345678,61.2,10036.0
P018,L9,L,9,sample,C-0141,C-0141-B01,1,0.0411522633744856,67.2,9474.0
P018,L10,L,10,sample,C-0141,C-0141-B01,1,0.013717421124828532,64.6,10080.0
P018,L11,L,11,sample,C-0141,C-0141-B01,1,0.004572473708276178,67.7,9742.0
P018,L12,L,12,sample,C-0141,C-0141-B01,1,0.0015241579027587258,64.1,10497.0
P018,L13,L,13,sample,C-0141,C-0141-B01,2,30.0,70.5,10702.0
P018,L14,L,14,sample,C-0141,C-0141-B01,2,10.0,39.5,9814.0
P018,L15,L,15,sample,C-0141,C-0141-B01,2,3.3333333333333335,39.3,10134.0
P018,L16,L,16,sample,C-0141,C-0141-B01,2,1.1111111111111112,44.3,9922.0
P018,L17,L,17,sample,C-0141,C-0141-B01,2,0.37037037037037035,51.7,9624.0
P018,L18,L,18,sample,C-0141,C-0141-B01,2,0.12345679012345678,60.7,9424.0
P018,L19,L,19,sample,C-0141,C-0141-B01,2,0.0411522633744856,60.6,9770.0
P018,L20,L,20,sample,C-0141,C-0141-B01,2,0.013717421124828532,64.6,9571.0
P018,L21,L,21,sample,C-0141,C-0141-B01,2,0.004572473708276178,62.9,9926.0
P018,L22,L,22,sample,C-0141,C-0141-B01,2,0.0015241579027587258,66.1,9533.0
P018,M3,M,3,sample,B-0067,B-0067-B01,1,30.0,40.7,10167.0
P018,M4,M,4,sample,B-0067,B-0067-B01,1,10.0,44.6,9789.0
P018,M5,M,5,sample,B-0067,B-0067-B01,1,3.3333333333333335,53.5,10182.0
P018,M6,M,6,sample,B-0067,B-0067-B01,1,1.1111111111111112,56.5,9746.0
P018,M7,M,7,sample,B-0067,B-0067-B01,1,0.37037037037037035,60.4,9607.0
P018,M8,M,8,sample,B-0067,B-0067-B01,1,0.12345679012345678,62.1,9569.0
P018,M9,M,9,sample,B-0067,B-0067-B01,1,0.0411522633744856,62.3,9655.0
P018,M10,M,10,sample,B-0067,B-0067-B01,1,0.013717421124828532,60.4,9575.0
P018,M11,M,11,sample,B-0067,B-0067-B01,1,0.004572473708276178,65.4,9479.0
P018,M12,M,12,sample,B-0067,B-0067-B01,1,0.0015241579027587258,72.0,9491.0
P018,M13,M,13,sample,B-0067,B-0067-B01,2,30.0,36.1,9959.0
P018,M14,M,14,sample,B-0067,B-0067-B01,2,10.0,45.6,10145.0
P018,M15,M,15,sample,B-0067,B-0067-B01,2,3.3333333333333335,44.1,10298.0
P018,M16,M,16,sample,B-0067,B-0067-B01,2,1.1111111111111112,52.9,9549.0
P018,M17,M,17,sample,B-0067,B-0067-B01,2,0.37037037037037035,61.3,9673.0
P018,M18,M,18,sample,B-0067,B-0067-B01,2,0.12345679012345678,63.9,9630.0
P018,M19,M,19,sample,B-0067,B-0067-B01,2,0.0411522633744856,63.9,10048.0
P018,M20,M,20,sample,B-0067,B-0067-B01,2,0.013717421124828532,65.7,9382.0
P018,M21,M,21,sample,B-0067,B-0067-B01,2,0.004572473708276178,65.6,9942.0
P018,M22,M,22,sample,B-0067,B-0067-B01,2,0.0015241579027587258,66.5,10047.0
P018,N3,N,3,sample,B-0268,B-0268-B01,1,30.0,35.9,10158.0
P018,N4,N,4,sample,B-0268,B-0268-B01,1,10.0,33.8,9393.0
P018,N5,N,5,sample,B-0268,B-0268-B01,1,3.3333333333333335,36.7,10298.0
P018,N6,N,6,sample,B-0268,B-0268-B01,1,1.1111111111111112,38.0,9960.0
P018,N7,N,7,sample,B-0268,B-0268-B01,1,0.37037037037037035,46.5,10256.0
P018,N8,N,8,sample,B-0268,B-0268-B01,1,0.12345679012345678,56.4,10056.0
P018,N9,N,9,sample,B-0268,B-0268-B01,1,0.0411522633744856,52.1,9887.0
P018,N10,N,10,sample,B-0268,B-0268-B01,1,0.013717421124828532,64.0,9345.0
P018,N11,N,11,sample,B-0268,B-0268-B01,1,0.004572473708276178,65.8,9979.0
P018,N12,N,12,sample,B-0268,B-0268-B01,1,0.0015241579027587258,64.1,9649.0
P018,N13,N,13,sample,B-0268,B-0268-B01,2,30.0,41.9,9738.0
P018,N14,N,14,sample,B-0268,B-0268-B01,2,10.0,41.0,9493.0
P018,N15,N,15,sample,B-0268,B-0268-B01,2,3.3333333333333335,36.2,10310.0
P018,N16,N,16,sample,B-0268,B-0268-B01,2,1.1111111111111112,41.2,9540.0
P018,N17,N,17,sample,B-0268,B-0268-B01,2,0.37037037037037035,42.5,9507.0
P018,N18,N,18,sample,B-0268,B-0268-B01,2,0.12345679012345678,50.2,10086.0
P018,N19,N,19,sample,B-0268,B-0268-B01,2,0.0411522633744856,56.9,9113.0
P018,N20,N,20,sample,B-0268,B-0268-B01,2,0.013717421124828532,62.2,9786.0
P018,N21,N,21,sample,B-0268,B-0268-B01,2,0.004572473708276178,57.9,9803.0
P018,N22,N,22,sample,B-0268,B-0268-B01,2,0.0015241579027587258,64.3,9992.0
P018,O3,O,3,sample,B-0195,B-0195-B01,1,30.0,35.8,10288.0
P018,O4,O,4,sample,B-0195,B-0195-B01,1,10.0,39.2,10200.0
P018,O5,O,5,sample,B-0195,B-0195-B01,1,3.3333333333333335,39.0,9670.0
P018,O6,O,6,sample,B-0195,B-0195-B01,1,1.1111111111111112,39.1,10245.0
P018,O7,O,7,sample,B-0195,B-0195-B01,1,0.37037037037037035,37.3,10200.0
P018,O8,O,8,sample,B-0195,B-0195-B01,1,0.12345679012345678,47.2,10178.0
P018,O9,O,9,sample,B-0195,B-0195-B01,1,0.0411522633744856,47.9,10128.0
P018,O10,O,10,sample,B-0195,B-0195-B01,1,0.013717421124828532,60.3,10020.0
P018,O11,O,11,sample,B-0195,B-0195-B01,1,0.004572473708276178,62.6,9580.0
P018,O12,O,12,sample,B-0195,B-0195-B01,1,0.0015241579027587258,64.6,9320.0
P018,O13,O,13,sample,B-0195,B-0195-B01,2,30.0,40.1,10038.0
P018,O14,O,14,sample,B-0195,B-0195-B01,2,10.0,41.6,9961.0
P018,O15,O,15,sample,B-0195,B-0195-B01,2,3.3333333333333335,41.0,10096.0
P018,O16,O,16,sample,B-0195,B-0195-B01,2,1.1111111111111112,39.6,9865.0
P018,O17,O,17,sample,B-0195,B-0195-B01,2,0.37037037037037035,40.7,10262.0
P018,O18,O,18,sample,B-0195,B-0195-B01,2,0.12345679012345678,45.9,10240.0
P018,O19,O,19,sample,B-0195,B-0195-B01,2,0.0411522633744856,52.4,9153.0
P018,O20,O,20,sample,B-0195,B-0195-B01,2,0.013717421124828532,54.7,10230.0
P018,O21,O,21,sample,B-0195,B-0195-B01,2,0.004572473708276178,63.2,9798.0
P018,O22,O,22,sample,B-0195,B-0195-B01,2,0.0015241579027587258,64.0,9631.0
P018,P3,P,3,sample,B-0199,B-0199-B01,1,30.0,45.1,10212.0
P018,P4,P,4,sample,B-0199,B-0199-B01,1,10.0,49.8,10454.0
P018,P5,P,5,sample,B-0199,B-0199-B01,1,3.3333333333333335,49.9,10188.0
P018,P6,P,6,sample,B-0199,B-0199-B01,1,1.1111111111111112,55.6,10721.0
P018,P7,P,7,sample,B-0199,B-0199-B01,1,0.37037037037037035,71.1,9923.0
P018,P8,P,8,sample,B-0199,B-0199-B01,1,0.12345679012345678,67.7,9925.0
P018,P9,P,9,sample,B-0199,B-0199-B01,1,0.0411522633744856,68.4,9594.0
P018,P10,P,10,sample,B-0199,B-0199-B01,1,0.013717421124828532,69.3,10170.0
P018,P11,P,11,sample,B-0199,B-0199-B01,1,0.004572473708276178,64.5,10223.0
P018,P12,P,12,sample,B-0199,B-0199-B01,1,0.0015241579027587258,67.6,9827.0
P018,P13,P,13,sample,B-0199,B-0199-B01,2,30.0,44.9,10235.0
P018,P14,P,14,sample,B-0199,B-0199-B01,2,10.0,51.2,10143.0
P018,P15,P,15,sample,B-0199,B-0199-B01,2,3.3333333333333335,49.8,9981.0
P018,P16,P,16,sample,B-0199,B-0199-B01,2,1.1111111111111112,58.6,10056.0
P018,P17,P,17,sample,B-0199,B-0199-B01,2,0.37037037037037035,64.8,10119.0
P018,P18,P,18,sample,B-0199,B-0199-B01,2,0.12345679012345678,66.9,10038.0
P018,P19,P,19,sample,B-0199,B-0199-B01,2,0.0411522633744856,66.5,10020.0
P018,P20,P,20,sample,B-0199,B-0199-B01,2,0.013717421124828532,68.2,9865.0
P018,P21,P,21,sample,B-0199,B-0199-B01,2,0.004572473708276178,64.3,10517.0
P018,P22,P,22,sample,B-0199,B-0199-B01,2,0.0015241579027587258,73.8,9840.0
P019,A1,A,1,high_control,,,0,0.0,71.5,9631.0
P019,A2,A,2,low_control,,,0,0.0,44.6,9494.0
P019,A23,A,23,reference,REF-1,REF-1-B01,1,30.0,46.5,10173.0
P019,A24,A,24,reference,REF-1,REF-1-B01,2,30.0,42.5,10070.0
P019,B1,B,1,high_control,,,0,0.0,71.0,9538.0
P019,B2,B,2,low_control,,,0,0.0,42.4,10007.0
P019,B23,B,23,reference,REF-1,REF-1-B01,1,10.0,38.6,9858.0
P019,B24,B,24,reference,REF-1,REF-1-B01,2,10.0,48.7,10982.0
P019,C1,C,1,high_control,,,0,0.0,72.0,10121.0
P019,C2,C,2,low_control,,,0,0.0,38.0,9793.0
P019,C23,C,23,reference,REF-1,REF-1-B01,1,3.3333333333333335,43.0,10179.0
P019,C24,C,24,reference,REF-1,REF-1-B01,2,3.3333333333333335,45.0,9926.0
P019,D1,D,1,high_control,,,0,0.0,68.0,10151.0
P019,D2,D,2,low_control,,,0,0.0,35.6,9886.0
P019,D23,D,23,reference,REF-1,REF-1-B01,1,1.1111111111111112,38.6,10010.0
P019,D24,D,24,reference,REF-1,REF-1-B01,2,1.1111111111111112,42.3,10092.0
P019,E1,E,1,high_control,,,0,0.0,70.9,9701.0
P019,E2,E,2,low_control,,,0,0.0,36.8,10314.0
P019,E23,E,23,reference,REF-1,REF-1-B01,1,0.37037037037037035,40.3,9890.0
P019,E24,E,24,reference,REF-1,REF-1-B01,2,0.37037037037037035,49.2,9922.0
P019,F1,F,1,high_control,,,0,0.0,71.7,10046.0
P019,F2,F,2,low_control,,,0,0.0,34.5,10139.0
P019,F23,F,23,reference,REF-1,REF-1-B01,1,0.12345679012345678,50.1,10209.0
P019,F24,F,24,reference,REF-1,REF-1-B01,2,0.12345679012345678,51.2,9680.0
P019,G1,G,1,high_control,,,0,0.0,70.4,10191.0
P019,G2,G,2,low_control,,,0,0.0,43.7,10260.0
P019,G23,G,23,reference,REF-1,REF-1-B01,1,0.0411522633744856,56.9,9699.0
P019,G24,G,24,reference,REF-1,REF-1-B01,2,0.0411522633744856,58.0,9681.0
P019,H1,H,1,high_control,,,0,0.0,68.4,9747.0
P019,H2,H,2,low_control,,,0,0.0,35.3,9909.0
P019,H23,H,23,reference,REF-1,REF-1-B01,1,0.013717421124828532,57.0,9922.0
P019,H24,H,24,reference,REF-1,REF-1-B01,2,0.013717421124828532,69.8,10269.0
P019,I1,I,1,high_control,,,0,0.0,71.1,9580.0
P019,I2,I,2,low_control,,,0,0.0,39.8,9821.0
P019,I23,I,23,reference,REF-1,REF-1-B01,1,0.004572473708276178,64.7,9775.0
P019,I24,I,24,reference,REF-1,REF-1-B01,2,0.004572473708276178,66.7,10541.0
P019,J1,J,1,high_control,,,0,0.0,69.0,10063.0
P019,J2,J,2,low_control,,,0,0.0,37.4,10519.0
P019,J23,J,23,reference,REF-1,REF-1-B01,1,0.0015241579027587258,67.6,9705.0
P019,J24,J,24,reference,REF-1,REF-1-B01,2,0.0015241579027587258,68.7,10302.0
P019,K1,K,1,high_control,,,0,0.0,73.6,10255.0
P019,K2,K,2,low_control,,,0,0.0,39.9,10051.0
P019,K23,K,23,high_control,,,0,0.0,67.7,9971.0
P019,K24,K,24,low_control,,,0,0.0,40.0,10595.0
P019,L1,L,1,high_control,,,0,0.0,70.2,10142.0
P019,L2,L,2,low_control,,,0,0.0,37.7,9824.0
P019,L23,L,23,high_control,,,0,0.0,66.4,9505.0
P019,L24,L,24,low_control,,,0,0.0,42.0,10205.0
P019,M1,M,1,high_control,,,0,0.0,75.1,10067.0
P019,M2,M,2,low_control,,,0,0.0,34.2,9989.0
P019,M23,M,23,high_control,,,0,0.0,61.7,9786.0
P019,M24,M,24,low_control,,,0,0.0,43.7,10423.0
P019,N1,N,1,high_control,,,0,0.0,67.7,10402.0
P019,N2,N,2,low_control,,,0,0.0,38.0,9994.0
P019,N23,N,23,high_control,,,0,0.0,66.9,9559.0
P019,N24,N,24,low_control,,,0,0.0,43.2,10332.0
P019,O1,O,1,high_control,,,0,0.0,67.8,9630.0
P019,O2,O,2,low_control,,,0,0.0,39.9,10195.0
P019,O23,O,23,high_control,,,0,0.0,64.6,9882.0
P019,O24,O,24,low_control,,,0,0.0,46.7,10208.0
P019,P1,P,1,high_control,,,0,0.0,69.1,10173.0
P019,P2,P,2,low_control,,,0,0.0,41.2,10350.0
P019,P23,P,23,high_control,,,0,0.0,67.3,9633.0
P019,P24,P,24,low_control,,,0,0.0,40.0,10376.0
P019,A3,A,3,sample,B-0305,B-0305-B01,1,30.0,40.1,9831.0
P019,A4,A,4,sample,B-0305,B-0305-B01,1,10.0,45.5,10310.0
P019,A5,A,5,sample,B-0305,B-0305-B01,1,3.3333333333333335,43.5,10407.0
P019,A6,A,6,sample,B-0305,B-0305-B01,1,1.1111111111111112,43.3,9854.0
P019,A7,A,7,sample,B-0305,B-0305-B01,1,0.37037037037037035,44.4,10104.0
P019,A8,A,8,sample,B-0305,B-0305-B01,1,0.12345679012345678,42.5,10018.0
P019,A9,A,9,sample,B-0305,B-0305-B01,1,0.0411522633744856,58.5,9840.0
P019,A10,A,10,sample,B-0305,B-0305-B01,1,0.013717421124828532,62.8,10087.0
P019,A11,A,11,sample,B-0305,B-0305-B01,1,0.004572473708276178,64.2,9922.0
P019,A12,A,12,sample,B-0305,B-0305-B01,1,0.0015241579027587258,70.5,9778.0
P019,A13,A,13,sample,B-0305,B-0305-B01,2,30.0,40.5,10253.0
P019,A14,A,14,sample,B-0305,B-0305-B01,2,10.0,45.1,10088.0
P019,A15,A,15,sample,B-0305,B-0305-B01,2,3.3333333333333335,42.4,10192.0
P019,A16,A,16,sample,B-0305,B-0305-B01,2,1.1111111111111112,43.7,10093.0
P019,A17,A,17,sample,B-0305,B-0305-B01,2,0.37037037037037035,45.0,10058.0
P019,A18,A,18,sample,B-0305,B-0305-B01,2,0.12345679012345678,48.9,10030.0
P019,A19,A,19,sample,B-0305,B-0305-B01,2,0.0411522633744856,56.7,10333.0
P019,A20,A,20,sample,B-0305,B-0305-B01,2,0.013717421124828532,58.8,10037.0
P019,A21,A,21,sample,B-0305,B-0305-B01,2,0.004572473708276178,65.4,10023.0
P019,A22,A,22,sample,B-0305,B-0305-B01,2,0.0015241579027587258,67.8,9670.0
P019,B3,B,3,sample,A-0047,A-0047-B02,1,30.0,39.4,9983.0
P019,B4,B,4,sample,A-0047,A-0047-B02,1,10.0,43.9,10138.0
P019,B5,B,5,sample,A-0047,A-0047-B02,1,3.3333333333333335,46.9,9903.0
P019,B6,B,6,sample,A-0047,A-0047-B02,1,1.1111111111111112,48.1,10063.0
P019,B7,B,7,sample,A-0047,A-0047-B02,1,0.37037037037037035,51.4,9603.0
P019,B8,B,8,sample,A-0047,A-0047-B02,1,0.12345679012345678,60.8,10023.0
P019,B9,B,9,sample,A-0047,A-0047-B02,1,0.0411522633744856,60.5,9769.0
P019,B10,B,10,sample,A-0047,A-0047-B02,1,0.013717421124828532,65.5,9725.0
P019,B11,B,11,sample,A-0047,A-0047-B02,1,0.004572473708276178,59.6,9510.0
P019,B12,B,12,sample,A-0047,A-0047-B02,1,0.0015241579027587258,65.4,9480.0
P019,B13,B,13,sample,A-0047,A-0047-B02,2,30.0,39.6,10447.0
P019,B14,B,14,sample,A-0047,A-0047-B02,2,10.0,40.3,9961.0
P019,B15,B,15,sample,A-0047,A-0047-B02,2,3.3333333333333335,38.2,10266.0
P019,B16,B,16,sample,A-0047,A-0047-B02,2,1.1111111111111112,46.0,9951.0
P019,B17,B,17,sample,A-0047,A-0047-B02,2,0.37037037037037035,50.0,9821.0
P019,B18,B,18,sample,A-0047,A-0047-B02,2,0.12345679012345678,58.6,10069.0
P019,B19,B,19,sample,A-0047,A-0047-B02,2,0.0411522633744856,59.2,10068.0
P019,B20,B,20,sample,A-0047,A-0047-B02,2,0.013717421124828532,62.5,9596.0
P019,B21,B,21,sample,A-0047,A-0047-B02,2,0.004572473708276178,68.2,9290.0
P019,B22,B,22,sample,A-0047,A-0047-B02,2,0.0015241579027587258,62.7,9847.0
P019,C3,C,3,sample,B-0089,B-0089-B01,1,30.0,36.3,10090.0
P019,C4,C,4,sample,B-0089,B-0089-B01,1,10.0,40.9,9660.0
P019,C5,C,5,sample,B-0089,B-0089-B01,1,3.3333333333333335,44.9,10196.0
P019,C6,C,6,sample,B-0089,B-0089-B01,1,1.1111111111111112,40.3,9862.0
P019,C7,C,7,sample,B-0089,B-0089-B01,1,0.37037037037037035,46.2,9940.0
P019,C8,C,8,sample,B-0089,B-0089-B01,1,0.12345679012345678,49.1,9852.0
P019,C9,C,9,sample,B-0089,B-0089-B01,1,0.0411522633744856,56.8,9769.0
P019,C10,C,10,sample,B-0089,B-0089-B01,1,0.013717421124828532,60.0,9905.0
P019,C11,C,11,sample,B-0089,B-0089-B01,1,0.004572473708276178,62.8,10093.0
P019,C12,C,12,sample,B-0089,B-0089-B01,1,0.0015241579027587258,65.3,10031.0
P019,C13,C,13,sample,B-0089,B-0089-B01,2,30.0,40.1,9485.0
P019,C14,C,14,sample,B-0089,B-0089-B01,2,10.0,41.5,10484.0
P019,C15,C,15,sample,B-0089,B-0089-B01,2,3.3333333333333335,36.3,9697.0
P019,C16,C,16,sample,B-0089,B-0089-B01,2,1.1111111111111112,34.4,10203.0
P019,C17,C,17,sample,B-0089,B-0089-B01,2,0.37037037037037035,42.3,9925.0
P019,C18,C,18,sample,B-0089,B-0089-B01,2,0.12345679012345678,47.5,9617.0
P019,C19,C,19,sample,B-0089,B-0089-B01,2,0.0411522633744856,56.2,10096.0
P019,C20,C,20,sample,B-0089,B-0089-B01,2,0.013717421124828532,60.4,9695.0
P019,C21,C,21,sample,B-0089,B-0089-B01,2,0.004572473708276178,65.2,9711.0
P019,C22,C,22,sample,B-0089,B-0089-B01,2,0.0015241579027587258,67.3,9971.0
P019,D3,D,3,sample,B-0139,B-0139-B01,1,30.0,38.7,10132.0
P019,D4,D,4,sample,B-0139,B-0139-B01,1,10.0,37.6,9952.0
P019,D5,D,5,sample,B-0139,B-0139-B01,1,3.3333333333333335,40.1,9270.0
P019,D6,D,6,sample,B-0139,B-0139-B01,1,1.1111111111111112,41.3,10435.0
P019,D7,D,7,sample,B-0139,B-0139-B01,1,0.37037037037037035,39.3,9760.0
P019,D8,D,8,sample,B-0139,B-0139-B01,1,0.12345679012345678,38.3,9943.0
P019,D9,D,9,sample,B-0139,B-0139-B01,1,0.0411522633744856,50.2,9936.0
P019,D10,D,10,sample,B-0139,B-0139-B01,1,0.013717421124828532,55.0,10145.0
P019,D11,D,11,sample,B-0139,B-0139-B01,1,0.004572473708276178,61.0,9859.0
P019,D12,D,12,sample,B-0139,B-0139-B01,1,0.0015241579027587258,64.7,10004.0
P019,D13,D,13,sample,B-0139,B-0139-B01,2,30.0,40.0,10158.0
P019,D14,D,14,sample,B-0139,B-0139-B01,2,10.0,45.0,10052.0
P019,D15,D,15,sample,B-0139,B-0139-B01,2,3.3333333333333335,34.4,9599.0
P019,D16,D,16,sample,B-0139,B-0139-B01,2,1.1111111111111112,39.9,10179.0
P019,D17,D,17,sample,B-0139,B-0139-B01,2,0.37037037037037035,40.1,10067.0
P019,D18,D,18,sample,B-0139,B-0139-B01,2,0.12345679012345678,43.0,9839.0
P019,D19,D,19,sample,B-0139,B-0139-B01,2,0.0411522633744856,47.2,9591.0
P019,D20,D,20,sample,B-0139,B-0139-B01,2,0.013717421124828532,56.1,9521.0
P019,D21,D,21,sample,B-0139,B-0139-B01,2,0.004572473708276178,64.2,9452.0
P019,D22,D,22,sample,B-0139,B-0139-B01,2,0.0015241579027587258,59.8,9787.0
P019,E3,E,3,sample,A-0355,A-0355-B01,1,30.0,42.0,10216.0
P019,E4,E,4,sample,A-0355,A-0355-B01,1,10.0,41.6,9937.0
P019,E5,E,5,sample,A-0355,A-0355-B01,1,3.3333333333333335,43.8,9960.0
P019,E6,E,6,sample,A-0355,A-0355-B01,1,1.1111111111111112,52.0,9654.0
P019,E7,E,7,sample,A-0355,A-0355-B01,1,0.37037037037037035,60.2,9621.0
P019,E8,E,8,sample,A-0355,A-0355-B01,1,0.12345679012345678,61.8,9655.0
P019,E9,E,9,sample,A-0355,A-0355-B01,1,0.0411522633744856,69.3,9778.0
P019,E10,E,10,sample,A-0355,A-0355-B01,1,0.013717421124828532,71.1,9736.0
P019,E11,E,11,sample,A-0355,A-0355-B01,1,0.004572473708276178,62.1,9806.0
P019,E12,E,12,sample,A-0355,A-0355-B01,1,0.0015241579027587258,62.1,9473.0
P019,E13,E,13,sample,A-0355,A-0355-B01,2,30.0,42.9,10263.0
P019,E14,E,14,sample,A-0355,A-0355-B01,2,10.0,44.1,10280.0
P019,E15,E,15,sample,A-0355,A-0355-B01,2,3.3333333333333335,47.5,9981.0
P019,E16,E,16,sample,A-0355,A-0355-B01,2,1.1111111111111112,54.5,9501.0
P019,E17,E,17,sample,A-0355,A-0355-B01,2,0.37037037037037035,61.3,9661.0
P019,E18,E,18,sample,A-0355,A-0355-B01,2,0.12345679012345678,61.7,9223.0
P019,E19,E,19,sample,A-0355,A-0355-B01,2,0.0411522633744856,65.1,10341.0
P019,E20,E,20,sample,A-0355,A-0355-B01,2,0.013717421124828532,60.3,9892.0
P019,E21,E,21,sample,A-0355,A-0355-B01,2,0.004572473708276178,67.3,9761.0
P019,E22,E,22,sample,A-0355,A-0355-B01,2,0.0015241579027587258,69.2,9510.0
P019,F3,F,3,sample,B-0060,B-0060-B01,1,30.0,36.2,10278.0
P019,F4,F,4,sample,B-0060,B-0060-B01,1,10.0,37.8,10087.0
P019,F5,F,5,sample,B-0060,B-0060-B01,1,3.3333333333333335,37.9,10265.0
P019,F6,F,6,sample,B-0060,B-0060-B01,1,1.1111111111111112,44.9,10044.0
P019,F7,F,7,sample,B-0060,B-0060-B01,1,0.37037037037037035,52.1,10252.0
P019,F8,F,8,sample,B-0060,B-0060-B01,1,0.12345679012345678,54.4,10072.0
P019,F9,F,9,sample,B-0060,B-0060-B01,1,0.0411522633744856,61.8,9972.0
P019,F10,F,10,sample,B-0060,B-0060-B01,1,0.013717421124828532,65.6,9586.0
P019,F11,F,11,sample,B-0060,B-0060-B01,1,0.004572473708276178,65.0,9614.0
P019,F12,F,12,sample,B-0060,B-0060-B01,1,0.0015241579027587258,65.6,9640.0
P019,F13,F,13,sample,B-0060,B-0060-B01,2,30.0,38.8,10278.0
P019,F14,F,14,sample,B-0060,B-0060-B01,2,10.0,38.8,9914.0
P019,F15,F,15,sample,B-0060,B-0060-B01,2,3.3333333333333335,43.3,10173.0
P019,F16,F,16,sample,B-0060,B-0060-B01,2,1.1111111111111112,43.9,10417.0
P019,F17,F,17,sample,B-0060,B-0060-B01,2,0.37037037037037035,44.4,9619.0
P019,F18,F,18,sample,B-0060,B-0060-B01,2,0.12345679012345678,60.2,9931.0
P019,F19,F,19,sample,B-0060,B-0060-B01,2,0.0411522633744856,67.6,9711.0
P019,F20,F,20,sample,B-0060,B-0060-B01,2,0.013717421124828532,61.1,9622.0
P019,F21,F,21,sample,B-0060,B-0060-B01,2,0.004572473708276178,65.4,9833.0
P019,F22,F,22,sample,B-0060,B-0060-B01,2,0.0015241579027587258,63.5,9796.0
P019,G3,G,3,sample,B-0053,B-0053-B01,1,30.0,47.2,10146.0
P019,G4,G,4,sample,B-0053,B-0053-B01,1,10.0,43.1,9672.0
P019,G5,G,5,sample,B-0053,B-0053-B01,1,3.3333333333333335,45.0,10299.0
P019,G6,G,6,sample,B-0053,B-0053-B01,1,1.1111111111111112,58.6,9869.0
P019,G7,G,7,sample,B-0053,B-0053-B01,1,0.37037037037037035,62.8,10147.0
P019,G8,G,8,sample,B-0053,B-0053-B01,1,0.12345679012345678,63.6,9791.0
P019,G9,G,9,sample,B-0053,B-0053-B01,1,0.0411522633744856,62.9,10012.0
P019,G10,G,10,sample,B-0053,B-0053-B01,1,0.013717421124828532,64.9,9569.0
P019,G11,G,11,sample,B-0053,B-0053-B01,1,0.004572473708276178,65.1,9267.0
P019,G12,G,12,sample,B-0053,B-0053-B01,1,0.0015241579027587258,68.5,9572.0
P019,G13,G,13,sample,B-0053,B-0053-B01,2,30.0,44.5,10157.0
P019,G14,G,14,sample,B-0053,B-0053-B01,2,10.0,40.1,9578.0
P019,G15,G,15,sample,B-0053,B-0053-B01,2,3.3333333333333335,46.6,10049.0
P019,G16,G,16,sample,B-0053,B-0053-B01,2,1.1111111111111112,55.9,9885.0
P019,G17,G,17,sample,B-0053,B-0053-B01,2,0.37037037037037035,65.1,9752.0
P019,G18,G,18,sample,B-0053,B-0053-B01,2,0.12345679012345678,56.9,9441.0
P019,G19,G,19,sample,B-0053,B-0053-B01,2,0.0411522633744856,57.8,9878.0
P019,G20,G,20,sample,B-0053,B-0053-B01,2,0.013717421124828532,63.8,10042.0
P019,G21,G,21,sample,B-0053,B-0053-B01,2,0.004572473708276178,65.1,9651.0
P019,G22,G,22,sample,B-0053,B-0053-B01,2,0.0015241579027587258,64.4,9857.0
P019,H3,H,3,sample,B-0063,B-0063-B01,1,30.0,36.0,9906.0
P019,H4,H,4,sample,B-0063,B-0063-B01,1,10.0,37.1,9918.0
P019,H5,H,5,sample,B-0063,B-0063-B01,1,3.3333333333333335,44.0,9718.0
P019,H6,H,6,sample,B-0063,B-0063-B01,1,1.1111111111111112,39.6,9818.0
P019,H7,H,7,sample,B-0063,B-0063-B01,1,0.37037037037037035,46.9,9799.0
P019,H8,H,8,sample,B-0063,B-0063-B01,1,0.12345679012345678,58.6,9544.0
P019,H9,H,9,sample,B-0063,B-0063-B01,1,0.0411522633744856,63.2,9491.0
P019,H10,H,10,sample,B-0063,B-0063-B01,1,0.013717421124828532,64.1,9941.0
P019,H11,H,11,sample,B-0063,B-0063-B01,1,0.004572473708276178,67.3,9139.0
P019,H12,H,12,sample,B-0063,B-0063-B01,1,0.0015241579027587258,66.5,9661.0
P019,H13,H,13,sample,B-0063,B-0063-B01,2,30.0,41.5,9908.0
P019,H14,H,14,sample,B-0063,B-0063-B01,2,10.0,39.2,10000.0
P019,H15,H,15,sample,B-0063,B-0063-B01,2,3.3333333333333335,41.1,10052.0
P019,H16,H,16,sample,B-0063,B-0063-B01,2,1.1111111111111112,43.3,9677.0
P019,H17,H,17,sample,B-0063,B-0063-B01,2,0.37037037037037035,45.6,9665.0
P019,H18,H,18,sample,B-0063,B-0063-B01,2,0.12345679012345678,54.2,10046.0
P019,H19,H,19,sample,B-0063,B-0063-B01,2,0.0411522633744856,58.9,10082.0
P019,H20,H,20,sample,B-0063,B-0063-B01,2,0.013717421124828532,66.7,9663.0
P019,H21,H,21,sample,B-0063,B-0063-B01,2,0.004572473708276178,62.1,9673.0
P019,H22,H,22,sample,B-0063,B-0063-B01,2,0.0015241579027587258,63.6,10210.0
P019,I3,I,3,sample,B-0034,B-0034-B01,1,30.0,39.9,10228.0
P019,I4,I,4,sample,B-0034,B-0034-B01,1,10.0,35.6,10078.0
P019,I5,I,5,sample,B-0034,B-0034-B01,1,3.3333333333333335,40.9,9981.0
P019,I6,I,6,sample,B-0034,B-0034-B01,1,1.1111111111111112,45.1,10426.0
P019,I7,I,7,sample,B-0034,B-0034-B01,1,0.37037037037037035,43.4,10458.0
P019,I8,I,8,sample,B-0034,B-0034-B01,1,0.12345679012345678,45.6,9937.0
P019,I9,I,9,sample,B-0034,B-0034-B01,1,0.0411522633744856,54.2,9367.0
P019,I10,I,10,sample,B-0034,B-0034-B01,1,0.013717421124828532,56.6,9790.0
P019,I11,I,11,sample,B-0034,B-0034-B01,1,0.004572473708276178,62.1,10118.0
P019,I12,I,12,sample,B-0034,B-0034-B01,1,0.0015241579027587258,66.7,9591.0
P019,I13,I,13,sample,B-0034,B-0034-B01,2,30.0,41.2,10526.0
P019,I14,I,14,sample,B-0034,B-0034-B01,2,10.0,43.4,9888.0
P019,I15,I,15,sample,B-0034,B-0034-B01,2,3.3333333333333335,41.4,9846.0
P019,I16,I,16,sample,B-0034,B-0034-B01,2,1.1111111111111112,43.3,9829.0
P019,I17,I,17,sample,B-0034,B-0034-B01,2,0.37037037037037035,41.0,9928.0
P019,I18,I,18,sample,B-0034,B-0034-B01,2,0.12345679012345678,44.3,9988.0
P019,I19,I,19,sample,B-0034,B-0034-B01,2,0.0411522633744856,51.4,9790.0
P019,I20,I,20,sample,B-0034,B-0034-B01,2,0.013717421124828532,58.7,9956.0
P019,I21,I,21,sample,B-0034,B-0034-B01,2,0.004572473708276178,64.9,9888.0
P019,I22,I,22,sample,B-0034,B-0034-B01,2,0.0015241579027587258,67.1,9933.0
P019,J3,J,3,sample,B-0156,B-0156-B01,1,30.0,66.6,9949.0
P019,J4,J,4,sample,B-0156,B-0156-B01,1,10.0,43.0,9581.0
P019,J5,J,5,sample,B-0156,B-0156-B01,1,3.3333333333333335,41.5,10244.0
P019,J6,J,6,sample,B-0156,B-0156-B01,1,1.1111111111111112,41.7,9528.0
P019,J7,J,7,sample,B-0156,B-0156-B01,1,0.37037037037037035,44.5,10224.0
P019,J8,J,8,sample,B-0156,B-0156-B01,1,0.12345679012345678,46.7,9904.0
P019,J9,J,9,sample,B-0156,B-0156-B01,1,0.0411522633744856,54.3,10239.0
P019,J10,J,10,sample,B-0156,B-0156-B01,1,0.013717421124828532,55.1,9596.0
P019,J11,J,11,sample,B-0156,B-0156-B01,1,0.004572473708276178,58.5,9620.0
P019,J12,J,12,sample,B-0156,B-0156-B01,1,0.0015241579027587258,67.7,9804.0
P019,J13,J,13,sample,B-0156,B-0156-B01,2,30.0,38.2,9890.0
P019,J14,J,14,sample,B-0156,B-0156-B01,2,10.0,39.1,10155.0
P019,J15,J,15,sample,B-0156,B-0156-B01,2,3.3333333333333335,43.0,10165.0
P019,J16,J,16,sample,B-0156,B-0156-B01,2,1.1111111111111112,40.3,9963.0
P019,J17,J,17,sample,B-0156,B-0156-B01,2,0.37037037037037035,42.5,9874.0
P019,J18,J,18,sample,B-0156,B-0156-B01,2,0.12345679012345678,44.3,9995.0
P019,J19,J,19,sample,B-0156,B-0156-B01,2,0.0411522633744856,53.9,9995.0
P019,J20,J,20,sample,B-0156,B-0156-B01,2,0.013717421124828532,57.0,9894.0
P019,J21,J,21,sample,B-0156,B-0156-B01,2,0.004572473708276178,58.9,9825.0
P019,J22,J,22,sample,B-0156,B-0156-B01,2,0.0015241579027587258,65.0,9904.0
P019,K3,K,3,sample,B-0300,B-0300-B01,1,30.0,38.9,9776.0
P019,K4,K,4,sample,B-0300,B-0300-B01,1,10.0,38.7,9948.0
P019,K5,K,5,sample,B-0300,B-0300-B01,1,3.3333333333333335,41.2,10110.0
P019,K6,K,6,sample,B-0300,B-0300-B01,1,1.1111111111111112,40.1,9780.0
P019,K7,K,7,sample,B-0300,B-0300-B01,1,0.37037037037037035,42.3,9997.0
P019,K8,K,8,sample,B-0300,B-0300-B01,1,0.12345679012345678,47.0,10439.0
P019,K9,K,9,sample,B-0300,B-0300-B01,1,0.0411522633744856,40.1,9286.0
P019,K10,K,10,sample,B-0300,B-0300-B01,1,0.013717421124828532,52.0,10261.0
P019,K11,K,11,sample,B-0300,B-0300-B01,1,0.004572473708276178,60.1,10134.0
P019,K12,K,12,sample,B-0300,B-0300-B01,1,0.0015241579027587258,65.6,9647.0
P019,K13,K,13,sample,B-0300,B-0300-B01,2,30.0,42.1,9514.0
P019,K14,K,14,sample,B-0300,B-0300-B01,2,10.0,40.6,10337.0
P019,K15,K,15,sample,B-0300,B-0300-B01,2,3.3333333333333335,35.8,9892.0
P019,K16,K,16,sample,B-0300,B-0300-B01,2,1.1111111111111112,36.2,9814.0
P019,K17,K,17,sample,B-0300,B-0300-B01,2,0.37037037037037035,38.7,9599.0
P019,K18,K,18,sample,B-0300,B-0300-B01,2,0.12345679012345678,39.1,9759.0
P019,K19,K,19,sample,B-0300,B-0300-B01,2,0.0411522633744856,38.9,10083.0
P019,K20,K,20,sample,B-0300,B-0300-B01,2,0.013717421124828532,50.6,9812.0
P019,K21,K,21,sample,B-0300,B-0300-B01,2,0.004572473708276178,58.5,9881.0
P019,K22,K,22,sample,B-0300,B-0300-B01,2,0.0015241579027587258,63.8,10022.0
P019,L3,L,3,sample,B-0114,B-0114-B01,1,30.0,42.2,9813.0
P019,L4,L,4,sample,B-0114,B-0114-B01,1,10.0,40.6,9982.0
P019,L5,L,5,sample,B-0114,B-0114-B01,1,3.3333333333333335,44.5,10467.0
P019,L6,L,6,sample,B-0114,B-0114-B01,1,1.1111111111111112,49.8,9820.0
P019,L7,L,7,sample,B-0114,B-0114-B01,1,0.37037037037037035,57.1,9400.0
P019,L8,L,8,sample,B-0114,B-0114-B01,1,0.12345679012345678,55.7,9689.0
P019,L9,L,9,sample,B-0114,B-0114-B01,1,0.0411522633744856,67.8,9829.0
P019,L10,L,10,sample,B-0114,B-0114-B01,1,0.013717421124828532,65.9,9954.0
P019,L11,L,11,sample,B-0114,B-0114-B01,1,0.004572473708276178,66.6,9991.0
P019,L12,L,12,sample,B-0114,B-0114-B01,1,0.0015241579027587258,62.4,9705.0
P019,L13,L,13,sample,B-0114,B-0114-B01,2,30.0,41.1,10152.0
P019,L14,L,14,sample,B-0114,B-0114-B01,2,10.0,40.2,9390.0
P019,L15,L,15,sample,B-0114,B-0114-B01,2,3.3333333333333335,41.3,9704.0
P019,L16,L,16,sample,B-0114,B-0114-B01,2,1.1111111111111112,51.0,9889.0
P019,L17,L,17,sample,B-0114,B-0114-B01,2,0.37037037037037035,57.7,9736.0
P019,L18,L,18,sample,B-0114,B-0114-B01,2,0.12345679012345678,61.7,9666.0
P019,L19,L,19,sample,B-0114,B-0114-B01,2,0.0411522633744856,62.0,9427.0
P019,L20,L,20,sample,B-0114,B-0114-B01,2,0.013717421124828532,63.7,10239.0
P019,L21,L,21,sample,B-0114,B-0114-B01,2,0.004572473708276178,66.2,9678.0
P019,L22,L,22,sample,B-0114,B-0114-B01,2,0.0015241579027587258,66.3,9794.0
P019,M3,M,3,sample,B-0229,B-0229-B01,1,30.0,42.2,10180.0
P019,M4,M,4,sample,B-0229,B-0229-B01,1,10.0,44.4,9914.0
P019,M5,M,5,sample,B-0229,B-0229-B01,1,3.3333333333333335,53.1,10331.0
P019,M6,M,6,sample,B-0229,B-0229-B01,1,1.1111111111111112,66.0,9774.0
P019,M7,M,7,sample,B-0229,B-0229-B01,1,0.37037037037037035,59.1,9875.0
P019,M8,M,8,sample,B-0229,B-0229-B01,1,0.12345679012345678,63.1,9529.0
P019,M9,M,9,sample,B-0229,B-0229-B01,1,0.0411522633744856,66.7,9873.0
P019,M10,M,10,sample,B-0229,B-0229-B01,1,0.013717421124828532,67.7,9707.0
P019,M11,M,11,sample,B-0229,B-0229-B01,1,0.004572473708276178,69.5,10034.0
P019,M12,M,12,sample,B-0229,B-0229-B01,1,0.0015241579027587258,64.1,9619.0
P019,M13,M,13,sample,B-0229,B-0229-B01,2,30.0,41.0,9741.0
P019,M14,M,14,sample,B-0229,B-0229-B01,2,10.0,44.0,10315.0
P019,M15,M,15,sample,B-0229,B-0229-B01,2,3.3333333333333335,55.1,10281.0
P019,M16,M,16,sample,B-0229,B-0229-B01,2,1.1111111111111112,57.2,10187.0
P019,M17,M,17,sample,B-0229,B-0229-B01,2,0.37037037037037035,61.8,10030.0
P019,M18,M,18,sample,B-0229,B-0229-B01,2,0.12345679012345678,64.8,10022.0
P019,M19,M,19,sample,B-0229,B-0229-B01,2,0.0411522633744856,63.2,9722.0
P019,M20,M,20,sample,B-0229,B-0229-B01,2,0.013717421124828532,62.5,9878.0
P019,M21,M,21,sample,B-0229,B-0229-B01,2,0.004572473708276178,66.4,10069.0
P019,M22,M,22,sample,B-0229,B-0229-B01,2,0.0015241579027587258,67.0,9803.0
P019,N3,N,3,sample,B-0134,B-0134-B01,1,30.0,37.6,10074.0
P019,N4,N,4,sample,B-0134,B-0134-B01,1,10.0,42.7,9896.0
P019,N5,N,5,sample,B-0134,B-0134-B01,1,3.3333333333333335,45.3,10495.0
P019,N6,N,6,sample,B-0134,B-0134-B01,1,1.1111111111111112,43.1,9677.0
P019,N7,N,7,sample,B-0134,B-0134-B01,1,0.37037037037037035,53.3,9800.0
P019,N8,N,8,sample,B-0134,B-0134-B01,1,0.12345679012345678,60.0,10052.0
P019,N9,N,9,sample,B-0134,B-0134-B01,1,0.0411522633744856,63.8,10225.0
P019,N10,N,10,sample,B-0134,B-0134-B01,1,0.013717421124828532,62.2,9711.0
P019,N11,N,11,sample,B-0134,B-0134-B01,1,0.004572473708276178,65.9,9361.0
P019,N12,N,12,sample,B-0134,B-0134-B01,1,0.0015241579027587258,67.4,9732.0
P019,N13,N,13,sample,B-0134,B-0134-B01,2,30.0,38.9,9992.0
P019,N14,N,14,sample,B-0134,B-0134-B01,2,10.0,42.1,9812.0
P019,N15,N,15,sample,B-0134,B-0134-B01,2,3.3333333333333335,46.9,9911.0
P019,N16,N,16,sample,B-0134,B-0134-B01,2,1.1111111111111112,44.4,9990.0
P019,N17,N,17,sample,B-0134,B-0134-B01,2,0.37037037037037035,50.9,9841.0
P019,N18,N,18,sample,B-0134,B-0134-B01,2,0.12345679012345678,61.6,9987.0
P019,N19,N,19,sample,B-0134,B-0134-B01,2,0.0411522633744856,62.3,9994.0
P019,N20,N,20,sample,B-0134,B-0134-B01,2,0.013717421124828532,62.9,9782.0
P019,N21,N,21,sample,B-0134,B-0134-B01,2,0.004572473708276178,69.4,9931.0
P019,N22,N,22,sample,B-0134,B-0134-B01,2,0.0015241579027587258,64.2,9575.0
P019,O3,O,3,sample,B-0196,B-0196-B01,1,30.0,43.0,9909.0
P019,O4,O,4,sample,B-0196,B-0196-B01,1,10.0,38.6,10072.0
P019,O5,O,5,sample,B-0196,B-0196-B01,1,3.3333333333333335,37.0,10088.0
P019,O6,O,6,sample,B-0196,B-0196-B01,1,1.1111111111111112,40.8,9925.0
P019,O7,O,7,sample,B-0196,B-0196-B01,1,0.37037037037037035,45.0,10095.0
P019,O8,O,8,sample,B-0196,B-0196-B01,1,0.12345679012345678,44.9,9904.0
P019,O9,O,9,sample,B-0196,B-0196-B01,1,0.0411522633744856,54.1,9766.0
P019,O10,O,10,sample,B-0196,B-0196-B01,1,0.013717421124828532,56.9,9191.0
P019,O11,O,11,sample,B-0196,B-0196-B01,1,0.004572473708276178,62.8,9845.0
P019,O12,O,12,sample,B-0196,B-0196-B01,1,0.0015241579027587258,65.5,9503.0
P019,O13,O,13,sample,B-0196,B-0196-B01,2,30.0,38.1,10003.0
P019,O14,O,14,sample,B-0196,B-0196-B01,2,10.0,40.1,9881.0
P019,O15,O,15,sample,B-0196,B-0196-B01,2,3.3333333333333335,39.0,9973.0
P019,O16,O,16,sample,B-0196,B-0196-B01,2,1.1111111111111112,42.3,10070.0
P019,O17,O,17,sample,B-0196,B-0196-B01,2,0.37037037037037035,42.0,9921.0
P019,O18,O,18,sample,B-0196,B-0196-B01,2,0.12345679012345678,46.3,10138.0
P019,O19,O,19,sample,B-0196,B-0196-B01,2,0.0411522633744856,53.8,9886.0
P019,O20,O,20,sample,B-0196,B-0196-B01,2,0.013717421124828532,62.0,9850.0
P019,O21,O,21,sample,B-0196,B-0196-B01,2,0.004572473708276178,60.2,9888.0
P019,O22,O,22,sample,B-0196,B-0196-B01,2,0.0015241579027587258,64.3,9611.0
P019,P3,P,3,sample,A-0052,A-0052-B01,1,30.0,43.7,10251.0
P019,P4,P,4,sample,A-0052,A-0052-B01,1,10.0,49.8,10327.0
P019,P5,P,5,sample,A-0052,A-0052-B01,1,3.3333333333333335,52.2,10563.0
P019,P6,P,6,sample,A-0052,A-0052-B01,1,1.1111111111111112,57.9,10576.0
P019,P7,P,7,sample,A-0052,A-0052-B01,1,0.37037037037037035,62.5,10520.0
P019,P8,P,8,sample,A-0052,A-0052-B01,1,0.12345679012345678,72.3,10532.0
P019,P9,P,9,sample,A-0052,A-0052-B01,1,0.0411522633744856,75.4,10473.0
P019,P10,P,10,sample,A-0052,A-0052-B01,1,0.013717421124828532,68.1,10158.0
P019,P11,P,11,sample,A-0052,A-0052-B01,1,0.004572473708276178,72.6,9564.0
P019,P12,P,12,sample,A-0052,A-0052-B01,1,0.0015241579027587258,70.9,10105.0
P019,P13,P,13,sample,A-0052,A-0052-B01,2,30.0,45.6,10178.0
P019,P14,P,14,sample,A-0052,A-0052-B01,2,10.0,43.8,9826.0
P019,P15,P,15,sample,A-0052,A-0052-B01,2,3.3333333333333335,59.8,10078.0
P019,P16,P,16,sample,A-0052,A-0052-B01,2,1.1111111111111112,64.2,9757.0
P019,P17,P,17,sample,A-0052,A-0052-B01,2,0.37037037037037035,60.8,9679.0
P019,P18,P,18,sample,A-0052,A-0052-B01,2,0.12345679012345678,72.1,9642.0
P019,P19,P,19,sample,A-0052,A-0052-B01,2,0.0411522633744856,67.3,10202.0
P019,P20,P,20,sample,A-0052,A-0052-B01,2,0.013717421124828532,67.8,10120.0
P019,P21,P,21,sample,A-0052,A-0052-B01,2,0.004572473708276178,70.3,9775.0
P019,P22,P,22,sample,A-0052,A-0052-B01,2,0.0015241579027587258,69.5,10026.0
P020,A1,A,1,high_control,,,0,0.0,64.7,9786.0
P020,A2,A,2,low_control,,,0,0.0,32.8,9671.0
P020,A23,A,23,reference,REF-1,REF-1-B01,1,30.0,39.0,9950.0
P020,A24,A,24,reference,REF-1,REF-1-B01,2,30.0,39.6,9829.0
P020,B1,B,1,high_control,,,0,0.0,59.5,9926.0
P020,B2,B,2,low_control,,,0,0.0,37.9,9968.0
P020,B23,B,23,reference,REF-1,REF-1-B01,1,10.0,32.8,10125.0
P020,B24,B,24,reference,REF-1,REF-1-B01,2,10.0,35.6,10068.0
P020,C1,C,1,high_control,,,0,0.0,65.9,9896.0
P020,C2,C,2,low_control,,,0,0.0,30.8,9901.0
P020,C23,C,23,reference,REF-1,REF-1-B01,1,3.3333333333333335,33.4,10427.0
P020,C24,C,24,reference,REF-1,REF-1-B01,2,3.3333333333333335,36.1,10064.0
P020,D1,D,1,high_control,,,0,0.0,60.1,9751.0
P020,D2,D,2,low_control,,,0,0.0,33.6,9964.0
P020,D23,D,23,reference,REF-1,REF-1-B01,1,1.1111111111111112,38.3,10155.0
P020,D24,D,24,reference,REF-1,REF-1-B01,2,1.1111111111111112,45.9,10096.0
P020,E1,E,1,high_control,,,0,0.0,65.0,10230.0
P020,E2,E,2,low_control,,,0,0.0,38.7,9772.0
P020,E23,E,23,reference,REF-1,REF-1-B01,1,0.37037037037037035,35.4,10056.0
P020,E24,E,24,reference,REF-1,REF-1-B01,2,0.37037037037037035,40.8,10291.0
P020,F1,F,1,high_control,,,0,0.0,60.8,10254.0
P020,F2,F,2,low_control,,,0,0.0,34.2,9883.0
P020,F23,F,23,reference,REF-1,REF-1-B01,1,0.12345679012345678,40.5,9968.0
P020,F24,F,24,reference,REF-1,REF-1-B01,2,0.12345679012345678,47.4,10201.0
P020,G1,G,1,high_control,,,0,0.0,68.0,9824.0
P020,G2,G,2,low_control,,,0,0.0,33.7,10247.0
P020,G23,G,23,reference,REF-1,REF-1-B01,1,0.0411522633744856,50.9,9800.0
P020,G24,G,24,reference,REF-1,REF-1-B01,2,0.0411522633744856,54.9,9978.0
P020,H1,H,1,high_control,,,0,0.0,64.3,10145.0
P020,H2,H,2,low_control,,,0,0.0,34.3,9906.0
P020,H23,H,23,reference,REF-1,REF-1-B01,1,0.013717421124828532,60.5,10013.0
P020,H24,H,24,reference,REF-1,REF-1-B01,2,0.013717421124828532,62.3,9899.0
P020,I1,I,1,high_control,,,0,0.0,64.9,10147.0
P020,I2,I,2,low_control,,,0,0.0,33.5,9837.0
P020,I23,I,23,reference,REF-1,REF-1-B01,1,0.004572473708276178,57.2,10051.0
P020,I24,I,24,reference,REF-1,REF-1-B01,2,0.004572473708276178,59.7,9273.0
P020,J1,J,1,high_control,,,0,0.0,61.9,9734.0
P020,J2,J,2,low_control,,,0,0.0,38.4,9921.0
P020,J23,J,23,reference,REF-1,REF-1-B01,1,0.0015241579027587258,59.1,9735.0
P020,J24,J,24,reference,REF-1,REF-1-B01,2,0.0015241579027587258,63.1,10128.0
P020,K1,K,1,high_control,,,0,0.0,62.4,9941.0
P020,K2,K,2,low_control,,,0,0.0,31.8,9300.0
P020,K23,K,23,high_control,,,0,0.0,60.9,10053.0
P020,K24,K,24,low_control,,,0,0.0,34.1,9998.0
P020,L1,L,1,high_control,,,0,0.0,62.4,10316.0
P020,L2,L,2,low_control,,,0,0.0,31.8,9651.0
P020,L23,L,23,high_control,,,0,0.0,57.2,9824.0
P020,L24,L,24,low_control,,,0,0.0,37.8,10069.0
P020,M1,M,1,high_control,,,0,0.0,63.1,10204.0
P020,M2,M,2,low_control,,,0,0.0,29.2,9895.0
P020,M23,M,23,high_control,,,0,0.0,60.1,9719.0
P020,M24,M,24,low_control,,,0,0.0,31.6,10266.0
P020,N1,N,1,high_control,,,0,0.0,62.6,9583.0
P020,N2,N,2,low_control,,,0,0.0,32.7,9812.0
P020,N23,N,23,high_control,,,0,0.0,56.6,10108.0
P020,N24,N,24,low_control,,,0,0.0,35.5,10557.0
P020,O1,O,1,high_control,,,0,0.0,64.5,9313.0
P020,O2,O,2,low_control,,,0,0.0,35.5,9814.0
P020,O23,O,23,high_control,,,0,0.0,58.7,9862.0
P020,O24,O,24,low_control,,,0,0.0,41.3,10006.0
P020,P1,P,1,high_control,,,0,0.0,63.5,10291.0
P020,P2,P,2,low_control,,,0,0.0,37.5,9756.0
P020,P23,P,23,high_control,,,0,0.0,56.2,9970.0
P020,P24,P,24,low_control,,,0,0.0,42.7,10489.0
P020,A3,A,3,sample,B-0248,B-0248-B01,1,30.0,41.3,10186.0
P020,A4,A,4,sample,B-0248,B-0248-B01,1,10.0,36.8,10143.0
P020,A5,A,5,sample,B-0248,B-0248-B01,1,3.3333333333333335,40.1,10442.0
P020,A6,A,6,sample,B-0248,B-0248-B01,1,1.1111111111111112,40.1,10414.0
P020,A7,A,7,sample,B-0248,B-0248-B01,1,0.37037037037037035,33.8,10110.0
P020,A8,A,8,sample,B-0248,B-0248-B01,1,0.12345679012345678,47.3,10504.0
P020,A9,A,9,sample,B-0248,B-0248-B01,1,0.0411522633744856,54.7,9809.0
P020,A10,A,10,sample,B-0248,B-0248-B01,1,0.013717421124828532,59.2,9830.0
P020,A11,A,11,sample,B-0248,B-0248-B01,1,0.004572473708276178,57.9,10104.0
P020,A12,A,12,sample,B-0248,B-0248-B01,1,0.0015241579027587258,64.0,9724.0
P020,A13,A,13,sample,B-0248,B-0248-B01,2,30.0,34.4,10466.0
P020,A14,A,14,sample,B-0248,B-0248-B01,2,10.0,42.5,10053.0
P020,A15,A,15,sample,B-0248,B-0248-B01,2,3.3333333333333335,41.1,10429.0
P020,A16,A,16,sample,B-0248,B-0248-B01,2,1.1111111111111112,39.9,10113.0
P020,A17,A,17,sample,B-0248,B-0248-B01,2,0.37037037037037035,39.2,10247.0
P020,A18,A,18,sample,B-0248,B-0248-B01,2,0.12345679012345678,44.4,10020.0
P020,A19,A,19,sample,B-0248,B-0248-B01,2,0.0411522633744856,53.3,9895.0
P020,A20,A,20,sample,B-0248,B-0248-B01,2,0.013717421124828532,58.0,10003.0
P020,A21,A,21,sample,B-0248,B-0248-B01,2,0.004572473708276178,62.5,9943.0
P020,A22,A,22,sample,B-0248,B-0248-B01,2,0.0015241579027587258,63.8,9770.0
P020,B3,B,3,sample,B-0318,B-0318-B01,1,30.0,29.1,10242.0
P020,B4,B,4,sample,B-0318,B-0318-B01,1,10.0,33.5,10342.0
P020,B5,B,5,sample,B-0318,B-0318-B01,1,3.3333333333333335,35.9,9858.0
P020,B6,B,6,sample,B-0318,B-0318-B01,1,1.1111111111111112,29.1,9707.0
P020,B7,B,7,sample,B-0318,B-0318-B01,1,0.37037037037037035,30.4,9810.0
P020,B8,B,8,sample,B-0318,B-0318-B01,1,0.12345679012345678,30.9,9838.0
P020,B9,B,9,sample,B-0318,B-0318-B01,1,0.0411522633744856,35.0,9860.0
P020,B10,B,10,sample,B-0318,B-0318-B01,1,0.013717421124828532,39.0,9800.0
P020,B11,B,11,sample,B-0318,B-0318-B01,1,0.004572473708276178,53.2,9461.0
P020,B12,B,12,sample,B-0318,B-0318-B01,1,0.0015241579027587258,54.2,9704.0
P020,B13,B,13,sample,B-0318,B-0318-B01,2,30.0,34.3,10238.0
P020,B14,B,14,sample,B-0318,B-0318-B01,2,10.0,37.4,9901.0
P020,B15,B,15,sample,B-0318,B-0318-B01,2,3.3333333333333335,35.5,9710.0
P020,B16,B,16,sample,B-0318,B-0318-B01,2,1.1111111111111112,36.9,9980.0
P020,B17,B,17,sample,B-0318,B-0318-B01,2,0.37037037037037035,31.5,9978.0
P020,B18,B,18,sample,B-0318,B-0318-B01,2,0.12345679012345678,34.3,9949.0
P020,B19,B,19,sample,B-0318,B-0318-B01,2,0.0411522633744856,36.4,9649.0
P020,B20,B,20,sample,B-0318,B-0318-B01,2,0.013717421124828532,39.3,9860.0
P020,B21,B,21,sample,B-0318,B-0318-B01,2,0.004572473708276178,53.0,9778.0
P020,B22,B,22,sample,B-0318,B-0318-B01,2,0.0015241579027587258,56.8,9761.0
P020,C3,C,3,sample,B-0021,B-0021-B01,1,30.0,37.5,9574.0
P020,C4,C,4,sample,B-0021,B-0021-B01,1,10.0,34.4,9957.0
P020,C5,C,5,sample,B-0021,B-0021-B01,1,3.3333333333333335,36.0,9769.0
P020,C6,C,6,sample,B-0021,B-0021-B01,1,1.1111111111111112,42.0,9945.0
P020,C7,C,7,sample,B-0021,B-0021-B01,1,0.37037037037037035,45.7,9631.0
P020,C8,C,8,sample,B-0021,B-0021-B01,1,0.12345679012345678,50.8,9758.0
P020,C9,C,9,sample,B-0021,B-0021-B01,1,0.0411522633744856,56.5,9548.0
P020,C10,C,10,sample,B-0021,B-0021-B01,1,0.013717421124828532,60.3,9607.0
P020,C11,C,11,sample,B-0021,B-0021-B01,1,0.004572473708276178,58.7,9608.0
P020,C12,C,12,sample,B-0021,B-0021-B01,1,0.0015241579027587258,61.0,9375.0
P020,C13,C,13,sample,B-0021,B-0021-B01,2,30.0,34.7,10268.0
P020,C14,C,14,sample,B-0021,B-0021-B01,2,10.0,34.0,10025.0
P020,C15,C,15,sample,B-0021,B-0021-B01,2,3.3333333333333335,38.4,10459.0
P020,C16,C,16,sample,B-0021,B-0021-B01,2,1.1111111111111112,39.9,9808.0
P020,C17,C,17,sample,B-0021,B-0021-B01,2,0.37037037037037035,42.4,10014.0
P020,C18,C,18,sample,B-0021,B-0021-B01,2,0.12345679012345678,55.7,9580.0
P020,C19,C,19,sample,B-0021,B-0021-B01,2,0.0411522633744856,56.2,9596.0
P020,C20,C,20,sample,B-0021,B-0021-B01,2,0.013717421124828532,56.4,9959.0
P020,C21,C,21,sample,B-0021,B-0021-B01,2,0.004572473708276178,58.8,9096.0
P020,C22,C,22,sample,B-0021,B-0021-B01,2,0.0015241579027587258,58.1,9742.0
P020,D3,D,3,sample,A-0073,A-0073-B01,1,30.0,38.5,10073.0
P020,D4,D,4,sample,A-0073,A-0073-B01,1,10.0,43.9,10424.0
P020,D5,D,5,sample,A-0073,A-0073-B01,1,3.3333333333333335,52.2,9871.0
P020,D6,D,6,sample,A-0073,A-0073-B01,1,1.1111111111111112,47.6,10163.0
P020,D7,D,7,sample,A-0073,A-0073-B01,1,0.37037037037037035,63.9,10155.0
P020,D8,D,8,sample,A-0073,A-0073-B01,1,0.12345679012345678,56.8,9758.0
P020,D9,D,9,sample,A-0073,A-0073-B01,1,0.0411522633744856,62.3,10040.0
P020,D10,D,10,sample,A-0073,A-0073-B01,1,0.013717421124828532,56.7,9364.0
P020,D11,D,11,sample,A-0073,A-0073-B01,1,0.004572473708276178,57.9,9303.0
P020,D12,D,12,sample,A-0073,A-0073-B01,1,0.0015241579027587258,58.5,9415.0
P020,D13,D,13,sample,A-0073,A-0073-B01,2,30.0,35.4,10219.0
P020,D14,D,14,sample,A-0073,A-0073-B01,2,10.0,41.6,10101.0
P020,D15,D,15,sample,A-0073,A-0073-B01,2,3.3333333333333335,48.3,9754.0
P020,D16,D,16,sample,A-0073,A-0073-B01,2,1.1111111111111112,58.5,9859.0
P020,D17,D,17,sample,A-0073,A-0073-B01,2,0.37037037037037035,59.7,9909.0
P020,D18,D,18,sample,A-0073,A-0073-B01,2,0.12345679012345678,61.0,9796.0
P020,D19,D,19,sample,A-0073,A-0073-B01,2,0.0411522633744856,58.0,10119.0
P020,D20,D,20,sample,A-0073,A-0073-B01,2,0.013717421124828532,54.6,9526.0
P020,D21,D,21,sample,A-0073,A-0073-B01,2,0.004572473708276178,62.8,9642.0
P020,D22,D,22,sample,A-0073,A-0073-B01,2,0.0015241579027587258,60.2,10381.0
P020,E3,E,3,sample,A-0150,A-0150-B01,1,30.0,34.1,9873.0
P020,E4,E,4,sample,A-0150,A-0150-B01,1,10.0,37.3,10199.0
P020,E5,E,5,sample,A-0150,A-0150-B01,1,3.3333333333333335,42.1,10020.0
P020,E6,E,6,sample,A-0150,A-0150-B01,1,1.1111111111111112,42.6,9770.0
P020,E7,E,7,sample,A-0150,A-0150-B01,1,0.37037037037037035,49.1,9721.0
P020,E8,E,8,sample,A-0150,A-0150-B01,1,0.12345679012345678,56.9,9864.0
P020,E9,E,9,sample,A-0150,A-0150-B01,1,0.0411522633744856,59.8,9747.0
P020,E10,E,10,sample,A-0150,A-0150-B01,1,0.013717421124828532,55.7,9589.0
P020,E11,E,11,sample,A-0150,A-0150-B01,1,0.004572473708276178,60.1,9822.0
P020,E12,E,12,sample,A-0150,A-0150-B01,1,0.0015241579027587258,58.7,9750.0
P020,E13,E,13,sample,A-0150,A-0150-B01,2,30.0,32.8,9696.0
P020,E14,E,14,sample,A-0150,A-0150-B01,2,10.0,34.2,10037.0
P020,E15,E,15,sample,A-0150,A-0150-B01,2,3.3333333333333335,32.5,10067.0
P020,E16,E,16,sample,A-0150,A-0150-B01,2,1.1111111111111112,46.8,10196.0
P020,E17,E,17,sample,A-0150,A-0150-B01,2,0.37037037037037035,53.4,9904.0
P020,E18,E,18,sample,A-0150,A-0150-B01,2,0.12345679012345678,52.0,9740.0
P020,E19,E,19,sample,A-0150,A-0150-B01,2,0.0411522633744856,58.1,10070.0
P020,E20,E,20,sample,A-0150,A-0150-B01,2,0.013717421124828532,56.9,9902.0
P020,E21,E,21,sample,A-0150,A-0150-B01,2,0.004572473708276178,57.7,9997.0
P020,E22,E,22,sample,A-0150,A-0150-B01,2,0.0015241579027587258,58.8,9668.0
P020,F3,F,3,sample,B-0066,B-0066-B01,1,30.0,26.4,10196.0
P020,F4,F,4,sample,B-0066,B-0066-B01,1,10.0,35.7,10167.0
P020,F5,F,5,sample,B-0066,B-0066-B01,1,3.3333333333333335,39.3,10182.0
P020,F6,F,6,sample,B-0066,B-0066-B01,1,1.1111111111111112,44.9,10247.0
P020,F7,F,7,sample,B-0066,B-0066-B01,1,0.37037037037037035,50.6,9959.0
P020,F8,F,8,sample,B-0066,B-0066-B01,1,0.12345679012345678,60.0,9539.0
P020,F9,F,9,sample,B-0066,B-0066-B01,1,0.0411522633744856,56.2,9974.0
P020,F10,F,10,sample,B-0066,B-0066-B01,1,0.013717421124828532,59.0,9905.0
P020,F11,F,11,sample,B-0066,B-0066-B01,1,0.004572473708276178,61.0,9794.0
P020,F12,F,12,sample,B-0066,B-0066-B01,1,0.0015241579027587258,60.8,9988.0
P020,F13,F,13,sample,B-0066,B-0066-B01,2,30.0,32.7,9732.0
P020,F14,F,14,sample,B-0066,B-0066-B01,2,10.0,35.7,10371.0
P020,F15,F,15,sample,B-0066,B-0066-B01,2,3.3333333333333335,42.2,10120.0
P020,F16,F,16,sample,B-0066,B-0066-B01,2,1.1111111111111112,48.4,10013.0
P020,F17,F,17,sample,B-0066,B-0066-B01,2,0.37037037037037035,52.9,9931.0
P020,F18,F,18,sample,B-0066,B-0066-B01,2,0.12345679012345678,57.9,9306.0
P020,F19,F,19,sample,B-0066,B-0066-B01,2,0.0411522633744856,63.3,9559.0
P020,F20,F,20,sample,B-0066,B-0066-B01,2,0.013717421124828532,58.1,9885.0
P020,F21,F,21,sample,B-0066,B-0066-B01,2,0.004572473708276178,62.0,9958.0
P020,F22,F,22,sample,B-0066,B-0066-B01,2,0.0015241579027587258,56.5,9488.0
P020,G3,G,3,sample,B-0314,B-0314-B01,1,30.0,33.2,9755.0
P020,G4,G,4,sample,B-0314,B-0314-B01,1,10.0,34.9,9791.0
P020,G5,G,5,sample,B-0314,B-0314-B01,1,3.3333333333333335,36.5,10194.0
P020,G6,G,6,sample,B-0314,B-0314-B01,1,1.1111111111111112,38.3,10034.0
P020,G7,G,7,sample,B-0314,B-0314-B01,1,0.37037037037037035,41.8,9675.0
P020,G8,G,8,sample,B-0314,B-0314-B01,1,0.12345679012345678,50.0,9713.0
P020,G9,G,9,sample,B-0314,B-0314-B01,1,0.0411522633744856,51.2,9565.0
P020,G10,G,10,sample,B-0314,B-0314-B01,1,0.013717421124828532,55.4,9319.0
P020,G11,G,11,sample,B-0314,B-0314-B01,1,0.004572473708276178,58.5,9612.0
P020,G12,G,12,sample,B-0314,B-0314-B01,1,0.0015241579027587258,61.8,9571.0
P020,G13,G,13,sample,B-0314,B-0314-B01,2,30.0,33.4,10008.0
P020,G14,G,14,sample,B-0314,B-0314-B01,2,10.0,34.8,9987.0
P020,G15,G,15,sample,B-0314,B-0314-B01,2,3.3333333333333335,31.3,10006.0
P020,G16,G,16,sample,B-0314,B-0314-B01,2,1.1111111111111112,36.4,10265.0
P020,G17,G,17,sample,B-0314,B-0314-B01,2,0.37037037037037035,41.7,10050.0
P020,G18,G,18,sample,B-0314,B-0314-B01,2,0.12345679012345678,48.0,9767.0
P020,G19,G,19,sample,B-0314,B-0314-B01,2,0.0411522633744856,53.9,10117.0
P020,G20,G,20,sample,B-0314,B-0314-B01,2,0.013717421124828532,53.7,9610.0
P020,G21,G,21,sample,B-0314,B-0314-B01,2,0.004572473708276178,54.8,9637.0
P020,G22,G,22,sample,B-0314,B-0314-B01,2,0.0015241579027587258,57.5,10058.0
P020,H3,H,3,sample,B-0259,B-0259-B01,1,30.0,34.6,9986.0
P020,H4,H,4,sample,B-0259,B-0259-B01,1,10.0,36.8,9909.0
P020,H5,H,5,sample,B-0259,B-0259-B01,1,3.3333333333333335,31.4,9818.0
P020,H6,H,6,sample,B-0259,B-0259-B01,1,1.1111111111111112,33.9,10148.0
P020,H7,H,7,sample,B-0259,B-0259-B01,1,0.37037037037037035,33.0,10169.0
P020,H8,H,8,sample,B-0259,B-0259-B01,1,0.12345679012345678,32.5,9843.0
P020,H9,H,9,sample,B-0259,B-0259-B01,1,0.0411522633744856,45.5,9841.0
P020,H10,H,10,sample,B-0259,B-0259-B01,1,0.013717421124828532,50.6,9692.0
P020,H11,H,11,sample,B-0259,B-0259-B01,1,0.004572473708276178,54.3,9905.0
P020,H12,H,12,sample,B-0259,B-0259-B01,1,0.0015241579027587258,55.7,9680.0
P020,H13,H,13,sample,B-0259,B-0259-B01,2,30.0,33.2,9947.0
P020,H14,H,14,sample,B-0259,B-0259-B01,2,10.0,31.2,10115.0
P020,H15,H,15,sample,B-0259,B-0259-B01,2,3.3333333333333335,39.6,9682.0
P020,H16,H,16,sample,B-0259,B-0259-B01,2,1.1111111111111112,33.7,9544.0
P020,H17,H,17,sample,B-0259,B-0259-B01,2,0.37037037037037035,36.7,9809.0
P020,H18,H,18,sample,B-0259,B-0259-B01,2,0.12345679012345678,37.6,9967.0
P020,H19,H,19,sample,B-0259,B-0259-B01,2,0.0411522633744856,39.5,10060.0
P020,H20,H,20,sample,B-0259,B-0259-B01,2,0.013717421124828532,45.5,9765.0
P020,H21,H,21,sample,B-0259,B-0259-B01,2,0.004572473708276178,54.2,9724.0
P020,H22,H,22,sample,B-0259,B-0259-B01,2,0.0015241579027587258,57.4,9738.0
P020,I3,I,3,sample,B-0212,B-0212-B01,1,30.0,33.1,10370.0
P020,I4,I,4,sample,B-0212,B-0212-B01,1,10.0,34.0,10695.0
P020,I5,I,5,sample,B-0212,B-0212-B01,1,3.3333333333333335,37.3,10079.0
P020,I6,I,6,sample,B-0212,B-0212-B01,1,1.1111111111111112,44.4,10422.0
P020,I7,I,7,sample,B-0212,B-0212-B01,1,0.37037037037037035,48.5,9894.0
P020,I8,I,8,sample,B-0212,B-0212-B01,1,0.12345679012345678,54.5,9944.0
P020,I9,I,9,sample,B-0212,B-0212-B01,1,0.0411522633744856,52.9,10441.0
P020,I10,I,10,sample,B-0212,B-0212-B01,1,0.013717421124828532,61.7,9866.0
P020,I11,I,11,sample,B-0212,B-0212-B01,1,0.004572473708276178,55.0,9886.0
P020,I12,I,12,sample,B-0212,B-0212-B01,1,0.0015241579027587258,59.1,9969.0
P020,I13,I,13,sample,B-0212,B-0212-B01,2,30.0,31.4,9729.0
P020,I14,I,14,sample,B-0212,B-0212-B01,2,10.0,36.3,9693.0
P020,I15,I,15,sample,B-0212,B-0212-B01,2,3.3333333333333335,35.5,9647.0
P020,I16,I,16,sample,B-0212,B-0212-B01,2,1.1111111111111112,37.1,9442.0
P020,I17,I,17,sample,B-0212,B-0212-B01,2,0.37037037037037035,48.7,9761.0
P020,I18,I,18,sample,B-0212,B-0212-B01,2,0.12345679012345678,54.2,10006.0
P020,I19,I,19,sample,B-0212,B-0212-B01,2,0.0411522633744856,57.8,9708.0
P020,I20,I,20,sample,B-0212,B-0212-B01,2,0.013717421124828532,59.0,9965.0
P020,I21,I,21,sample,B-0212,B-0212-B01,2,0.004572473708276178,63.9,9935.0
P020,I22,I,22,sample,B-0212,B-0212-B01,2,0.0015241579027587258,61.8,9621.0
P020,J3,J,3,sample,B-0271,B-0271-B01,1,30.0,31.3,10373.0
P020,J4,J,4,sample,B-0271,B-0271-B01,1,10.0,29.9,9598.0
P020,J5,J,5,sample,B-0271,B-0271-B01,1,3.3333333333333335,33.8,9964.0
P020,J6,J,6,sample,B-0271,B-0271-B01,1,1.1111111111111112,34.1,10307.0
P020,J7,J,7,sample,B-0271,B-0271-B01,1,0.37037037037037035,37.8,10189.0
P020,J8,J,8,sample,B-0271,B-0271-B01,1,0.12345679012345678,58.6,9189.0
P020,J9,J,9,sample,B-0271,B-0271-B01,1,0.0411522633744856,48.9,9815.0
P020,J10,J,10,sample,B-0271,B-0271-B01,1,0.013717421124828532,51.0,9428.0
P020,J11,J,11,sample,B-0271,B-0271-B01,1,0.004572473708276178,54.4,10153.0
P020,J12,J,12,sample,B-0271,B-0271-B01,1,0.0015241579027587258,61.0,9773.0
P020,J13,J,13,sample,B-0271,B-0271-B01,2,30.0,35.3,9930.0
P020,J14,J,14,sample,B-0271,B-0271-B01,2,10.0,34.2,10070.0
P020,J15,J,15,sample,B-0271,B-0271-B01,2,3.3333333333333335,32.8,9787.0
P020,J16,J,16,sample,B-0271,B-0271-B01,2,1.1111111111111112,36.5,10371.0
P020,J17,J,17,sample,B-0271,B-0271-B01,2,0.37037037037037035,39.8,9930.0
P020,J18,J,18,sample,B-0271,B-0271-B01,2,0.12345679012345678,44.3,9893.0
P020,J19,J,19,sample,B-0271,B-0271-B01,2,0.0411522633744856,46.9,9396.0
P020,J20,J,20,sample,B-0271,B-0271-B01,2,0.013717421124828532,52.7,9901.0
P020,J21,J,21,sample,B-0271,B-0271-B01,2,0.004572473708276178,55.6,10043.0
P020,J22,J,22,sample,B-0271,B-0271-B01,2,0.0015241579027587258,57.2,9577.0
P020,K3,K,3,sample,B-0324,B-0324-B01,1,30.0,59.9,9829.0
P020,K4,K,4,sample,B-0324,B-0324-B01,1,10.0,39.7,10151.0
P020,K5,K,5,sample,B-0324,B-0324-B01,1,3.3333333333333335,43.2,10014.0
P020,K6,K,6,sample,B-0324,B-0324-B01,1,1.1111111111111112,49.4,9625.0
P020,K7,K,7,sample,B-0324,B-0324-B01,1,0.37037037037037035,52.8,9788.0
P020,K8,K,8,sample,B-0324,B-0324-B01,1,0.12345679012345678,55.8,9981.0
P020,K9,K,9,sample,B-0324,B-0324-B01,1,0.0411522633744856,60.0,9874.0
P020,K10,K,10,sample,B-0324,B-0324-B01,1,0.013717421124828532,56.9,9619.0
P020,K11,K,11,sample,B-0324,B-0324-B01,1,0.004572473708276178,58.0,9786.0
P020,K12,K,12,sample,B-0324,B-0324-B01,1,0.0015241579027587258,56.7,10013.0
P020,K13,K,13,sample,B-0324,B-0324-B01,2,30.0,28.7,9662.0
P020,K14,K,14,sample,B-0324,B-0324-B01,2,10.0,37.0,10400.0
P020,K15,K,15,sample,B-0324,B-0324-B01,2,3.3333333333333335,43.4,9835.0
P020,K16,K,16,sample,B-0324,B-0324-B01,2,1.1111111111111112,49.5,9822.0
P020,K17,K,17,sample,B-0324,B-0324-B01,2,0.37037037037037035,54.1,9744.0
P020,K18,K,18,sample,B-0324,B-0324-B01,2,0.12345679012345678,60.4,9494.0
P020,K19,K,19,sample,B-0324,B-0324-B01,2,0.0411522633744856,62.2,9859.0
P020,K20,K,20,sample,B-0324,B-0324-B01,2,0.013717421124828532,57.6,9959.0
P020,K21,K,21,sample,B-0324,B-0324-B01,2,0.004572473708276178,54.0,9690.0
P020,K22,K,22,sample,B-0324,B-0324-B01,2,0.0015241579027587258,60.1,10047.0
P020,L3,L,3,sample,C-0046,C-0046-B01,1,30.0,39.1,9968.0
P020,L4,L,4,sample,C-0046,C-0046-B01,1,10.0,36.0,9802.0
P020,L5,L,5,sample,C-0046,C-0046-B01,1,3.3333333333333335,47.2,9924.0
P020,L6,L,6,sample,C-0046,C-0046-B01,1,1.1111111111111112,60.2,9349.0
P020,L7,L,7,sample,C-0046,C-0046-B01,1,0.37037037037037035,57.8,9668.0
P020,L8,L,8,sample,C-0046,C-0046-B01,1,0.12345679012345678,59.8,9622.0
P020,L9,L,9,sample,C-0046,C-0046-B01,1,0.0411522633744856,59.2,9465.0
P020,L10,L,10,sample,C-0046,C-0046-B01,1,0.013717421124828532,58.9,9926.0
P020,L11,L,11,sample,C-0046,C-0046-B01,1,0.004572473708276178,58.1,9536.0
P020,L12,L,12,sample,C-0046,C-0046-B01,1,0.0015241579027587258,60.0,9710.0
P020,L13,L,13,sample,C-0046,C-0046-B01,2,30.0,36.0,9772.0
P020,L14,L,14,sample,C-0046,C-0046-B01,2,10.0,41.8,9874.0
P020,L15,L,15,sample,C-0046,C-0046-B01,2,3.3333333333333335,46.3,10118.0
P020,L16,L,16,sample,C-0046,C-0046-B01,2,1.1111111111111112,55.3,9434.0
P020,L17,L,17,sample,C-0046,C-0046-B01,2,0.37037037037037035,57.4,9278.0
P020,L18,L,18,sample,C-0046,C-0046-B01,2,0.12345679012345678,60.5,9929.0
P020,L19,L,19,sample,C-0046,C-0046-B01,2,0.0411522633744856,55.5,9815.0
P020,L20,L,20,sample,C-0046,C-0046-B01,2,0.013717421124828532,56.8,9495.0
P020,L21,L,21,sample,C-0046,C-0046-B01,2,0.004572473708276178,54.5,10007.0
P020,L22,L,22,sample,C-0046,C-0046-B01,2,0.0015241579027587258,57.4,9633.0
P020,M3,M,3,sample,B-0189,B-0189-B01,1,30.0,36.8,9892.0
P020,M4,M,4,sample,B-0189,B-0189-B01,1,10.0,33.4,9652.0
P020,M5,M,5,sample,B-0189,B-0189-B01,1,3.3333333333333335,34.9,9684.0
P020,M6,M,6,sample,B-0189,B-0189-B01,1,1.1111111111111112,37.2,10184.0
P020,M7,M,7,sample,B-0189,B-0189-B01,1,0.37037037037037035,35.1,9845.0
P020,M8,M,8,sample,B-0189,B-0189-B01,1,0.12345679012345678,46.7,9808.0
P020,M9,M,9,sample,B-0189,B-0189-B01,1,0.0411522633744856,51.1,9532.0
P020,M10,M,10,sample,B-0189,B-0189-B01,1,0.013717421124828532,55.2,9745.0
P020,M11,M,11,sample,B-0189,B-0189-B01,1,0.004572473708276178,57.1,10052.0
P020,M12,M,12,sample,B-0189,B-0189-B01,1,0.0015241579027587258,58.8,9644.0
P020,M13,M,13,sample,B-0189,B-0189-B01,2,30.0,35.4,9722.0
P020,M14,M,14,sample,B-0189,B-0189-B01,2,10.0,31.3,9824.0
P020,M15,M,15,sample,B-0189,B-0189-B01,2,3.3333333333333335,32.9,10334.0
P020,M16,M,16,sample,B-0189,B-0189-B01,2,1.1111111111111112,36.9,10369.0
P020,M17,M,17,sample,B-0189,B-0189-B01,2,0.37037037037037035,36.6,9831.0
P020,M18,M,18,sample,B-0189,B-0189-B01,2,0.12345679012345678,40.4,9935.0
P020,M19,M,19,sample,B-0189,B-0189-B01,2,0.0411522633744856,49.0,10254.0
P020,M20,M,20,sample,B-0189,B-0189-B01,2,0.013717421124828532,56.4,10147.0
P020,M21,M,21,sample,B-0189,B-0189-B01,2,0.004572473708276178,56.1,9662.0
P020,M22,M,22,sample,B-0189,B-0189-B01,2,0.0015241579027587258,61.0,10104.0
P020,N3,N,3,sample,B-0306,B-0306-B01,1,30.0,38.8,9986.0
P020,N4,N,4,sample,B-0306,B-0306-B01,1,10.0,32.9,10506.0
P020,N5,N,5,sample,B-0306,B-0306-B01,1,3.3333333333333335,43.3,9911.0
P020,N6,N,6,sample,B-0306,B-0306-B01,1,1.1111111111111112,52.1,9615.0
P020,N7,N,7,sample,B-0306,B-0306-B01,1,0.37037037037037035,57.2,9904.0
P020,N8,N,8,sample,B-0306,B-0306-B01,1,0.12345679012345678,64.8,9769.0
P020,N9,N,9,sample,B-0306,B-0306-B01,1,0.0411522633744856,61.5,10138.0
P020,N10,N,10,sample,B-0306,B-0306-B01,1,0.013717421124828532,61.2,9673.0
P020,N11,N,11,sample,B-0306,B-0306-B01,1,0.004572473708276178,62.5,9504.0
P020,N12,N,12,sample,B-0306,B-0306-B01,1,0.0015241579027587258,60.0,10020.0
P020,N13,N,13,sample,B-0306,B-0306-B01,2,30.0,33.7,9685.0
P020,N14,N,14,sample,B-0306,B-0306-B01,2,10.0,40.8,9926.0
P020,N15,N,15,sample,B-0306,B-0306-B01,2,3.3333333333333335,38.5,9703.0
P020,N16,N,16,sample,B-0306,B-0306-B01,2,1.1111111111111112,51.6,9582.0
P020,N17,N,17,sample,B-0306,B-0306-B01,2,0.37037037037037035,56.7,9784.0
P020,N18,N,18,sample,B-0306,B-0306-B01,2,0.12345679012345678,57.6,9279.0
P020,N19,N,19,sample,B-0306,B-0306-B01,2,0.0411522633744856,60.2,9684.0
P020,N20,N,20,sample,B-0306,B-0306-B01,2,0.013717421124828532,59.8,10071.0
P020,N21,N,21,sample,B-0306,B-0306-B01,2,0.004572473708276178,56.7,9568.0
P020,N22,N,22,sample,B-0306,B-0306-B01,2,0.0015241579027587258,60.3,9824.0
P020,O3,O,3,sample,B-0086,B-0086-B01,1,30.0,31.3,9988.0
P020,O4,O,4,sample,B-0086,B-0086-B01,1,10.0,31.7,10499.0
P020,O5,O,5,sample,B-0086,B-0086-B01,1,3.3333333333333335,37.6,9936.0
P020,O6,O,6,sample,B-0086,B-0086-B01,1,1.1111111111111112,30.3,9727.0
P020,O7,O,7,sample,B-0086,B-0086-B01,1,0.37037037037037035,31.3,10184.0
P020,O8,O,8,sample,B-0086,B-0086-B01,1,0.12345679012345678,41.1,10068.0
P020,O9,O,9,sample,B-0086,B-0086-B01,1,0.0411522633744856,52.4,10243.0
P020,O10,O,10,sample,B-0086,B-0086-B01,1,0.013717421124828532,58.7,9836.0
P020,O11,O,11,sample,B-0086,B-0086-B01,1,0.004572473708276178,57.9,9875.0
P020,O12,O,12,sample,B-0086,B-0086-B01,1,0.0015241579027587258,58.9,9640.0
P020,O13,O,13,sample,B-0086,B-0086-B01,2,30.0,35.6,10370.0
P020,O14,O,14,sample,B-0086,B-0086-B01,2,10.0,32.7,10131.0
P020,O15,O,15,sample,B-0086,B-0086-B01,2,3.3333333333333335,33.7,10095.0
P020,O16,O,16,sample,B-0086,B-0086-B01,2,1.1111111111111112,33.5,10073.0
P020,O17,O,17,sample,B-0086,B-0086-B01,2,0.37037037037037035,36.8,9731.0
P020,O18,O,18,sample,B-0086,B-0086-B01,2,0.12345679012345678,40.4,9950.0
P020,O19,O,19,sample,B-0086,B-0086-B01,2,0.0411522633744856,50.1,9671.0
P020,O20,O,20,sample,B-0086,B-0086-B01,2,0.013717421124828532,53.7,9894.0
P020,O21,O,21,sample,B-0086,B-0086-B01,2,0.004572473708276178,58.2,9858.0
P020,O22,O,22,sample,B-0086,B-0086-B01,2,0.0015241579027587258,60.5,10141.0
P020,P3,P,3,sample,B-0194,B-0194-B01,1,30.0,37.9,10109.0
P020,P4,P,4,sample,B-0194,B-0194-B01,1,10.0,41.8,10160.0
P020,P5,P,5,sample,B-0194,B-0194-B01,1,3.3333333333333335,41.2,10125.0
P020,P6,P,6,sample,B-0194,B-0194-B01,1,1.1111111111111112,37.9,9793.0
P020,P7,P,7,sample,B-0194,B-0194-B01,1,0.37037037037037035,38.4,10154.0
P020,P8,P,8,sample,B-0194,B-0194-B01,1,0.12345679012345678,44.5,10008.0
P020,P9,P,9,sample,B-0194,B-0194-B01,1,0.0411522633744856,53.7,10067.0
P020,P10,P,10,sample,B-0194,B-0194-B01,1,0.013717421124828532,58.5,10055.0
P020,P11,P,11,sample,B-0194,B-0194-B01,1,0.004572473708276178,56.6,10115.0
P020,P12,P,12,sample,B-0194,B-0194-B01,1,0.0015241579027587258,62.0,9837.0
P020,P13,P,13,sample,B-0194,B-0194-B01,2,30.0,41.3,10055.0
P020,P14,P,14,sample,B-0194,B-0194-B01,2,10.0,41.2,10086.0
P020,P15,P,15,sample,B-0194,B-0194-B01,2,3.3333333333333335,36.7,10134.0
P020,P16,P,16,sample,B-0194,B-0194-B01,2,1.1111111111111112,36.5,10222.0
P020,P17,P,17,sample,B-0194,B-0194-B01,2,0.37037037037037035,39.8,10209.0
P020,P18,P,18,sample,B-0194,B-0194-B01,2,0.12345679012345678,41.3,10183.0
P020,P19,P,19,sample,B-0194,B-0194-B01,2,0.0411522633744856,52.9,10372.0
P020,P20,P,20,sample,B-0194,B-0194-B01,2,0.013717421124828532,60.6,10093.0
P020,P21,P,21,sample,B-0194,B-0194-B01,2,0.004572473708276178,60.4,10318.0
P020,P22,P,22,sample,B-0194,B-0194-B01,2,0.0015241579027587258,67.0,9739.0
P021,A1,A,1,high_control,,,0,0.0,68.4,9742.0
P021,A2,A,2,low_control,,,0,0.0,43.1,10291.0
P021,A23,A,23,reference,REF-1,REF-1-B01,1,30.0,44.3,10126.0
P021,A24,A,24,reference,REF-1,REF-1-B01,2,30.0,46.2,10203.0
P021,B1,B,1,high_control,,,0,0.0,69.3,9578.0
P021,B2,B,2,low_control,,,0,0.0,41.6,10035.0
P021,B23,B,23,reference,REF-1,REF-1-B01,1,10.0,41.0,9845.0
P021,B24,B,24,reference,REF-1,REF-1-B01,2,10.0,44.5,10803.0
P021,C1,C,1,high_control,,,0,0.0,68.7,10074.0
P021,C2,C,2,low_control,,,0,0.0,35.8,10153.0
P021,C23,C,23,reference,REF-1,REF-1-B01,1,3.3333333333333335,38.1,9981.0
P021,C24,C,24,reference,REF-1,REF-1-B01,2,3.3333333333333335,46.7,10130.0
P021,D1,D,1,high_control,,,0,0.0,69.1,10028.0
P021,D2,D,2,low_control,,,0,0.0,39.0,9512.0
P021,D23,D,23,reference,REF-1,REF-1-B01,1,1.1111111111111112,39.6,9602.0
P021,D24,D,24,reference,REF-1,REF-1-B01,2,1.1111111111111112,43.8,10553.0
P021,E1,E,1,high_control,,,0,0.0,67.0,10080.0
P021,E2,E,2,low_control,,,0,0.0,35.2,10470.0
P021,E23,E,23,reference,REF-1,REF-1-B01,1,0.37037037037037035,37.9,9781.0
P021,E24,E,24,reference,REF-1,REF-1-B01,2,0.37037037037037035,48.5,9982.0
P021,F1,F,1,high_control,,,0,0.0,66.0,9791.0
P021,F2,F,2,low_control,,,0,0.0,36.4,10356.0
P021,F23,F,23,reference,REF-1,REF-1-B01,1,0.12345679012345678,48.7,9707.0
P021,F24,F,24,reference,REF-1,REF-1-B01,2,0.12345679012345678,49.6,9684.0
P021,G1,G,1,high_control,,,0,0.0,68.7,9629.0
P021,G2,G,2,low_control,,,0,0.0,39.7,10360.0
P021,G23,G,23,reference,REF-1,REF-1-B01,1,0.0411522633744856,57.2,9877.0
P021,G24,G,24,reference,REF-1,REF-1-B01,2,0.0411522633744856,55.5,9998.0
P021,H1,H,1,high_control,,,0,0.0,68.3,9931.0
P021,H2,H,2,low_control,,,0,0.0,36.3,10229.0
P021,H23,H,23,reference,REF-1,REF-1-B01,1,0.013717421124828532,59.8,9862.0
P021,H24,H,24,reference,REF-1,REF-1-B01,2,0.013717421124828532,66.1,9657.0
P021,I1,I,1,high_control,,,0,0.0,67.5,9650.0
P021,I2,I,2,low_control,,,0,0.0,38.5,9811.0
P021,I23,I,23,reference,REF-1,REF-1-B01,1,0.004572473708276178,61.4,10205.0
P021,I24,I,24,reference,REF-1,REF-1-B01,2,0.004572473708276178,65.9,9750.0
P021,J1,J,1,high_control,,,0,0.0,70.6,10429.0
P021,J2,J,2,low_control,,,0,0.0,39.7,10009.0
P021,J23,J,23,reference,REF-1,REF-1-B01,1,0.0015241579027587258,64.6,9509.0
P021,J24,J,24,reference,REF-1,REF-1-B01,2,0.0015241579027587258,67.6,10017.0
P021,K1,K,1,high_control,,,0,0.0,66.6,10094.0
P021,K2,K,2,low_control,,,0,0.0,39.4,9801.0
P021,K23,K,23,high_control,,,0,0.0,64.5,10020.0
P021,K24,K,24,low_control,,,0,0.0,43.6,10214.0
P021,L1,L,1,high_control,,,0,0.0,67.0,9778.0
P021,L2,L,2,low_control,,,0,0.0,38.0,9835.0
P021,L23,L,23,high_control,,,0,0.0,63.9,9684.0
P021,L24,L,24,low_control,,,0,0.0,39.1,10117.0
P021,M1,M,1,high_control,,,0,0.0,71.3,9710.0
P021,M2,M,2,low_control,,,0,0.0,34.1,10113.0
P021,M23,M,23,high_control,,,0,0.0,59.5,9869.0
P021,M24,M,24,low_control,,,0,0.0,44.7,10173.0
P021,N1,N,1,high_control,,,0,0.0,67.9,9798.0
P021,N2,N,2,low_control,,,0,0.0,34.8,9967.0
P021,N23,N,23,high_control,,,0,0.0,59.3,10019.0
P021,N24,N,24,low_control,,,0,0.0,38.8,10594.0
P021,O1,O,1,high_control,,,0,0.0,71.1,9785.0
P021,O2,O,2,low_control,,,0,0.0,35.5,9902.0
P021,O23,O,23,high_control,,,0,0.0,69.0,9861.0
P021,O24,O,24,low_control,,,0,0.0,41.7,10255.0
P021,P1,P,1,high_control,,,0,0.0,70.8,10029.0
P021,P2,P,2,low_control,,,0,0.0,39.3,10054.0
P021,P23,P,23,high_control,,,0,0.0,64.7,9868.0
P021,P24,P,24,low_control,,,0,0.0,38.7,9940.0
P021,A3,A,3,sample,B-0332,B-0332-B01,1,30.0,41.7,10033.0
P021,A4,A,4,sample,B-0332,B-0332-B01,1,10.0,43.5,10194.0
P021,A5,A,5,sample,B-0332,B-0332-B01,1,3.3333333333333335,42.3,10338.0
P021,A6,A,6,sample,B-0332,B-0332-B01,1,1.1111111111111112,41.2,10155.0
P021,A7,A,7,sample,B-0332,B-0332-B01,1,0.37037037037037035,47.7,10183.0
P021,A8,A,8,sample,B-0332,B-0332-B01,1,0.12345679012345678,43.6,9828.0
P021,A9,A,9,sample,B-0332,B-0332-B01,1,0.0411522633744856,60.6,10167.0
P021,A10,A,10,sample,B-0332,B-0332-B01,1,0.013717421124828532,57.0,9429.0
P021,A11,A,11,sample,B-0332,B-0332-B01,1,0.004572473708276178,65.5,9908.0
P021,A12,A,12,sample,B-0332,B-0332-B01,1,0.0015241579027587258,67.4,10103.0
P021,A13,A,13,sample,B-0332,B-0332-B01,2,30.0,45.3,9813.0
P021,A14,A,14,sample,B-0332,B-0332-B01,2,10.0,38.8,10306.0
P021,A15,A,15,sample,B-0332,B-0332-B01,2,3.3333333333333335,39.8,9970.0
P021,A16,A,16,sample,B-0332,B-0332-B01,2,1.1111111111111112,45.4,10073.0
P021,A17,A,17,sample,B-0332,B-0332-B01,2,0.37037037037037035,46.0,10248.0
P021,A18,A,18,sample,B-0332,B-0332-B01,2,0.12345679012345678,47.9,10018.0
P021,A19,A,19,sample,B-0332,B-0332-B01,2,0.0411522633744856,57.9,10277.0
P021,A20,A,20,sample,B-0332,B-0332-B01,2,0.013717421124828532,65.6,10147.0
P021,A21,A,21,sample,B-0332,B-0332-B01,2,0.004572473708276178,67.3,9778.0
P021,A22,A,22,sample,B-0332,B-0332-B01,2,0.0015241579027587258,63.8,10005.0
P021,B3,B,3,sample,B-0227,B-0227-B01,1,30.0,33.1,9939.0
P021,B4,B,4,sample,B-0227,B-0227-B01,1,10.0,36.7,10322.0
P021,B5,B,5,sample,B-0227,B-0227-B01,1,3.3333333333333335,40.9,9774.0
P021,B6,B,6,sample,B-0227,B-0227-B01,1,1.1111111111111112,36.4,10251.0
P021,B7,B,7,sample,B-0227,B-0227-B01,1,0.37037037037037035,41.1,9925.0
P021,B8,B,8,sample,B-0227,B-0227-B01,1,0.12345679012345678,42.6,10341.0
P021,B9,B,9,sample,B-0227,B-0227-B01,1,0.0411522633744856,56.4,9775.0
P021,B10,B,10,sample,B-0227,B-0227-B01,1,0.013717421124828532,57.0,10382.0
P021,B11,B,11,sample,B-0227,B-0227-B01,1,0.004572473708276178,66.0,9939.0
P021,B12,B,12,sample,B-0227,B-0227-B01,1,0.0015241579027587258,64.8,9668.0
P021,B13,B,13,sample,B-0227,B-0227-B01,2,30.0,43.6,9967.0
P021,B14,B,14,sample,B-0227,B-0227-B01,2,10.0,39.3,10246.0
P021,B15,B,15,sample,B-0227,B-0227-B01,2,3.3333333333333335,39.8,9690.0
P021,B16,B,16,sample,B-0227,B-0227-B01,2,1.1111111111111112,38.9,9855.0
P021,B17,B,17,sample,B-0227,B-0227-B01,2,0.37037037037037035,41.7,10132.0
P021,B18,B,18,sample,B-0227,B-0227-B01,2,0.12345679012345678,47.0,9768.0
P021,B19,B,19,sample,B-0227,B-0227-B01,2,0.0411522633744856,58.3,9615.0
P021,B20,B,20,sample,B-0227,B-0227-B01,2,0.013717421124828532,61.5,9842.0
P021,B21,B,21,sample,B-0227,B-0227-B01,2,0.004572473708276178,58.8,9866.0
P021,B22,B,22,sample,B-0227,B-0227-B01,2,0.0015241579027587258,62.2,9766.0
P021,C3,C,3,sample,A-0154,A-0154-B01,1,30.0,37.5,10414.0
P021,C4,C,4,sample,A-0154,A-0154-B01,1,10.0,45.0,10124.0
P021,C5,C,5,sample,A-0154,A-0154-B01,1,3.3333333333333335,46.1,10118.0
P021,C6,C,6,sample,A-0154,A-0154-B01,1,1.1111111111111112,49.9,10396.0
P021,C7,C,7,sample,A-0154,A-0154-B01,1,0.37037037037037035,57.6,9956.0
P021,C8,C,8,sample,A-0154,A-0154-B01,1,0.12345679012345678,58.8,9879.0
P021,C9,C,9,sample,A-0154,A-0154-B01,1,0.0411522633744856,65.5,9762.0
P021,C10,C,10,sample,A-0154,A-0154-B01,1,0.013717421124828532,65.7,9832.0
P021,C11,C,11,sample,A-0154,A-0154-B01,1,0.004572473708276178,65.6,9763.0
P021,C12,C,12,sample,A-0154,A-0154-B01,1,0.0015241579027587258,62.1,9735.0
P021,C13,C,13,sample,A-0154,A-0154-B01,2,30.0,40.5,10020.0
P021,C14,C,14,sample,A-0154,A-0154-B01,2,10.0,39.3,10066.0
P021,C15,C,15,sample,A-0154,A-0154-B01,2,3.3333333333333335,43.6,10394.0
P021,C16,C,16,sample,A-0154,A-0154-B01,2,1.1111111111111112,57.2,10130.0
P021,C17,C,17,sample,A-0154,A-0154-B01,2,0.37037037037037035,54.6,9689.0
P021,C18,C,18,sample,A-0154,A-0154-B01,2,0.12345679012345678,61.3,9719.0
P021,C19,C,19,sample,A-0154,A-0154-B01,2,0.0411522633744856,63.9,10048.0
P021,C20,C,20,sample,A-0154,A-0154-B01,2,0.013717421124828532,66.9,9801.0
P021,C21,C,21,sample,A-0154,A-0154-B01,2,0.004572473708276178,66.6,9777.0
P021,C22,C,22,sample,A-0154,A-0154-B01,2,0.0015241579027587258,60.8,9866.0
P021,D3,D,3,sample,B-0251,B-0251-B01,1,30.0,116.3,13263.0
P021,D4,D,4,sample,B-0251,B-0251-B01,1,10.0,53.3,10564.0
P021,D5,D,5,sample,B-0251,B-0251-B01,1,3.3333333333333335,36.2,10497.0
P021,D6,D,6,sample,B-0251,B-0251-B01,1,1.1111111111111112,47.2,9585.0
P021,D7,D,7,sample,B-0251,B-0251-B01,1,0.37037037037037035,56.6,9684.0
P021,D8,D,8,sample,B-0251,B-0251-B01,1,0.12345679012345678,54.1,9933.0
P021,D9,D,9,sample,B-0251,B-0251-B01,1,0.0411522633744856,64.5,9525.0
P021,D10,D,10,sample,B-0251,B-0251-B01,1,0.013717421124828532,63.9,9686.0
P021,D11,D,11,sample,B-0251,B-0251-B01,1,0.004572473708276178,57.1,9798.0
P021,D12,D,12,sample,B-0251,B-0251-B01,1,0.0015241579027587258,64.0,10324.0
P021,D13,D,13,sample,B-0251,B-0251-B01,2,30.0,119.9,13273.0
P021,D14,D,14,sample,B-0251,B-0251-B01,2,10.0,56.8,10327.0
P021,D15,D,15,sample,B-0251,B-0251-B01,2,3.3333333333333335,43.0,10037.0
P021,D16,D,16,sample,B-0251,B-0251-B01,2,1.1111111111111112,43.3,9688.0
P021,D17,D,17,sample,B-0251,B-0251-B01,2,0.37037037037037035,50.0,9798.0
P021,D18,D,18,sample,B-0251,B-0251-B01,2,0.12345679012345678,53.1,9560.0
P021,D19,D,19,sample,B-0251,B-0251-B01,2,0.0411522633744856,59.2,9603.0
P021,D20,D,20,sample,B-0251,B-0251-B01,2,0.013717421124828532,64.3,9654.0
P021,D21,D,21,sample,B-0251,B-0251-B01,2,0.004572473708276178,64.1,9335.0
P021,D22,D,22,sample,B-0251,B-0251-B01,2,0.0015241579027587258,62.3,9852.0
P021,E3,E,3,sample,B-0211,B-0211-B01,1,30.0,38.2,9895.0
P021,E4,E,4,sample,B-0211,B-0211-B01,1,10.0,48.1,10430.0
P021,E5,E,5,sample,B-0211,B-0211-B01,1,3.3333333333333335,55.1,10015.0
P021,E6,E,6,sample,B-0211,B-0211-B01,1,1.1111111111111112,53.8,9637.0
P021,E7,E,7,sample,B-0211,B-0211-B01,1,0.37037037037037035,62.6,9617.0
P021,E8,E,8,sample,B-0211,B-0211-B01,1,0.12345679012345678,60.7,9765.0
P021,E9,E,9,sample,B-0211,B-0211-B01,1,0.0411522633744856,65.1,10029.0
P021,E10,E,10,sample,B-0211,B-0211-B01,1,0.013717421124828532,61.5,9791.0
P021,E11,E,11,sample,B-0211,B-0211-B01,1,0.004572473708276178,60.4,9429.0
P021,E12,E,12,sample,B-0211,B-0211-B01,1,0.0015241579027587258,62.3,9129.0
P021,E13,E,13,sample,B-0211,B-0211-B01,2,30.0,40.7,9886.0
P021,E14,E,14,sample,B-0211,B-0211-B01,2,10.0,46.4,9774.0
P021,E15,E,15,sample,B-0211,B-0211-B01,2,3.3333333333333335,50.7,9827.0
P021,E16,E,16,sample,B-0211,B-0211-B01,2,1.1111111111111112,58.6,10435.0
P021,E17,E,17,sample,B-0211,B-0211-B01,2,0.37037037037037035,63.0,9960.0
P021,E18,E,18,sample,B-0211,B-0211-B01,2,0.12345679012345678,59.8,10147.0
P021,E19,E,19,sample,B-0211,B-0211-B01,2,0.0411522633744856,61.3,9845.0
P021,E20,E,20,sample,B-0211,B-0211-B01,2,0.013717421124828532,66.3,9947.0
P021,E21,E,21,sample,B-0211,B-0211-B01,2,0.004572473708276178,65.1,10115.0
P021,E22,E,22,sample,B-0211,B-0211-B01,2,0.0015241579027587258,64.1,9815.0
P021,F3,F,3,sample,A-0264,A-0264-B01,1,30.0,37.7,10223.0
P021,F4,F,4,sample,A-0264,A-0264-B01,1,10.0,34.6,9965.0
P021,F5,F,5,sample,A-0264,A-0264-B01,1,3.3333333333333335,40.3,10012.0
P021,F6,F,6,sample,A-0264,A-0264-B01,1,1.1111111111111112,50.1,9868.0
P021,F7,F,7,sample,A-0264,A-0264-B01,1,0.37037037037037035,57.7,9729.0
P021,F8,F,8,sample,A-0264,A-0264-B01,1,0.12345679012345678,59.6,9944.0
P021,F9,F,9,sample,A-0264,A-0264-B01,1,0.0411522633744856,63.6,9425.0
P021,F10,F,10,sample,A-0264,A-0264-B01,1,0.013717421124828532,61.7,9613.0
P021,F11,F,11,sample,A-0264,A-0264-B01,1,0.004572473708276178,64.0,9593.0
P021,F12,F,12,sample,A-0264,A-0264-B01,1,0.0015241579027587258,62.9,9278.0
P021,F13,F,13,sample,A-0264,A-0264-B01,2,30.0,39.7,9919.0
P021,F14,F,14,sample,A-0264,A-0264-B01,2,10.0,40.2,10263.0
P021,F15,F,15,sample,A-0264,A-0264-B01,2,3.3333333333333335,39.8,9931.0
P021,F16,F,16,sample,A-0264,A-0264-B01,2,1.1111111111111112,51.1,9727.0
P021,F17,F,17,sample,A-0264,A-0264-B01,2,0.37037037037037035,50.5,10345.0
P021,F18,F,18,sample,A-0264,A-0264-B01,2,0.12345679012345678,58.3,10093.0
P021,F19,F,19,sample,A-0264,A-0264-B01,2,0.0411522633744856,60.5,9845.0
P021,F20,F,20,sample,A-0264,A-0264-B01,2,0.013717421124828532,60.0,10181.0
P021,F21,F,21,sample,A-0264,A-0264-B01,2,0.004572473708276178,64.3,10025.0
P021,F22,F,22,sample,A-0264,A-0264-B01,2,0.0015241579027587258,67.7,9488.0
P021,G3,G,3,sample,C-0116,C-0116-B01,1,30.0,45.4,10375.0
P021,G4,G,4,sample,C-0116,C-0116-B01,1,10.0,50.8,10240.0
P021,G5,G,5,sample,C-0116,C-0116-B01,1,3.3333333333333335,55.4,10013.0
P021,G6,G,6,sample,C-0116,C-0116-B01,1,1.1111111111111112,60.8,9637.0
P021,G7,G,7,sample,C-0116,C-0116-B01,1,0.37037037037037035,64.3,9382.0
P021,G8,G,8,sample,C-0116,C-0116-B01,1,0.12345679012345678,62.8,9544.0
P021,G9,G,9,sample,C-0116,C-0116-B01,1,0.0411522633744856,63.5,9910.0
P021,G10,G,10,sample,C-0116,C-0116-B01,1,0.013717421124828532,64.7,9683.0
P021,G11,G,11,sample,C-0116,C-0116-B01,1,0.004572473708276178,63.7,9782.0
P021,G12,G,12,sample,C-0116,C-0116-B01,1,0.0015241579027587258,65.4,9529.0
P021,G13,G,13,sample,C-0116,C-0116-B01,2,30.0,42.5,9917.0
P021,G14,G,14,sample,C-0116,C-0116-B01,2,10.0,45.5,10148.0
P021,G15,G,15,sample,C-0116,C-0116-B01,2,3.3333333333333335,57.5,9896.0
P021,G16,G,16,sample,C-0116,C-0116-B01,2,1.1111111111111112,55.2,9673.0
P021,G17,G,17,sample,C-0116,C-0116-B01,2,0.37037037037037035,58.7,10284.0
P021,G18,G,18,sample,C-0116,C-0116-B01,2,0.12345679012345678,67.8,9766.0
P021,G19,G,19,sample,C-0116,C-0116-B01,2,0.0411522633744856,60.4,9616.0
P021,G20,G,20,sample,C-0116,C-0116-B01,2,0.013717421124828532,63.7,9601.0
P021,G21,G,21,sample,C-0116,C-0116-B01,2,0.004572473708276178,63.3,10114.0
P021,G22,G,22,sample,C-0116,C-0116-B01,2,0.0015241579027587258,64.6,9509.0
P021,H3,H,3,sample,B-0020,B-0020-B01,1,30.0,37.8,10293.0
P021,H4,H,4,sample,B-0020,B-0020-B01,1,10.0,41.4,9397.0
P021,H5,H,5,sample,B-0020,B-0020-B01,1,3.3333333333333335,50.8,10212.0
P021,H6,H,6,sample,B-0020,B-0020-B01,1,1.1111111111111112,52.0,9524.0
P021,H7,H,7,sample,B-0020,B-0020-B01,1,0.37037037037037035,56.8,9601.0
P021,H8,H,8,sample,B-0020,B-0020-B01,1,0.12345679012345678,63.9,9948.0
P021,H9,H,9,sample,B-0020,B-0020-B01,1,0.0411522633744856,61.1,9883.0
P021,H10,H,10,sample,B-0020,B-0020-B01,1,0.013717421124828532,65.5,9659.0
P021,H11,H,11,sample,B-0020,B-0020-B01,1,0.004572473708276178,66.0,9482.0
P021,H12,H,12,sample,B-0020,B-0020-B01,1,0.0015241579027587258,65.6,9986.0
P021,H13,H,13,sample,B-0020,B-0020-B01,2,30.0,35.5,10017.0
P021,H14,H,14,sample,B-0020,B-0020-B01,2,10.0,45.6,9838.0
P021,H15,H,15,sample,B-0020,B-0020-B01,2,3.3333333333333335,49.3,10295.0
P021,H16,H,16,sample,B-0020,B-0020-B01,2,1.1111111111111112,53.0,9605.0
P021,H17,H,17,sample,B-0020,B-0020-B01,2,0.37037037037037035,61.5,9499.0
P021,H18,H,18,sample,B-0020,B-0020-B01,2,0.12345679012345678,65.5,9923.0
P021,H19,H,19,sample,B-0020,B-0020-B01,2,0.0411522633744856,64.8,9462.0
P021,H20,H,20,sample,B-0020,B-0020-B01,2,0.013717421124828532,63.8,9777.0
P021,H21,H,21,sample,B-0020,B-0020-B01,2,0.004572473708276178,64.1,9784.0
P021,H22,H,22,sample,B-0020,B-0020-B01,2,0.0015241579027587258,61.5,10057.0
P021,I3,I,3,sample,B-0197,B-0197-B01,1,30.0,90.5,11988.0
P021,I4,I,4,sample,B-0197,B-0197-B01,1,10.0,33.7,10124.0
P021,I5,I,5,sample,B-0197,B-0197-B01,1,3.3333333333333335,40.5,9690.0
P021,I6,I,6,sample,B-0197,B-0197-B01,1,1.1111111111111112,55.0,10061.0
P021,I7,I,7,sample,B-0197,B-0197-B01,1,0.37037037037037035,55.2,9999.0
P021,I8,I,8,sample,B-0197,B-0197-B01,1,0.12345679012345678,59.1,9606.0
P021,I9,I,9,sample,B-0197,B-0197-B01,1,0.0411522633744856,62.6,9464.0
P021,I10,I,10,sample,B-0197,B-0197-B01,1,0.013717421124828532,61.2,10018.0
P021,I11,I,11,sample,B-0197,B-0197-B01,1,0.004572473708276178,67.2,10157.0
P021,I12,I,12,sample,B-0197,B-0197-B01,1,0.0015241579027587258,66.0,9980.0
P021,I13,I,13,sample,B-0197,B-0197-B01,2,30.0,82.7,11706.0
P021,I14,I,14,sample,B-0197,B-0197-B01,2,10.0,41.1,10073.0
P021,I15,I,15,sample,B-0197,B-0197-B01,2,3.3333333333333335,41.3,10098.0
P021,I16,I,16,sample,B-0197,B-0197-B01,2,1.1111111111111112,51.1,9920.0
P021,I17,I,17,sample,B-0197,B-0197-B01,2,0.37037037037037035,59.2,10021.0
P021,I18,I,18,sample,B-0197,B-0197-B01,2,0.12345679012345678,61.2,10149.0
P021,I19,I,19,sample,B-0197,B-0197-B01,2,0.0411522633744856,61.9,10006.0
P021,I20,I,20,sample,B-0197,B-0197-B01,2,0.013717421124828532,66.0,9547.0
P021,I21,I,21,sample,B-0197,B-0197-B01,2,0.004572473708276178,67.4,10145.0
P021,I22,I,22,sample,B-0197,B-0197-B01,2,0.0015241579027587258,63.9,9694.0
P021,J3,J,3,sample,C-0057,C-0057-B01,1,30.0,39.9,10262.0
P021,J4,J,4,sample,C-0057,C-0057-B01,1,10.0,36.8,9879.0
P021,J5,J,5,sample,C-0057,C-0057-B01,1,3.3333333333333335,39.5,10123.0
P021,J6,J,6,sample,C-0057,C-0057-B01,1,1.1111111111111112,46.9,9914.0
P021,J7,J,7,sample,C-0057,C-0057-B01,1,0.37037037037037035,47.7,9889.0
P021,J8,J,8,sample,C-0057,C-0057-B01,1,0.12345679012345678,64.5,9991.0
P021,J9,J,9,sample,C-0057,C-0057-B01,1,0.0411522633744856,60.7,9746.0
P021,J10,J,10,sample,C-0057,C-0057-B01,1,0.013717421124828532,63.1,9309.0
P021,J11,J,11,sample,C-0057,C-0057-B01,1,0.004572473708276178,63.5,9805.0
P021,J12,J,12,sample,C-0057,C-0057-B01,1,0.0015241579027587258,62.8,9892.0
P021,J13,J,13,sample,C-0057,C-0057-B01,2,30.0,43.0,10184.0
P021,J14,J,14,sample,C-0057,C-0057-B01,2,10.0,41.5,10545.0
P021,J15,J,15,sample,C-0057,C-0057-B01,2,3.3333333333333335,39.3,9971.0
P021,J16,J,16,sample,C-0057,C-0057-B01,2,1.1111111111111112,42.1,10225.0
P021,J17,J,17,sample,C-0057,C-0057-B01,2,0.37037037037037035,49.9,10020.0
P021,J18,J,18,sample,C-0057,C-0057-B01,2,0.12345679012345678,57.6,10093.0
P021,J19,J,19,sample,C-0057,C-0057-B01,2,0.0411522633744856,57.8,9333.0
P021,J20,J,20,sample,C-0057,C-0057-B01,2,0.013717421124828532,60.4,9657.0
P021,J21,J,21,sample,C-0057,C-0057-B01,2,0.004572473708276178,64.3,9705.0
P021,J22,J,22,sample,C-0057,C-0057-B01,2,0.0015241579027587258,69.2,9658.0
P021,K3,K,3,sample,B-0316,B-0316-B01,1,30.0,39.3,10109.0
P021,K4,K,4,sample,B-0316,B-0316-B01,1,10.0,37.1,9847.0
P021,K5,K,5,sample,B-0316,B-0316-B01,1,3.3333333333333335,40.8,10218.0
P021,K6,K,6,sample,B-0316,B-0316-B01,1,1.1111111111111112,32.7,9616.0
P021,K7,K,7,sample,B-0316,B-0316-B01,1,0.37037037037037035,41.8,10072.0
P021,K8,K,8,sample,B-0316,B-0316-B01,1,0.12345679012345678,44.1,10293.0
P021,K9,K,9,sample,B-0316,B-0316-B01,1,0.0411522633744856,50.9,10229.0
P021,K10,K,10,sample,B-0316,B-0316-B01,1,0.013717421124828532,55.5,10229.0
P021,K11,K,11,sample,B-0316,B-0316-B01,1,0.004572473708276178,58.9,9866.0
P021,K12,K,12,sample,B-0316,B-0316-B01,1,0.0015241579027587258,63.3,9633.0
P021,K13,K,13,sample,B-0316,B-0316-B01,2,30.0,39.8,10042.0
P021,K14,K,14,sample,B-0316,B-0316-B01,2,10.0,36.2,10143.0
P021,K15,K,15,sample,B-0316,B-0316-B01,2,3.3333333333333335,39.6,10256.0
P021,K16,K,16,sample,B-0316,B-0316-B01,2,1.1111111111111112,38.8,9535.0
P021,K17,K,17,sample,B-0316,B-0316-B01,2,0.37037037037037035,43.4,10191.0
P021,K18,K,18,sample,B-0316,B-0316-B01,2,0.12345679012345678,41.0,10092.0
P021,K19,K,19,sample,B-0316,B-0316-B01,2,0.0411522633744856,48.5,10078.0
P021,K20,K,20,sample,B-0316,B-0316-B01,2,0.013717421124828532,51.3,9899.0
P021,K21,K,21,sample,B-0316,B-0316-B01,2,0.004572473708276178,60.7,10028.0
P021,K22,K,22,sample,B-0316,B-0316-B01,2,0.0015241579027587258,67.0,10008.0
P021,L3,L,3,sample,B-0188,B-0188-B01,1,30.0,36.5,10184.0
P021,L4,L,4,sample,B-0188,B-0188-B01,1,10.0,38.6,10317.0
P021,L5,L,5,sample,B-0188,B-0188-B01,1,3.3333333333333335,36.3,9770.0
P021,L6,L,6,sample,B-0188,B-0188-B01,1,1.1111111111111112,42.9,10113.0
P021,L7,L,7,sample,B-0188,B-0188-B01,1,0.37037037037037035,38.6,10428.0
P021,L8,L,8,sample,B-0188,B-0188-B01,1,0.12345679012345678,45.5,9857.0
P021,L9,L,9,sample,B-0188,B-0188-B01,1,0.0411522633744856,52.1,9679.0
P021,L10,L,10,sample,B-0188,B-0188-B01,1,0.013717421124828532,56.6,9709.0
P021,L11,L,11,sample,B-0188,B-0188-B01,1,0.004572473708276178,65.3,9507.0
P021,L12,L,12,sample,B-0188,B-0188-B01,1,0.0015241579027587258,66.1,9712.0
P021,L13,L,13,sample,B-0188,B-0188-B01,2,30.0,68.3,9072.0
P021,L14,L,14,sample,B-0188,B-0188-B01,2,10.0,37.0,9961.0
P021,L15,L,15,sample,B-0188,B-0188-B01,2,3.3333333333333335,38.2,9955.0
P021,L16,L,16,sample,B-0188,B-0188-B01,2,1.1111111111111112,40.9,9815.0
P021,L17,L,17,sample,B-0188,B-0188-B01,2,0.37037037037037035,43.0,9965.0
P021,L18,L,18,sample,B-0188,B-0188-B01,2,0.12345679012345678,46.8,9869.0
P021,L19,L,19,sample,B-0188,B-0188-B01,2,0.0411522633744856,53.2,9895.0
P021,L20,L,20,sample,B-0188,B-0188-B01,2,0.013717421124828532,63.6,9444.0
P021,L21,L,21,sample,B-0188,B-0188-B01,2,0.004572473708276178,56.4,9918.0
P021,L22,L,22,sample,B-0188,B-0188-B01,2,0.0015241579027587258,63.3,9602.0
P021,M3,M,3,sample,A-0171,A-0171-B01,1,30.0,44.3,10437.0
P021,M4,M,4,sample,A-0171,A-0171-B01,1,10.0,42.2,9823.0
P021,M5,M,5,sample,A-0171,A-0171-B01,1,3.3333333333333335,39.6,9932.0
P021,M6,M,6,sample,A-0171,A-0171-B01,1,1.1111111111111112,49.5,9915.0
P021,M7,M,7,sample,A-0171,A-0171-B01,1,0.37037037037037035,50.7,9838.0
P021,M8,M,8,sample,A-0171,A-0171-B01,1,0.12345679012345678,62.0,9801.0
P021,M9,M,9,sample,A-0171,A-0171-B01,1,0.0411522633744856,60.6,9787.0
P021,M10,M,10,sample,A-0171,A-0171-B01,1,0.013717421124828532,65.7,9978.0
P021,M11,M,11,sample,A-0171,A-0171-B01,1,0.004572473708276178,63.7,9823.0
P021,M12,M,12,sample,A-0171,A-0171-B01,1,0.0015241579027587258,68.4,9692.0
P021,M13,M,13,sample,A-0171,A-0171-B01,2,30.0,38.7,10080.0
P021,M14,M,14,sample,A-0171,A-0171-B01,2,10.0,35.2,10268.0
P021,M15,M,15,sample,A-0171,A-0171-B01,2,3.3333333333333335,40.3,10140.0
P021,M16,M,16,sample,A-0171,A-0171-B01,2,1.1111111111111112,48.3,10485.0
P021,M17,M,17,sample,A-0171,A-0171-B01,2,0.37037037037037035,57.7,9679.0
P021,M18,M,18,sample,A-0171,A-0171-B01,2,0.12345679012345678,58.3,9666.0
P021,M19,M,19,sample,A-0171,A-0171-B01,2,0.0411522633744856,63.9,9927.0
P021,M20,M,20,sample,A-0171,A-0171-B01,2,0.013717421124828532,64.8,10047.0
P021,M21,M,21,sample,A-0171,A-0171-B01,2,0.004572473708276178,65.0,9692.0
P021,M22,M,22,sample,A-0171,A-0171-B01,2,0.0015241579027587258,59.4,9916.0
P021,N3,N,3,sample,B-0133,B-0133-B01,1,30.0,126.3,14580.0
P021,N4,N,4,sample,B-0133,B-0133-B01,1,10.0,66.6,10812.0
P021,N5,N,5,sample,B-0133,B-0133-B01,1,3.3333333333333335,43.8,10498.0
P021,N6,N,6,sample,B-0133,B-0133-B01,1,1.1111111111111112,43.5,9612.0
P021,N7,N,7,sample,B-0133,B-0133-B01,1,0.37037037037037035,44.9,10173.0
P021,N8,N,8,sample,B-0133,B-0133-B01,1,0.12345679012345678,56.9,10157.0
P021,N9,N,9,sample,B-0133,B-0133-B01,1,0.0411522633744856,62.0,10038.0
P021,N10,N,10,sample,B-0133,B-0133-B01,1,0.013717421124828532,63.3,10401.0
P021,N11,N,11,sample,B-0133,B-0133-B01,1,0.004572473708276178,60.6,9727.0
P021,N12,N,12,sample,B-0133,B-0133-B01,1,0.0015241579027587258,65.0,9672.0
P021,N13,N,13,sample,B-0133,B-0133-B01,2,30.0,118.9,14144.0
P021,N14,N,14,sample,B-0133,B-0133-B01,2,10.0,68.2,11042.0
P021,N15,N,15,sample,B-0133,B-0133-B01,2,3.3333333333333335,41.9,9780.0
P021,N16,N,16,sample,B-0133,B-0133-B01,2,1.1111111111111112,39.6,10074.0
P021,N17,N,17,sample,B-0133,B-0133-B01,2,0.37037037037037035,51.7,9924.0
P021,N18,N,18,sample,B-0133,B-0133-B01,2,0.12345679012345678,52.5,9753.0
P021,N19,N,19,sample,B-0133,B-0133-B01,2,0.0411522633744856,60.8,9745.0
P021,N20,N,20,sample,B-0133,B-0133-B01,2,0.013717421124828532,60.2,9740.0
P021,N21,N,21,sample,B-0133,B-0133-B01,2,0.004572473708276178,64.9,9455.0
P021,N22,N,22,sample,B-0133,B-0133-B01,2,0.0015241579027587258,61.2,9958.0
P021,O3,O,3,sample,A-0242,A-0242-B01,1,30.0,46.8,10163.0
P021,O4,O,4,sample,A-0242,A-0242-B01,1,10.0,42.1,9512.0
P021,O5,O,5,sample,A-0242,A-0242-B01,1,3.3333333333333335,48.6,9863.0
P021,O6,O,6,sample,A-0242,A-0242-B01,1,1.1111111111111112,51.1,9874.0
P021,O7,O,7,sample,A-0242,A-0242-B01,1,0.37037037037037035,56.4,9566.0
P021,O8,O,8,sample,A-0242,A-0242-B01,1,0.12345679012345678,58.5,10135.0
P021,O9,O,9,sample,A-0242,A-0242-B01,1,0.0411522633744856,65.0,9553.0
P021,O10,O,10,sample,A-0242,A-0242-B01,1,0.013717421124828532,66.8,9911.0
P021,O11,O,11,sample,A-0242,A-0242-B01,1,0.004572473708276178,65.9,9807.0
P021,O12,O,12,sample,A-0242,A-0242-B01,1,0.0015241579027587258,67.4,9786.0
P021,O13,O,13,sample,A-0242,A-0242-B01,2,30.0,41.5,10067.0
P021,O14,O,14,sample,A-0242,A-0242-B01,2,10.0,38.7,9831.0
P021,O15,O,15,sample,A-0242,A-0242-B01,2,3.3333333333333335,46.3,10389.0
P021,O16,O,16,sample,A-0242,A-0242-B01,2,1.1111111111111112,51.6,10089.0
P021,O17,O,17,sample,A-0242,A-0242-B01,2,0.37037037037037035,59.3,9669.0
P021,O18,O,18,sample,A-0242,A-0242-B01,2,0.12345679012345678,64.5,9713.0
P021,O19,O,19,sample,A-0242,A-0242-B01,2,0.0411522633744856,63.9,9611.0
P021,O20,O,20,sample,A-0242,A-0242-B01,2,0.013717421124828532,62.0,9704.0
P021,O21,O,21,sample,A-0242,A-0242-B01,2,0.004572473708276178,68.9,10142.0
P021,O22,O,22,sample,A-0242,A-0242-B01,2,0.0015241579027587258,67.1,10194.0
P021,P3,P,3,sample,B-0031,B-0031-B01,1,30.0,42.5,10372.0
P021,P4,P,4,sample,B-0031,B-0031-B01,1,10.0,44.1,10217.0
P021,P5,P,5,sample,B-0031,B-0031-B01,1,3.3333333333333335,43.6,10512.0
P021,P6,P,6,sample,B-0031,B-0031-B01,1,1.1111111111111112,43.9,9911.0
P021,P7,P,7,sample,B-0031,B-0031-B01,1,0.37037037037037035,45.5,10219.0
P021,P8,P,8,sample,B-0031,B-0031-B01,1,0.12345679012345678,44.6,10145.0
P021,P9,P,9,sample,B-0031,B-0031-B01,1,0.0411522633744856,52.2,9982.0
P021,P10,P,10,sample,B-0031,B-0031-B01,1,0.013717421124828532,58.6,9975.0
P021,P11,P,11,sample,B-0031,B-0031-B01,1,0.004572473708276178,65.7,9836.0
P021,P12,P,12,sample,B-0031,B-0031-B01,1,0.0015241579027587258,67.5,10020.0
P021,P13,P,13,sample,B-0031,B-0031-B01,2,30.0,43.1,10397.0
P021,P14,P,14,sample,B-0031,B-0031-B01,2,10.0,43.6,10723.0
P021,P15,P,15,sample,B-0031,B-0031-B01,2,3.3333333333333335,41.3,9779.0
P021,P16,P,16,sample,B-0031,B-0031-B01,2,1.1111111111111112,46.6,10374.0
P021,P17,P,17,sample,B-0031,B-0031-B01,2,0.37037037037037035,42.2,10184.0
P021,P18,P,18,sample,B-0031,B-0031-B01,2,0.12345679012345678,44.6,10060.0
P021,P19,P,19,sample,B-0031,B-0031-B01,2,0.0411522633744856,46.7,9849.0
P021,P20,P,20,sample,B-0031,B-0031-B01,2,0.013717421124828532,57.8,10473.0
P021,P21,P,21,sample,B-0031,B-0031-B01,2,0.004572473708276178,63.7,9485.0
P021,P22,P,22,sample,B-0031,B-0031-B01,2,0.0015241579027587258,66.8,10329.0
P022,A1,A,1,high_control,,,0,0.0,67.8,10089.0
P022,A2,A,2,low_control,,,0,0.0,39.6,10411.0
P022,A23,A,23,reference,REF-1,REF-1-B01,1,30.0,38.8,10291.0
P022,A24,A,24,reference,REF-1,REF-1-B01,2,30.0,40.3,10185.0
P022,B1,B,1,high_control,,,0,0.0,69.1,10242.0
P022,B2,B,2,low_control,,,0,0.0,33.8,10374.0
P022,B23,B,23,reference,REF-1,REF-1-B01,1,10.0,37.2,9878.0
P022,B24,B,24,reference,REF-1,REF-1-B01,2,10.0,41.1,10061.0
P022,C1,C,1,high_control,,,0,0.0,64.6,10072.0
P022,C2,C,2,low_control,,,0,0.0,36.6,10348.0
P022,C23,C,23,reference,REF-1,REF-1-B01,1,3.3333333333333335,34.6,9459.0
P022,C24,C,24,reference,REF-1,REF-1-B01,2,3.3333333333333335,37.4,10704.0
P022,D1,D,1,high_control,,,0,0.0,64.0,10126.0
P022,D2,D,2,low_control,,,0,0.0,37.8,10100.0
P022,D23,D,23,reference,REF-1,REF-1-B01,1,1.1111111111111112,35.9,9927.0
P022,D24,D,24,reference,REF-1,REF-1-B01,2,1.1111111111111112,43.5,10054.0
P022,E1,E,1,high_control,,,0,0.0,64.5,9969.0
P022,E2,E,2,low_control,,,0,0.0,32.1,9662.0
P022,E23,E,23,reference,REF-1,REF-1-B01,1,0.37037037037037035,39.4,9938.0
P022,E24,E,24,reference,REF-1,REF-1-B01,2,0.37037037037037035,47.3,9897.0
P022,F1,F,1,high_control,,,0,0.0,64.7,9579.0
P022,F2,F,2,low_control,,,0,0.0,30.9,9852.0
P022,F23,F,23,reference,REF-1,REF-1-B01,1,0.12345679012345678,43.0,9402.0
P022,F24,F,24,reference,REF-1,REF-1-B01,2,0.12345679012345678,43.7,10271.0
P022,G1,G,1,high_control,,,0,0.0,60.1,9816.0
P022,G2,G,2,low_control,,,0,0.0,33.1,9771.0
P022,G23,G,23,reference,REF-1,REF-1-B01,1,0.0411522633744856,49.0,9644.0
P022,G24,G,24,reference,REF-1,REF-1-B01,2,0.0411522633744856,55.2,9868.0
P022,H1,H,1,high_control,,,0,0.0,65.7,10183.0
P022,H2,H,2,low_control,,,0,0.0,33.3,10056.0
P022,H23,H,23,reference,REF-1,REF-1-B01,1,0.013717421124828532,56.9,10066.0
P022,H24,H,24,reference,REF-1,REF-1-B01,2,0.013717421124828532,61.1,9848.0
P022,I1,I,1,high_control,,,0,0.0,69.0,10086.0
P022,I2,I,2,low_control,,,0,0.0,36.7,9757.0
P022,I23,I,23,reference,REF-1,REF-1-B01,1,0.004572473708276178,63.5,9772.0
P022,I24,I,24,reference,REF-1,REF-1-B01,2,0.004572473708276178,59.4,9997.0
P022,J1,J,1,high_control,,,0,0.0,62.9,10124.0
P022,J2,J,2,low_control,,,0,0.0,33.5,9715.0
P022,J23,J,23,reference,REF-1,REF-1-B01,1,0.0015241579027587258,61.0,9875.0
P022,J24,J,24,reference,REF-1,REF-1-B01,2,0.0015241579027587258,60.4,9627.0
P022,K1,K,1,high_control,,,0,0.0,63.6,9788.0
P022,K2,K,2,low_control,,,0,0.0,32.9,9894.0
P022,K23,K,23,high_control,,,0,0.0,59.0,9667.0
P022,K24,K,24,low_control,,,0,0.0,38.4,10303.0
P022,L1,L,1,high_control,,,0,0.0,65.2,10530.0
P022,L2,L,2,low_control,,,0,0.0,38.2,9799.0
P022,L23,L,23,high_control,,,0,0.0,60.1,9794.0
P022,L24,L,24,low_control,,,0,0.0,38.4,10022.0
P022,M1,M,1,high_control,,,0,0.0,64.2,9982.0
P022,M2,M,2,low_control,,,0,0.0,31.4,10030.0
P022,M23,M,23,high_control,,,0,0.0,59.0,10063.0
P022,M24,M,24,low_control,,,0,0.0,34.7,10254.0
P022,N1,N,1,high_control,,,0,0.0,64.8,9778.0
P022,N2,N,2,low_control,,,0,0.0,35.6,9640.0
P022,N23,N,23,high_control,,,0,0.0,58.1,9390.0
P022,N24,N,24,low_control,,,0,0.0,43.8,10511.0
P022,O1,O,1,high_control,,,0,0.0,62.2,10241.0
P022,O2,O,2,low_control,,,0,0.0,31.3,9908.0
P022,O23,O,23,high_control,,,0,0.0,61.1,9395.0
P022,O24,O,24,low_control,,,0,0.0,37.8,10335.0
P022,P1,P,1,high_control,,,0,0.0,65.7,10151.0
P022,P2,P,2,low_control,,,0,0.0,40.8,10514.0
P022,P23,P,23,high_control,,,0,0.0,69.6,9845.0
P022,P24,P,24,low_control,,,0,0.0,37.2,10272.0
P022,A3,A,3,sample,B-0032,B-0032-B01,1,30.0,39.1,10034.0
P022,A4,A,4,sample,B-0032,B-0032-B01,1,10.0,36.7,10327.0
P022,A5,A,5,sample,B-0032,B-0032-B01,1,3.3333333333333335,39.3,10301.0
P022,A6,A,6,sample,B-0032,B-0032-B01,1,1.1111111111111112,38.5,10248.0
P022,A7,A,7,sample,B-0032,B-0032-B01,1,0.37037037037037035,45.5,9983.0
P022,A8,A,8,sample,B-0032,B-0032-B01,1,0.12345679012345678,43.7,10527.0
P022,A9,A,9,sample,B-0032,B-0032-B01,1,0.0411522633744856,52.4,10145.0
P022,A10,A,10,sample,B-0032,B-0032-B01,1,0.013717421124828532,59.1,9871.0
P022,A11,A,11,sample,B-0032,B-0032-B01,1,0.004572473708276178,59.5,10361.0
P022,A12,A,12,sample,B-0032,B-0032-B01,1,0.0015241579027587258,62.5,9541.0
P022,A13,A,13,sample,B-0032,B-0032-B01,2,30.0,37.0,10346.0
P022,A14,A,14,sample,B-0032,B-0032-B01,2,10.0,43.0,10431.0
P022,A15,A,15,sample,B-0032,B-0032-B01,2,3.3333333333333335,40.8,9757.0
P022,A16,A,16,sample,B-0032,B-0032-B01,2,1.1111111111111112,41.5,10177.0
P022,A17,A,17,sample,B-0032,B-0032-B01,2,0.37037037037037035,42.2,9989.0
P022,A18,A,18,sample,B-0032,B-0032-B01,2,0.12345679012345678,49.1,9933.0
P022,A19,A,19,sample,B-0032,B-0032-B01,2,0.0411522633744856,54.7,9694.0
P022,A20,A,20,sample,B-0032,B-0032-B01,2,0.013717421124828532,63.4,10125.0
P022,A21,A,21,sample,B-0032,B-0032-B01,2,0.004572473708276178,63.0,10172.0
P022,A22,A,22,sample,B-0032,B-0032-B01,2,0.0015241579027587258,66.4,10115.0
P022,B3,B,3,sample,B-0083,B-0083-B01,1,30.0,35.7,9638.0
P022,B4,B,4,sample,B-0083,B-0083-B01,1,10.0,40.3,9823.0
P022,B5,B,5,sample,B-0083,B-0083-B01,1,3.3333333333333335,36.3,9496.0
P022,B6,B,6,sample,B-0083,B-0083-B01,1,1.1111111111111112,36.3,9894.0
P022,B7,B,7,sample,B-0083,B-0083-B01,1,0.37037037037037035,32.7,10237.0
P022,B8,B,8,sample,B-0083,B-0083-B01,1,0.12345679012345678,35.3,9419.0
P022,B9,B,9,sample,B-0083,B-0083-B01,1,0.0411522633744856,50.3,9961.0
P022,B10,B,10,sample,B-0083,B-0083-B01,1,0.013717421124828532,55.6,9826.0
P022,B11,B,11,sample,B-0083,B-0083-B01,1,0.004572473708276178,58.2,9809.0
P022,B12,B,12,sample,B-0083,B-0083-B01,1,0.0015241579027587258,60.3,9760.0
P022,B13,B,13,sample,B-0083,B-0083-B01,2,30.0,32.1,10010.0
P022,B14,B,14,sample,B-0083,B-0083-B01,2,10.0,29.7,10493.0
P022,B15,B,15,sample,B-0083,B-0083-B01,2,3.3333333333333335,33.6,10378.0
P022,B16,B,16,sample,B-0083,B-0083-B01,2,1.1111111111111112,33.7,10488.0
P022,B17,B,17,sample,B-0083,B-0083-B01,2,0.37037037037037035,37.4,9812.0
P022,B18,B,18,sample,B-0083,B-0083-B01,2,0.12345679012345678,37.8,10348.0
P022,B19,B,19,sample,B-0083,B-0083-B01,2,0.0411522633744856,48.9,9681.0
P022,B20,B,20,sample,B-0083,B-0083-B01,2,0.013717421124828532,53.6,10023.0
P022,B21,B,21,sample,B-0083,B-0083-B01,2,0.004572473708276178,55.3,10395.0
P022,B22,B,22,sample,B-0083,B-0083-B01,2,0.0015241579027587258,60.6,9930.0
P022,C3,C,3,sample,A-0246,A-0246-B01,1,30.0,36.4,10450.0
P022,C4,C,4,sample,A-0246,A-0246-B01,1,10.0,38.9,9779.0
P022,C5,C,5,sample,A-0246,A-0246-B01,1,3.3333333333333335,43.8,10398.0
P022,C6,C,6,sample,A-0246,A-0246-B01,1,1.1111111111111112,51.4,9694.0
P022,C7,C,7,sample,A-0246,A-0246-B01,1,0.37037037037037035,54.3,9743.0
P022,C8,C,8,sample,A-0246,A-0246-B01,1,0.12345679012345678,55.4,9616.0
P022,C9,C,9,sample,A-0246,A-0246-B01,1,0.0411522633744856,57.1,9704.0
P022,C10,C,10,sample,A-0246,A-0246-B01,1,0.013717421124828532,59.7,9385.0
P022,C11,C,11,sample,A-0246,A-0246-B01,1,0.004572473708276178,62.3,9921.0
P022,C12,C,12,sample,A-0246,A-0246-B01,1,0.0015241579027587258,65.9,9772.0
P022,C13,C,13,sample,A-0246,A-0246-B01,2,30.0,37.1,9715.0
P022,C14,C,14,sample,A-0246,A-0246-B01,2,10.0,44.1,9800.0
P022,C15,C,15,sample,A-0246,A-0246-B01,2,3.3333333333333335,39.1,9799.0
P022,C16,C,16,sample,A-0246,A-0246-B01,2,1.1111111111111112,50.7,9767.0
P022,C17,C,17,sample,A-0246,A-0246-B01,2,0.37037037037037035,56.7,9905.0
P022,C18,C,18,sample,A-0246,A-0246-B01,2,0.12345679012345678,55.8,10150.0
P022,C19,C,19,sample,A-0246,A-0246-B01,2,0.0411522633744856,58.9,9837.0
P022,C20,C,20,sample,A-0246,A-0246-B01,2,0.013717421124828532,58.3,9622.0
P022,C21,C,21,sample,A-0246,A-0246-B01,2,0.004572473708276178,61.2,9878.0
P022,C22,C,22,sample,A-0246,A-0246-B01,2,0.0015241579027587258,60.3,9427.0
P022,D3,D,3,sample,B-0173,B-0173-B01,1,30.0,38.5,9722.0
P022,D4,D,4,sample,B-0173,B-0173-B01,1,10.0,36.5,10197.0
P022,D5,D,5,sample,B-0173,B-0173-B01,1,3.3333333333333335,47.8,10051.0
P022,D6,D,6,sample,B-0173,B-0173-B01,1,1.1111111111111112,57.9,10326.0
P022,D7,D,7,sample,B-0173,B-0173-B01,1,0.37037037037037035,57.4,9739.0
P022,D8,D,8,sample,B-0173,B-0173-B01,1,0.12345679012345678,56.4,9389.0
P022,D9,D,9,sample,B-0173,B-0173-B01,1,0.0411522633744856,60.0,9612.0
P022,D10,D,10,sample,B-0173,B-0173-B01,1,0.013717421124828532,62.7,10566.0
P022,D11,D,11,sample,B-0173,B-0173-B01,1,0.004572473708276178,60.9,9635.0
P022,D12,D,12,sample,B-0173,B-0173-B01,1,0.0015241579027587258,62.9,10382.0
P022,D13,D,13,sample,B-0173,B-0173-B01,2,30.0,40.3,9537.0
P022,D14,D,14,sample,B-0173,B-0173-B01,2,10.0,39.7,9816.0
P022,D15,D,15,sample,B-0173,B-0173-B01,2,3.3333333333333335,47.9,10190.0
P022,D16,D,16,sample,B-0173,B-0173-B01,2,1.1111111111111112,61.1,9484.0
P022,D17,D,17,sample,B-0173,B-0173-B01,2,0.37037037037037035,57.9,9531.0
P022,D18,D,18,sample,B-0173,B-0173-B01,2,0.12345679012345678,60.3,10105.0
P022,D19,D,19,sample,B-0173,B-0173-B01,2,0.0411522633744856,61.7,10338.0
P022,D20,D,20,sample,B-0173,B-0173-B01,2,0.013717421124828532,58.8,9727.0
P022,D21,D,21,sample,B-0173,B-0173-B01,2,0.004572473708276178,59.1,9690.0
P022,D22,D,22,sample,B-0173,B-0173-B01,2,0.0015241579027587258,62.1,9563.0
P022,E3,E,3,sample,B-0048,B-0048-B01,1,30.0,35.4,9944.0
P022,E4,E,4,sample,B-0048,B-0048-B01,1,10.0,38.5,9947.0
P022,E5,E,5,sample,B-0048,B-0048-B01,1,3.3333333333333335,36.9,10046.0
P022,E6,E,6,sample,B-0048,B-0048-B01,1,1.1111111111111112,41.8,10118.0
P022,E7,E,7,sample,B-0048,B-0048-B01,1,0.37037037037037035,49.7,10051.0
P022,E8,E,8,sample,B-0048,B-0048-B01,1,0.12345679012345678,53.0,9839.0
P022,E9,E,9,sample,B-0048,B-0048-B01,1,0.0411522633744856,58.3,9820.0
P022,E10,E,10,sample,B-0048,B-0048-B01,1,0.013717421124828532,59.6,9858.0
P022,E11,E,11,sample,B-0048,B-0048-B01,1,0.004572473708276178,58.8,9706.0
P022,E12,E,12,sample,B-0048,B-0048-B01,1,0.0015241579027587258,59.1,9627.0
P022,E13,E,13,sample,B-0048,B-0048-B01,2,30.0,35.5,9768.0
P022,E14,E,14,sample,B-0048,B-0048-B01,2,10.0,36.7,10301.0
P022,E15,E,15,sample,B-0048,B-0048-B01,2,3.3333333333333335,38.2,9922.0
P022,E16,E,16,sample,B-0048,B-0048-B01,2,1.1111111111111112,42.6,9732.0
P022,E17,E,17,sample,B-0048,B-0048-B01,2,0.37037037037037035,47.8,10015.0
P022,E18,E,18,sample,B-0048,B-0048-B01,2,0.12345679012345678,52.1,9752.0
P022,E19,E,19,sample,B-0048,B-0048-B01,2,0.0411522633744856,58.1,9606.0
P022,E20,E,20,sample,B-0048,B-0048-B01,2,0.013717421124828532,58.8,9417.0
P022,E21,E,21,sample,B-0048,B-0048-B01,2,0.004572473708276178,67.0,9530.0
P022,E22,E,22,sample,B-0048,B-0048-B01,2,0.0015241579027587258,62.6,9689.0
P022,F3,F,3,sample,B-0206,B-0206-B01,1,30.0,37.4,10146.0
P022,F4,F,4,sample,B-0206,B-0206-B01,1,10.0,37.1,9958.0
P022,F5,F,5,sample,B-0206,B-0206-B01,1,3.3333333333333335,31.8,9957.0
P022,F6,F,6,sample,B-0206,B-0206-B01,1,1.1111111111111112,36.2,10428.0
P022,F7,F,7,sample,B-0206,B-0206-B01,1,0.37037037037037035,34.3,9844.0
P022,F8,F,8,sample,B-0206,B-0206-B01,1,0.12345679012345678,37.9,10176.0
P022,F9,F,9,sample,B-0206,B-0206-B01,1,0.0411522633744856,39.5,9787.0
P022,F10,F,10,sample,B-0206,B-0206-B01,1,0.013717421124828532,46.8,9696.0
P022,F11,F,11,sample,B-0206,B-0206-B01,1,0.004572473708276178,57.8,9712.0
P022,F12,F,12,sample,B-0206,B-0206-B01,1,0.0015241579027587258,57.3,9882.0
P022,F13,F,13,sample,B-0206,B-0206-B01,2,30.0,37.0,9656.0
P022,F14,F,14,sample,B-0206,B-0206-B01,2,10.0,34.6,9858.0
P022,F15,F,15,sample,B-0206,B-0206-B01,2,3.3333333333333335,40.4,9909.0
P022,F16,F,16,sample,B-0206,B-0206-B01,2,1.1111111111111112,36.8,10081.0
P022,F17,F,17,sample,B-0206,B-0206-B01,2,0.37037037037037035,35.1,9754.0
P022,F18,F,18,sample,B-0206,B-0206-B01,2,0.12345679012345678,37.1,9844.0
P022,F19,F,19,sample,B-0206,B-0206-B01,2,0.0411522633744856,41.2,9442.0
P022,F20,F,20,sample,B-0206,B-0206-B01,2,0.013717421124828532,49.3,10078.0
P022,F21,F,21,sample,B-0206,B-0206-B01,2,0.004572473708276178,53.1,9618.0
P022,F22,F,22,sample,B-0206,B-0206-B01,2,0.0015241579027587258,53.8,9750.0
P022,G3,G,3,sample,B-0131,B-0131-B01,1,30.0,35.7,9975.0
P022,G4,G,4,sample,B-0131,B-0131-B01,1,10.0,34.8,10038.0
P022,G5,G,5,sample,B-0131,B-0131-B01,1,3.3333333333333335,34.2,10165.0
P022,G6,G,6,sample,B-0131,B-0131-B01,1,1.1111111111111112,37.4,9726.0
P022,G7,G,7,sample,B-0131,B-0131-B01,1,0.37037037037037035,43.3,10196.0
P022,G8,G,8,sample,B-0131,B-0131-B01,1,0.12345679012345678,47.5,9970.0
P022,G9,G,9,sample,B-0131,B-0131-B01,1,0.0411522633744856,59.7,9581.0
P022,G10,G,10,sample,B-0131,B-0131-B01,1,0.013717421124828532,61.5,9792.0
P022,G11,G,11,sample,B-0131,B-0131-B01,1,0.004572473708276178,58.8,9898.0
P022,G12,G,12,sample,B-0131,B-0131-B01,1,0.0015241579027587258,56.5,10518.0
P022,G13,G,13,sample,B-0131,B-0131-B01,2,30.0,33.3,10084.0
P022,G14,G,14,sample,B-0131,B-0131-B01,2,10.0,37.9,10226.0
P022,G15,G,15,sample,B-0131,B-0131-B01,2,3.3333333333333335,35.4,9768.0
P022,G16,G,16,sample,B-0131,B-0131-B01,2,1.1111111111111112,37.3,10238.0
P022,G17,G,17,sample,B-0131,B-0131-B01,2,0.37037037037037035,38.8,10253.0
P022,G18,G,18,sample,B-0131,B-0131-B01,2,0.12345679012345678,49.5,9736.0
P022,G19,G,19,sample,B-0131,B-0131-B01,2,0.0411522633744856,55.7,9599.0
P022,G20,G,20,sample,B-0131,B-0131-B01,2,0.013717421124828532,59.3,9874.0
P022,G21,G,21,sample,B-0131,B-0131-B01,2,0.004572473708276178,56.7,10024.0
P022,G22,G,22,sample,B-0131,B-0131-B01,2,0.0015241579027587258,60.0,10083.0
P022,H3,H,3,sample,B-0237,B-0237-B01,1,30.0,33.5,10097.0
P022,H4,H,4,sample,B-0237,B-0237-B01,1,10.0,33.2,9857.0
P022,H5,H,5,sample,B-0237,B-0237-B01,1,3.3333333333333335,37.0,9732.0
P022,H6,H,6,sample,B-0237,B-0237-B01,1,1.1111111111111112,34.2,10245.0
P022,H7,H,7,sample,B-0237,B-0237-B01,1,0.37037037037037035,36.0,10049.0
P022,H8,H,8,sample,B-0237,B-0237-B01,1,0.12345679012345678,41.0,10106.0
P022,H9,H,9,sample,B-0237,B-0237-B01,1,0.0411522633744856,46.7,9333.0
P022,H10,H,10,sample,B-0237,B-0237-B01,1,0.013717421124828532,57.0,9801.0
P022,H11,H,11,sample,B-0237,B-0237-B01,1,0.004572473708276178,57.1,9991.0
P022,H12,H,12,sample,B-0237,B-0237-B01,1,0.0015241579027587258,54.9,10243.0
P022,H13,H,13,sample,B-0237,B-0237-B01,2,30.0,31.7,10139.0
P022,H14,H,14,sample,B-0237,B-0237-B01,2,10.0,32.8,10509.0
P022,H15,H,15,sample,B-0237,B-0237-B01,2,3.3333333333333335,37.7,10578.0
P022,H16,H,16,sample,B-0237,B-0237-B01,2,1.1111111111111112,32.9,9852.0
P022,H17,H,17,sample,B-0237,B-0237-B01,2,0.37037037037037035,39.7,9772.0
P022,H18,H,18,sample,B-0237,B-0237-B01,2,0.12345679012345678,41.8,9996.0
P022,H19,H,19,sample,B-0237,B-0237-B01,2,0.0411522633744856,48.9,9672.0
P022,H20,H,20,sample,B-0237,B-0237-B01,2,0.013717421124828532,54.7,9705.0
P022,H21,H,21,sample,B-0237,B-0237-B01,2,0.004572473708276178,57.1,9888.0
P022,H22,H,22,sample,B-0237,B-0237-B01,2,0.0015241579027587258,58.6,10056.0
P022,I3,I,3,sample,B-0028,B-0028-B01,1,30.0,70.6,11457.0
P022,I4,I,4,sample,B-0028,B-0028-B01,1,10.0,34.3,10279.0
P022,I5,I,5,sample,B-0028,B-0028-B01,1,3.3333333333333335,40.9,10343.0
P022,I6,I,6,sample,B-0028,B-0028-B01,1,1.1111111111111112,47.4,10217.0
P022,I7,I,7,sample,B-0028,B-0028-B01,1,0.37037037037037035,54.3,9921.0
P022,I8,I,8,sample,B-0028,B-0028-B01,1,0.12345679012345678,50.6,9747.0
P022,I9,I,9,sample,B-0028,B-0028-B01,1,0.0411522633744856,60.3,9683.0
P022,I10,I,10,sample,B-0028,B-0028-B01,1,0.013717421124828532,61.5,9817.0
P022,I11,I,11,sample,B-0028,B-0028-B01,1,0.004572473708276178,60.8,9739.0
P022,I12,I,12,sample,B-0028,B-0028-B01,1,0.0015241579027587258,58.2,9877.0
P022,I13,I,13,sample,B-0028,B-0028-B01,2,30.0,74.6,11185.0
P022,I14,I,14,sample,B-0028,B-0028-B01,2,10.0,33.6,9476.0
P022,I15,I,15,sample,B-0028,B-0028-B01,2,3.3333333333333335,39.8,9668.0
P022,I16,I,16,sample,B-0028,B-0028-B01,2,1.1111111111111112,38.7,9572.0
P022,I17,I,17,sample,B-0028,B-0028-B01,2,0.37037037037037035,50.1,9785.0
P022,I18,I,18,sample,B-0028,B-0028-B01,2,0.12345679012345678,55.4,9908.0
P022,I19,I,19,sample,B-0028,B-0028-B01,2,0.0411522633744856,56.6,9715.0
P022,I20,I,20,sample,B-0028,B-0028-B01,2,0.013717421124828532,60.0,9892.0
P022,I21,I,21,sample,B-0028,B-0028-B01,2,0.004572473708276178,60.8,10013.0
P022,I22,I,22,sample,B-0028,B-0028-B01,2,0.0015241579027587258,60.2,9890.0
P022,J3,J,3,sample,B-0163,B-0163-B01,1,30.0,35.0,10015.0
P022,J4,J,4,sample,B-0163,B-0163-B01,1,10.0,39.9,10243.0
P022,J5,J,5,sample,B-0163,B-0163-B01,1,3.3333333333333335,49.2,9429.0
P022,J6,J,6,sample,B-0163,B-0163-B01,1,1.1111111111111112,49.9,9846.0
P022,J7,J,7,sample,B-0163,B-0163-B01,1,0.37037037037037035,55.7,9694.0
P022,J8,J,8,sample,B-0163,B-0163-B01,1,0.12345679012345678,59.0,10073.0
P022,J9,J,9,sample,B-0163,B-0163-B01,1,0.0411522633744856,60.3,9914.0
P022,J10,J,10,sample,B-0163,B-0163-B01,1,0.013717421124828532,61.6,9825.0
P022,J11,J,11,sample,B-0163,B-0163-B01,1,0.004572473708276178,65.7,10322.0
P022,J12,J,12,sample,B-0163,B-0163-B01,1,0.0015241579027587258,64.6,9518.0
P022,J13,J,13,sample,B-0163,B-0163-B01,2,30.0,41.0,9615.0
P022,J14,J,14,sample,B-0163,B-0163-B01,2,10.0,40.7,10122.0
P022,J15,J,15,sample,B-0163,B-0163-B01,2,3.3333333333333335,49.5,9480.0
P022,J16,J,16,sample,B-0163,B-0163-B01,2,1.1111111111111112,57.3,10002.0
P022,J17,J,17,sample,B-0163,B-0163-B01,2,0.37037037037037035,55.8,9842.0
P022,J18,J,18,sample,B-0163,B-0163-B01,2,0.12345679012345678,60.5,9177.0
P022,J19,J,19,sample,B-0163,B-0163-B01,2,0.0411522633744856,61.8,9791.0
P022,J20,J,20,sample,B-0163,B-0163-B01,2,0.013717421124828532,63.2,9991.0
P022,J21,J,21,sample,B-0163,B-0163-B01,2,0.004572473708276178,63.3,9829.0
P022,J22,J,22,sample,B-0163,B-0163-B01,2,0.0015241579027587258,61.6,9578.0
P022,K3,K,3,sample,B-0261,B-0261-B01,1,30.0,35.7,9785.0
P022,K4,K,4,sample,B-0261,B-0261-B01,1,10.0,35.6,10194.0
P022,K5,K,5,sample,B-0261,B-0261-B01,1,3.3333333333333335,32.7,9602.0
P022,K6,K,6,sample,B-0261,B-0261-B01,1,1.1111111111111112,39.4,10193.0
P022,K7,K,7,sample,B-0261,B-0261-B01,1,0.37037037037037035,35.3,9967.0
P022,K8,K,8,sample,B-0261,B-0261-B01,1,0.12345679012345678,36.4,9989.0
P022,K9,K,9,sample,B-0261,B-0261-B01,1,0.0411522633744856,39.4,9669.0
P022,K10,K,10,sample,B-0261,B-0261-B01,1,0.013717421124828532,50.7,9338.0
P022,K11,K,11,sample,B-0261,B-0261-B01,1,0.004572473708276178,55.5,9718.0
P022,K12,K,12,sample,B-0261,B-0261-B01,1,0.0015241579027587258,62.7,9705.0
P022,K13,K,13,sample,B-0261,B-0261-B01,2,30.0,33.9,10072.0
P022,K14,K,14,sample,B-0261,B-0261-B01,2,10.0,35.6,10082.0
P022,K15,K,15,sample,B-0261,B-0261-B01,2,3.3333333333333335,32.5,10274.0
P022,K16,K,16,sample,B-0261,B-0261-B01,2,1.1111111111111112,33.1,9659.0
P022,K17,K,17,sample,B-0261,B-0261-B01,2,0.37037037037037035,35.8,10157.0
P022,K18,K,18,sample,B-0261,B-0261-B01,2,0.12345679012345678,36.4,9665.0
P022,K19,K,19,sample,B-0261,B-0261-B01,2,0.0411522633744856,43.6,9887.0
P022,K20,K,20,sample,B-0261,B-0261-B01,2,0.013717421124828532,52.4,9875.0
P022,K21,K,21,sample,B-0261,B-0261-B01,2,0.004572473708276178,58.8,9682.0
P022,K22,K,22,sample,B-0261,B-0261-B01,2,0.0015241579027587258,60.1,9942.0
P022,L3,L,3,sample,B-0085,B-0085-B01,1,30.0,36.5,9773.0
P022,L4,L,4,sample,B-0085,B-0085-B01,1,10.0,37.9,10004.0
P022,L5,L,5,sample,B-0085,B-0085-B01,1,3.3333333333333335,41.6,10387.0
P022,L6,L,6,sample,B-0085,B-0085-B01,1,1.1111111111111112,36.7,9612.0
P022,L7,L,7,sample,B-0085,B-0085-B01,1,0.37037037037037035,33.9,10111.0
P022,L8,L,8,sample,B-0085,B-0085-B01,1,0.12345679012345678,39.0,10027.0
P022,L9,L,9,sample,B-0085,B-0085-B01,1,0.0411522633744856,44.1,9842.0
P022,L10,L,10,sample,B-0085,B-0085-B01,1,0.013717421124828532,56.3,9978.0
P022,L11,L,11,sample,B-0085,B-0085-B01,1,0.004572473708276178,58.2,10141.0
P022,L12,L,12,sample,B-0085,B-0085-B01,1,0.0015241579027587258,57.7,9815.0
P022,L13,L,13,sample,B-0085,B-0085-B01,2,30.0,35.9,10017.0
P022,L14,L,14,sample,B-0085,B-0085-B01,2,10.0,34.3,10178.0
P022,L15,L,15,sample,B-0085,B-0085-B01,2,3.3333333333333335,37.0,9885.0
P022,L16,L,16,sample,B-0085,B-0085-B01,2,1.1111111111111112,34.9,9899.0
P022,L17,L,17,sample,B-0085,B-0085-B01,2,0.37037037037037035,37.0,10165.0
P022,L18,L,18,sample,B-0085,B-0085-B01,2,0.12345679012345678,43.3,9958.0
P022,L19,L,19,sample,B-0085,B-0085-B01,2,0.0411522633744856,48.1,9942.0
P022,L20,L,20,sample,B-0085,B-0085-B01,2,0.013717421124828532,53.7,9633.0
P022,L21,L,21,sample,B-0085,B-0085-B01,2,0.004572473708276178,54.2,9678.0
P022,L22,L,22,sample,B-0085,B-0085-B01,2,0.0015241579027587258,53.9,9971.0
P022,M3,M,3,sample,A-0156,A-0156-B01,1,30.0,61.1,9470.0
P022,M4,M,4,sample,A-0156,A-0156-B01,1,10.0,42.5,10735.0
P022,M5,M,5,sample,A-0156,A-0156-B01,1,3.3333333333333335,42.4,10096.0
P022,M6,M,6,sample,A-0156,A-0156-B01,1,1.1111111111111112,49.5,9642.0
P022,M7,M,7,sample,A-0156,A-0156-B01,1,0.37037037037037035,58.0,10021.0
P022,M8,M,8,sample,A-0156,A-0156-B01,1,0.12345679012345678,56.7,9886.0
P022,M9,M,9,sample,A-0156,A-0156-B01,1,0.0411522633744856,57.8,9958.0
P022,M10,M,10,sample,A-0156,A-0156-B01,1,0.013717421124828532,59.0,9761.0
P022,M11,M,11,sample,A-0156,A-0156-B01,1,0.004572473708276178,59.8,9695.0
P022,M12,M,12,sample,A-0156,A-0156-B01,1,0.0015241579027587258,56.8,9823.0
P022,M13,M,13,sample,A-0156,A-0156-B01,2,30.0,37.3,10002.0
P022,M14,M,14,sample,A-0156,A-0156-B01,2,10.0,38.7,9618.0
P022,M15,M,15,sample,A-0156,A-0156-B01,2,3.3333333333333335,45.2,9722.0
P022,M16,M,16,sample,A-0156,A-0156-B01,2,1.1111111111111112,52.9,10002.0
P022,M17,M,17,sample,A-0156,A-0156-B01,2,0.37037037037037035,61.6,9946.0
P022,M18,M,18,sample,A-0156,A-0156-B01,2,0.12345679012345678,61.3,9724.0
P022,M19,M,19,sample,A-0156,A-0156-B01,2,0.0411522633744856,62.0,9921.0
P022,M20,M,20,sample,A-0156,A-0156-B01,2,0.013717421124828532,59.3,9937.0
P022,M21,M,21,sample,A-0156,A-0156-B01,2,0.004572473708276178,59.6,9748.0
P022,M22,M,22,sample,A-0156,A-0156-B01,2,0.0015241579027587258,63.9,9553.0
P022,N3,N,3,sample,B-0042,B-0042-B01,1,30.0,35.5,9979.0
P022,N4,N,4,sample,B-0042,B-0042-B01,1,10.0,35.0,9775.0
P022,N5,N,5,sample,B-0042,B-0042-B01,1,3.3333333333333335,37.2,9660.0
P022,N6,N,6,sample,B-0042,B-0042-B01,1,1.1111111111111112,38.6,10191.0
P022,N7,N,7,sample,B-0042,B-0042-B01,1,0.37037037037037035,37.4,9879.0
P022,N8,N,8,sample,B-0042,B-0042-B01,1,0.12345679012345678,42.3,10205.0
P022,N9,N,9,sample,B-0042,B-0042-B01,1,0.0411522633744856,48.7,9844.0
P022,N10,N,10,sample,B-0042,B-0042-B01,1,0.013717421124828532,56.4,9528.0
P022,N11,N,11,sample,B-0042,B-0042-B01,1,0.004572473708276178,61.7,9950.0
P022,N12,N,12,sample,B-0042,B-0042-B01,1,0.0015241579027587258,62.5,9505.0
P022,N13,N,13,sample,B-0042,B-0042-B01,2,30.0,39.9,9778.0
P022,N14,N,14,sample,B-0042,B-0042-B01,2,10.0,32.4,10387.0
P022,N15,N,15,sample,B-0042,B-0042-B01,2,3.3333333333333335,36.1,10537.0
P022,N16,N,16,sample,B-0042,B-0042-B01,2,1.1111111111111112,37.2,9963.0
P022,N17,N,17,sample,B-0042,B-0042-B01,2,0.37037037037037035,36.1,9882.0
P022,N18,N,18,sample,B-0042,B-0042-B01,2,0.12345679012345678,45.4,10242.0
P022,N19,N,19,sample,B-0042,B-0042-B01,2,0.0411522633744856,49.0,9850.0
P022,N20,N,20,sample,B-0042,B-0042-B01,2,0.013717421124828532,54.9,10040.0
P022,N21,N,21,sample,B-0042,B-0042-B01,2,0.004572473708276178,59.3,9503.0
P022,N22,N,22,sample,B-0042,B-0042-B01,2,0.0015241579027587258,62.1,10200.0
P022,O3,O,3,sample,B-0155,B-0155-B01,1,30.0,34.2,10112.0
P022,O4,O,4,sample,B-0155,B-0155-B01,1,10.0,34.4,9980.0
P022,O5,O,5,sample,B-0155,B-0155-B01,1,3.3333333333333335,33.9,10045.0
P022,O6,O,6,sample,B-0155,B-0155-B01,1,1.1111111111111112,33.6,10232.0
P022,O7,O,7,sample,B-0155,B-0155-B01,1,0.37037037037037035,36.3,10185.0
P022,O8,O,8,sample,B-0155,B-0155-B01,1,0.12345679012345678,40.3,9958.0
P022,O9,O,9,sample,B-0155,B-0155-B01,1,0.0411522633744856,45.3,9976.0
P022,O10,O,10,sample,B-0155,B-0155-B01,1,0.013717421124828532,56.7,9395.0
P022,O11,O,11,sample,B-0155,B-0155-B01,1,0.004572473708276178,56.8,9831.0
P022,O12,O,12,sample,B-0155,B-0155-B01,1,0.0015241579027587258,60.1,9546.0
P022,O13,O,13,sample,B-0155,B-0155-B01,2,30.0,33.5,10375.0
P022,O14,O,14,sample,B-0155,B-0155-B01,2,10.0,34.0,10207.0
P022,O15,O,15,sample,B-0155,B-0155-B01,2,3.3333333333333335,33.6,10211.0
P022,O16,O,16,sample,B-0155,B-0155-B01,2,1.1111111111111112,38.2,9822.0
P022,O17,O,17,sample,B-0155,B-0155-B01,2,0.37037037037037035,36.0,9851.0
P022,O18,O,18,sample,B-0155,B-0155-B01,2,0.12345679012345678,41.1,9805.0
P022,O19,O,19,sample,B-0155,B-0155-B01,2,0.0411522633744856,50.6,9472.0
P022,O20,O,20,sample,B-0155,B-0155-B01,2,0.013717421124828532,54.4,9783.0
P022,O21,O,21,sample,B-0155,B-0155-B01,2,0.004572473708276178,61.8,10267.0
P022,O22,O,22,sample,B-0155,B-0155-B01,2,0.0015241579027587258,59.3,9656.0
P022,P3,P,3,sample,B-0187,B-0187-B01,1,30.0,39.6,10236.0
P022,P4,P,4,sample,B-0187,B-0187-B01,1,10.0,40.0,10189.0
P022,P5,P,5,sample,B-0187,B-0187-B01,1,3.3333333333333335,36.4,10604.0
P022,P6,P,6,sample,B-0187,B-0187-B01,1,1.1111111111111112,37.6,9903.0
P022,P7,P,7,sample,B-0187,B-0187-B01,1,0.37037037037037035,40.9,10564.0
P022,P8,P,8,sample,B-0187,B-0187-B01,1,0.12345679012345678,49.3,10320.0
P022,P9,P,9,sample,B-0187,B-0187-B01,1,0.0411522633744856,47.0,10348.0
P022,P10,P,10,sample,B-0187,B-0187-B01,1,0.013717421124828532,47.3,10053.0
P022,P11,P,11,sample,B-0187,B-0187-B01,1,0.004572473708276178,60.7,9660.0
P022,P12,P,12,sample,B-0187,B-0187-B01,1,0.0015241579027587258,63.4,9930.0
P022,P13,P,13,sample,B-0187,B-0187-B01,2,30.0,38.1,10257.0
P022,P14,P,14,sample,B-0187,B-0187-B01,2,10.0,40.6,9969.0
P022,P15,P,15,sample,B-0187,B-0187-B01,2,3.3333333333333335,38.8,10827.0
P022,P16,P,16,sample,B-0187,B-0187-B01,2,1.1111111111111112,45.7,10256.0
P022,P17,P,17,sample,B-0187,B-0187-B01,2,0.37037037037037035,39.6,9765.0
P022,P18,P,18,sample,B-0187,B-0187-B01,2,0.12345679012345678,45.5,10275.0
P022,P19,P,19,sample,B-0187,B-0187-B01,2,0.0411522633744856,51.9,10546.0
P022,P20,P,20,sample,B-0187,B-0187-B01,2,0.013717421124828532,53.9,10151.0
P022,P21,P,21,sample,B-0187,B-0187-B01,2,0.004572473708276178,62.3,9517.0
P022,P22,P,22,sample,B-0187,B-0187-B01,2,0.0015241579027587258,63.2,9984.0
P023,A1,A,1,high_control,,,0,0.0,66.4,9693.0
P023,A2,A,2,low_control,,,0,0.0,35.3,9999.0
P023,A23,A,23,reference,REF-1,REF-1-B01,1,30.0,33.5,10053.0
P023,A24,A,24,reference,REF-1,REF-1-B01,2,30.0,42.6,10201.0
P023,B1,B,1,high_control,,,0,0.0,62.7,9832.0
P023,B2,B,2,low_control,,,0,0.0,33.1,10123.0
P023,B23,B,23,reference,REF-1,REF-1-B01,1,10.0,34.2,9957.0
P023,B24,B,24,reference,REF-1,REF-1-B01,2,10.0,65.0,10003.0
P023,C1,C,1,high_control,,,0,0.0,64.2,10264.0
P023,C2,C,2,low_control,,,0,0.0,35.2,9694.0
P023,C23,C,23,reference,REF-1,REF-1-B01,1,3.3333333333333335,32.2,9629.0
P023,C24,C,24,reference,REF-1,REF-1-B01,2,3.3333333333333335,41.0,10416.0
P023,D1,D,1,high_control,,,0,0.0,65.8,10027.0
P023,D2,D,2,low_control,,,0,0.0,27.9,10087.0
P023,D23,D,23,reference,REF-1,REF-1-B01,1,1.1111111111111112,31.6,9872.0
P023,D24,D,24,reference,REF-1,REF-1-B01,2,1.1111111111111112,39.9,10070.0
P023,E1,E,1,high_control,,,0,0.0,62.4,9920.0
P023,E2,E,2,low_control,,,0,0.0,33.4,10040.0
P023,E23,E,23,reference,REF-1,REF-1-B01,1,0.37037037037037035,41.5,10128.0
P023,E24,E,24,reference,REF-1,REF-1-B01,2,0.37037037037037035,39.5,10251.0
P023,F1,F,1,high_control,,,0,0.0,67.4,9868.0
P023,F2,F,2,low_control,,,0,0.0,35.1,10106.0
P023,F23,F,23,reference,REF-1,REF-1-B01,1,0.12345679012345678,42.5,9684.0
P023,F24,F,24,reference,REF-1,REF-1-B01,2,0.12345679012345678,46.1,10141.0
P023,G1,G,1,high_control,,,0,0.0,63.4,9921.0
P023,G2,G,2,low_control,,,0,0.0,34.6,10385.0
P023,G23,G,23,reference,REF-1,REF-1-B01,1,0.0411522633744856,52.7,9783.0
P023,G24,G,24,reference,REF-1,REF-1-B01,2,0.0411522633744856,54.9,9907.0
P023,H1,H,1,high_control,,,0,0.0,63.8,9785.0
P023,H2,H,2,low_control,,,0,0.0,34.4,9809.0
P023,H23,H,23,reference,REF-1,REF-1-B01,1,0.013717421124828532,60.3,9935.0
P023,H24,H,24,reference,REF-1,REF-1-B01,2,0.013717421124828532,60.5,9746.0
P023,I1,I,1,high_control,,,0,0.0,63.1,9763.0
P023,I2,I,2,low_control,,,0,0.0,31.9,10047.0
P023,I23,I,23,reference,REF-1,REF-1-B01,1,0.004572473708276178,60.4,9651.0
P023,I24,I,24,reference,REF-1,REF-1-B01,2,0.004572473708276178,67.9,9824.0
P023,J1,J,1,high_control,,,0,0.0,63.1,9795.0
P023,J2,J,2,low_control,,,0,0.0,35.2,10139.0
P023,J23,J,23,reference,REF-1,REF-1-B01,1,0.0015241579027587258,58.2,9756.0
P023,J24,J,24,reference,REF-1,REF-1-B01,2,0.0015241579027587258,61.9,9678.0
P023,K1,K,1,high_control,,,0,0.0,65.2,10159.0
P023,K2,K,2,low_control,,,0,0.0,39.9,10119.0
P023,K23,K,23,high_control,,,0,0.0,56.3,10043.0
P023,K24,K,24,low_control,,,0,0.0,40.1,9946.0
P023,L1,L,1,high_control,,,0,0.0,63.9,9894.0
P023,L2,L,2,low_control,,,0,0.0,32.2,9831.0
P023,L23,L,23,high_control,,,0,0.0,58.3,9922.0
P023,L24,L,24,low_control,,,0,0.0,39.2,10016.0
P023,M1,M,1,high_control,,,0,0.0,65.9,10105.0
P023,M2,M,2,low_control,,,0,0.0,34.4,10149.0
P023,M23,M,23,high_control,,,0,0.0,63.3,9698.0
P023,M24,M,24,low_control,,,0,0.0,39.6,10052.0
P023,N1,N,1,high_control,,,0,0.0,68.3,9631.0
P023,N2,N,2,low_control,,,0,0.0,36.7,10116.0
P023,N23,N,23,high_control,,,0,0.0,59.0,9475.0
P023,N24,N,24,low_control,,,0,0.0,35.5,10373.0
P023,O1,O,1,high_control,,,0,0.0,67.3,9894.0
P023,O2,O,2,low_control,,,0,0.0,37.4,10083.0
P023,O23,O,23,high_control,,,0,0.0,60.5,9763.0
P023,O24,O,24,low_control,,,0,0.0,39.9,10441.0
P023,P1,P,1,high_control,,,0,0.0,69.2,9767.0
P023,P2,P,2,low_control,,,0,0.0,39.1,10008.0
P023,P23,P,23,high_control,,,0,0.0,65.5,10337.0
P023,P24,P,24,low_control,,,0,0.0,39.8,10007.0
P023,A3,A,3,sample,C-0024,C-0024-B01,1,30.0,65.1,11280.0
P023,A4,A,4,sample,C-0024,C-0024-B01,1,10.0,36.7,10538.0
P023,A5,A,5,sample,C-0024,C-0024-B01,1,3.3333333333333335,40.9,9457.0
P023,A6,A,6,sample,C-0024,C-0024-B01,1,1.1111111111111112,47.8,10355.0
P023,A7,A,7,sample,C-0024,C-0024-B01,1,0.37037037037037035,54.3,10028.0
P023,A8,A,8,sample,C-0024,C-0024-B01,1,0.12345679012345678,62.5,10543.0
P023,A9,A,9,sample,C-0024,C-0024-B01,1,0.0411522633744856,63.4,10294.0
P023,A10,A,10,sample,C-0024,C-0024-B01,1,0.013717421124828532,65.3,10101.0
P023,A11,A,11,sample,C-0024,C-0024-B01,1,0.004572473708276178,64.5,9804.0
P023,A12,A,12,sample,C-0024,C-0024-B01,1,0.0015241579027587258,61.9,10358.0
P023,A13,A,13,sample,C-0024,C-0024-B01,2,30.0,67.8,11752.0
P023,A14,A,14,sample,C-0024,C-0024-B01,2,10.0,43.0,10161.0
P023,A15,A,15,sample,C-0024,C-0024-B01,2,3.3333333333333335,44.6,9966.0
P023,A16,A,16,sample,C-0024,C-0024-B01,2,1.1111111111111112,49.1,10277.0
P023,A17,A,17,sample,C-0024,C-0024-B01,2,0.37037037037037035,55.6,9980.0
P023,A18,A,18,sample,C-0024,C-0024-B01,2,0.12345679012345678,59.7,10217.0
P023,A19,A,19,sample,C-0024,C-0024-B01,2,0.0411522633744856,64.4,10168.0
P023,A20,A,20,sample,C-0024,C-0024-B01,2,0.013717421124828532,65.7,9677.0
P023,A21,A,21,sample,C-0024,C-0024-B01,2,0.004572473708276178,61.4,10419.0
P023,A22,A,22,sample,C-0024,C-0024-B01,2,0.0015241579027587258,70.2,9732.0
P023,B3,B,3,sample,B-0240,B-0240-B01,1,30.0,36.9,10533.0
P023,B4,B,4,sample,B-0240,B-0240-B01,1,10.0,32.2,9943.0
P023,B5,B,5,sample,B-0240,B-0240-B01,1,3.3333333333333335,37.2,10389.0
P023,B6,B,6,sample,B-0240,B-0240-B01,1,1.1111111111111112,35.0,9942.0
P023,B7,B,7,sample,B-0240,B-0240-B01,1,0.37037037037037035,37.2,10138.0
P023,B8,B,8,sample,B-0240,B-0240-B01,1,0.12345679012345678,40.8,10137.0
P023,B9,B,9,sample,B-0240,B-0240-B01,1,0.0411522633744856,41.5,10080.0
P023,B10,B,10,sample,B-0240,B-0240-B01,1,0.013717421124828532,54.7,9762.0
P023,B11,B,11,sample,B-0240,B-0240-B01,1,0.004572473708276178,59.8,9840.0
P023,B12,B,12,sample,B-0240,B-0240-B01,1,0.0015241579027587258,60.0,10345.0
P023,B13,B,13,sample,B-0240,B-0240-B01,2,30.0,35.0,9912.0
P023,B14,B,14,sample,B-0240,B-0240-B01,2,10.0,34.3,9865.0
P023,B15,B,15,sample,B-0240,B-0240-B01,2,3.3333333333333335,34.6,9685.0
P023,B16,B,16,sample,B-0240,B-0240-B01,2,1.1111111111111112,32.4,9675.0
P023,B17,B,17,sample,B-0240,B-0240-B01,2,0.37037037037037035,33.4,9633.0
P023,B18,B,18,sample,B-0240,B-0240-B01,2,0.12345679012345678,41.2,9723.0
P023,B19,B,19,sample,B-0240,B-0240-B01,2,0.0411522633744856,49.6,9878.0
P023,B20,B,20,sample,B-0240,B-0240-B01,2,0.013717421124828532,55.3,9944.0
P023,B21,B,21,sample,B-0240,B-0240-B01,2,0.004572473708276178,59.6,9606.0
P023,B22,B,22,sample,B-0240,B-0240-B01,2,0.0015241579027587258,59.6,9617.0
P023,C3,C,3,sample,A-0287,A-0287-B01,1,30.0,44.0,10170.0
P023,C4,C,4,sample,A-0287,A-0287-B01,1,10.0,48.0,10201.0
P023,C5,C,5,sample,A-0287,A-0287-B01,1,3.3333333333333335,53.8,9684.0
P023,C6,C,6,sample,A-0287,A-0287-B01,1,1.1111111111111112,59.3,9683.0
P023,C7,C,7,sample,A-0287,A-0287-B01,1,0.37037037037037035,58.1,9405.0
P023,C8,C,8,sample,A-0287,A-0287-B01,1,0.12345679012345678,63.6,9700.0
P023,C9,C,9,sample,A-0287,A-0287-B01,1,0.0411522633744856,64.9,9637.0
P023,C10,C,10,sample,A-0287,A-0287-B01,1,0.013717421124828532,59.8,10116.0
P023,C11,C,11,sample,A-0287,A-0287-B01,1,0.004572473708276178,53.3,9354.0
P023,C12,C,12,sample,A-0287,A-0287-B01,1,0.0015241579027587258,60.7,9795.0
P023,C13,C,13,sample,A-0287,A-0287-B01,2,30.0,41.1,10021.0
P023,C14,C,14,sample,A-0287,A-0287-B01,2,10.0,49.2,9735.0
P023,C15,C,15,sample,A-0287,A-0287-B01,2,3.3333333333333335,53.0,9899.0
P023,C16,C,16,sample,A-0287,A-0287-B01,2,1.1111111111111112,57.4,9850.0
P023,C17,C,17,sample,A-0287,A-0287-B01,2,0.37037037037037035,64.0,9645.0
P023,C18,C,18,sample,A-0287,A-0287-B01,2,0.12345679012345678,60.7,9713.0
P023,C19,C,19,sample,A-0287,A-0287-B01,2,0.0411522633744856,57.8,9606.0
P023,C20,C,20,sample,A-0287,A-0287-B01,2,0.013717421124828532,60.2,9776.0
P023,C21,C,21,sample,A-0287,A-0287-B01,2,0.004572473708276178,62.3,9616.0
P023,C22,C,22,sample,A-0287,A-0287-B01,2,0.0015241579027587258,59.5,9980.0
P023,D3,D,3,sample,B-0254,B-0254-B01,1,30.0,35.3,10355.0
P023,D4,D,4,sample,B-0254,B-0254-B01,1,10.0,36.7,9715.0
P023,D5,D,5,sample,B-0254,B-0254-B01,1,3.3333333333333335,37.2,9823.0
P023,D6,D,6,sample,B-0254,B-0254-B01,1,1.1111111111111112,37.5,9703.0
P023,D7,D,7,sample,B-0254,B-0254-B01,1,0.37037037037037035,46.1,10022.0
P023,D8,D,8,sample,B-0254,B-0254-B01,1,0.12345679012345678,48.8,9990.0
P023,D9,D,9,sample,B-0254,B-0254-B01,1,0.0411522633744856,54.8,9573.0
P023,D10,D,10,sample,B-0254,B-0254-B01,1,0.013717421124828532,54.8,9685.0
P023,D11,D,11,sample,B-0254,B-0254-B01,1,0.004572473708276178,57.8,9713.0
P023,D12,D,12,sample,B-0254,B-0254-B01,1,0.0015241579027587258,64.5,10108.0
P023,D13,D,13,sample,B-0254,B-0254-B01,2,30.0,32.0,10145.0
P023,D14,D,14,sample,B-0254,B-0254-B01,2,10.0,33.5,10157.0
P023,D15,D,15,sample,B-0254,B-0254-B01,2,3.3333333333333335,35.0,9736.0
P023,D16,D,16,sample,B-0254,B-0254-B01,2,1.1111111111111112,39.6,10571.0
P023,D17,D,17,sample,B-0254,B-0254-B01,2,0.37037037037037035,43.8,9875.0
P023,D18,D,18,sample,B-0254,B-0254-B01,2,0.12345679012345678,54.5,9821.0
P023,D19,D,19,sample,B-0254,B-0254-B01,2,0.0411522633744856,55.7,9512.0
P023,D20,D,20,sample,B-0254,B-0254-B01,2,0.013717421124828532,61.6,9998.0
P023,D21,D,21,sample,B-0254,B-0254-B01,2,0.004572473708276178,58.0,9662.0
P023,D22,D,22,sample,B-0254,B-0254-B01,2,0.0015241579027587258,58.8,9923.0
P023,E3,E,3,sample,B-0283,B-0283-B01,1,30.0,37.5,9887.0
P023,E4,E,4,sample,B-0283,B-0283-B01,1,10.0,40.2,9940.0
P023,E5,E,5,sample,B-0283,B-0283-B01,1,3.3333333333333335,38.0,9580.0
P023,E6,E,6,sample,B-0283,B-0283-B01,1,1.1111111111111112,42.2,10262.0
P023,E7,E,7,sample,B-0283,B-0283-B01,1,0.37037037037037035,50.6,9466.0
P023,E8,E,8,sample,B-0283,B-0283-B01,1,0.12345679012345678,56.8,9518.0
P023,E9,E,9,sample,B-0283,B-0283-B01,1,0.0411522633744856,57.1,9482.0
P023,E10,E,10,sample,B-0283,B-0283-B01,1,0.013717421124828532,60.5,9862.0
P023,E11,E,11,sample,B-0283,B-0283-B01,1,0.004572473708276178,57.4,9702.0
P023,E12,E,12,sample,B-0283,B-0283-B01,1,0.0015241579027587258,66.1,9887.0
P023,E13,E,13,sample,B-0283,B-0283-B01,2,30.0,36.7,9711.0
P023,E14,E,14,sample,B-0283,B-0283-B01,2,10.0,33.8,10215.0
P023,E15,E,15,sample,B-0283,B-0283-B01,2,3.3333333333333335,39.6,10485.0
P023,E16,E,16,sample,B-0283,B-0283-B01,2,1.1111111111111112,40.7,9701.0
P023,E17,E,17,sample,B-0283,B-0283-B01,2,0.37037037037037035,54.7,9549.0
P023,E18,E,18,sample,B-0283,B-0283-B01,2,0.12345679012345678,55.8,9452.0
P023,E19,E,19,sample,B-0283,B-0283-B01,2,0.0411522633744856,59.5,9989.0
P023,E20,E,20,sample,B-0283,B-0283-B01,2,0.013717421124828532,61.5,9785.0
P023,E21,E,21,sample,B-0283,B-0283-B01,2,0.004572473708276178,61.5,9597.0
P023,E22,E,22,sample,B-0283,B-0283-B01,2,0.0015241579027587258,63.7,9807.0
P023,F3,F,3,sample,B-0178,B-0178-B01,1,30.0,32.9,9954.0
P023,F4,F,4,sample,B-0178,B-0178-B01,1,10.0,38.3,9890.0
P023,F5,F,5,sample,B-0178,B-0178-B01,1,3.3333333333333335,29.4,10143.0
P023,F6,F,6,sample,B-0178,B-0178-B01,1,1.1111111111111112,32.0,10083.0
P023,F7,F,7,sample,B-0178,B-0178-B01,1,0.37037037037037035,33.6,9620.0
P023,F8,F,8,sample,B-0178,B-0178-B01,1,0.12345679012345678,36.7,10292.0
P023,F9,F,9,sample,B-0178,B-0178-B01,1,0.0411522633744856,45.7,9969.0
P023,F10,F,10,sample,B-0178,B-0178-B01,1,0.013717421124828532,49.6,9857.0
P023,F11,F,11,sample,B-0178,B-0178-B01,1,0.004572473708276178,53.5,9642.0
P023,F12,F,12,sample,B-0178,B-0178-B01,1,0.0015241579027587258,64.2,9855.0
P023,F13,F,13,sample,B-0178,B-0178-B01,2,30.0,33.0,10193.0
P023,F14,F,14,sample,B-0178,B-0178-B01,2,10.0,31.3,10075.0
P023,F15,F,15,sample,B-0178,B-0178-B01,2,3.3333333333333335,31.5,10003.0
P023,F16,F,16,sample,B-0178,B-0178-B01,2,1.1111111111111112,39.4,9539.0
P023,F17,F,17,sample,B-0178,B-0178-B01,2,0.37037037037037035,39.1,9779.0
P023,F18,F,18,sample,B-0178,B-0178-B01,2,0.12345679012345678,40.4,10102.0
P023,F19,F,19,sample,B-0178,B-0178-B01,2,0.0411522633744856,46.0,9917.0
P023,F20,F,20,sample,B-0178,B-0178-B01,2,0.013717421124828532,49.3,9935.0
P023,F21,F,21,sample,B-0178,B-0178-B01,2,0.004572473708276178,52.9,9798.0
P023,F22,F,22,sample,B-0178,B-0178-B01,2,0.0015241579027587258,57.6,10105.0
P023,G3,G,3,sample,A-0048,A-0048-B01,1,30.0,34.7,9918.0
P023,G4,G,4,sample,A-0048,A-0048-B01,1,10.0,43.0,9726.0
P023,G5,G,5,sample,A-0048,A-0048-B01,1,3.3333333333333335,48.4,9842.0
P023,G6,G,6,sample,A-0048,A-0048-B01,1,1.1111111111111112,54.8,10258.0
P023,G7,G,7,sample,A-0048,A-0048-B01,1,0.37037037037037035,57.0,10075.0
P023,G8,G,8,sample,A-0048,A-0048-B01,1,0.12345679012345678,59.0,9383.0
P023,G9,G,9,sample,A-0048,A-0048-B01,1,0.0411522633744856,60.7,9915.0
P023,G10,G,10,sample,A-0048,A-0048-B01,1,0.013717421124828532,62.2,9679.0
P023,G11,G,11,sample,A-0048,A-0048-B01,1,0.004572473708276178,57.4,9765.0
P023,G12,G,12,sample,A-0048,A-0048-B01,1,0.0015241579027587258,58.2,9805.0
P023,G13,G,13,sample,A-0048,A-0048-B01,2,30.0,34.2,9745.0
P023,G14,G,14,sample,A-0048,A-0048-B01,2,10.0,43.3,9907.0
P023,G15,G,15,sample,A-0048,A-0048-B01,2,3.3333333333333335,46.9,9993.0
P023,G16,G,16,sample,A-0048,A-0048-B01,2,1.1111111111111112,55.3,9457.0
P023,G17,G,17,sample,A-0048,A-0048-B01,2,0.37037037037037035,54.7,9989.0
P023,G18,G,18,sample,A-0048,A-0048-B01,2,0.12345679012345678,63.0,10474.0
P023,G19,G,19,sample,A-0048,A-0048-B01,2,0.0411522633744856,57.0,9818.0
P023,G20,G,20,sample,A-0048,A-0048-B01,2,0.013717421124828532,58.1,9820.0
P023,G21,G,21,sample,A-0048,A-0048-B01,2,0.004572473708276178,59.8,10020.0
P023,G22,G,22,sample,A-0048,A-0048-B01,2,0.0015241579027587258,63.6,9816.0
P023,H3,H,3,sample,B-0179,B-0179-B01,1,30.0,42.3,9964.0
P023,H4,H,4,sample,B-0179,B-0179-B01,1,10.0,46.3,9516.0
P023,H5,H,5,sample,B-0179,B-0179-B01,1,3.3333333333333335,48.9,10118.0
P023,H6,H,6,sample,B-0179,B-0179-B01,1,1.1111111111111112,57.1,9728.0
P023,H7,H,7,sample,B-0179,B-0179-B01,1,0.37037037037037035,58.4,9851.0
P023,H8,H,8,sample,B-0179,B-0179-B01,1,0.12345679012345678,62.0,9582.0
P023,H9,H,9,sample,B-0179,B-0179-B01,1,0.0411522633744856,61.3,9674.0
P023,H10,H,10,sample,B-0179,B-0179-B01,1,0.013717421124828532,62.8,10072.0
P023,H11,H,11,sample,B-0179,B-0179-B01,1,0.004572473708276178,60.0,9930.0
P023,H12,H,12,sample,B-0179,B-0179-B01,1,0.0015241579027587258,61.1,9739.0
P023,H13,H,13,sample,B-0179,B-0179-B01,2,30.0,34.6,10092.0
P023,H14,H,14,sample,B-0179,B-0179-B01,2,10.0,40.9,9635.0
P023,H15,H,15,sample,B-0179,B-0179-B01,2,3.3333333333333335,49.1,10209.0
P023,H16,H,16,sample,B-0179,B-0179-B01,2,1.1111111111111112,59.8,10118.0
P023,H17,H,17,sample,B-0179,B-0179-B01,2,0.37037037037037035,61.0,9799.0
P023,H18,H,18,sample,B-0179,B-0179-B01,2,0.12345679012345678,61.6,10206.0
P023,H19,H,19,sample,B-0179,B-0179-B01,2,0.0411522633744856,59.1,9447.0
P023,H20,H,20,sample,B-0179,B-0179-B01,2,0.013717421124828532,60.7,9365.0
P023,H21,H,21,sample,B-0179,B-0179-B01,2,0.004572473708276178,62.8,9766.0
P023,H22,H,22,sample,B-0179,B-0179-B01,2,0.0015241579027587258,63.7,9886.0
P023,I3,I,3,sample,A-0067,A-0067-B01,1,30.0,32.6,9803.0
P023,I4,I,4,sample,A-0067,A-0067-B01,1,10.0,39.0,9546.0
P023,I5,I,5,sample,A-0067,A-0067-B01,1,3.3333333333333335,37.7,10007.0
P023,I6,I,6,sample,A-0067,A-0067-B01,1,1.1111111111111112,43.3,9867.0
P023,I7,I,7,sample,A-0067,A-0067-B01,1,0.37037037037037035,54.9,9850.0
P023,I8,I,8,sample,A-0067,A-0067-B01,1,0.12345679012345678,62.1,9539.0
P023,I9,I,9,sample,A-0067,A-0067-B01,1,0.0411522633744856,63.3,9925.0
P023,I10,I,10,sample,A-0067,A-0067-B01,1,0.013717421124828532,57.6,9443.0
P023,I11,I,11,sample,A-0067,A-0067-B01,1,0.004572473708276178,60.7,9346.0
P023,I12,I,12,sample,A-0067,A-0067-B01,1,0.0015241579027587258,57.3,9706.0
P023,I13,I,13,sample,A-0067,A-0067-B01,2,30.0,34.9,10581.0
P023,I14,I,14,sample,A-0067,A-0067-B01,2,10.0,35.9,9853.0
P023,I15,I,15,sample,A-0067,A-0067-B01,2,3.3333333333333335,41.9,9693.0
P023,I16,I,16,sample,A-0067,A-0067-B01,2,1.1111111111111112,43.9,9944.0
P023,I17,I,17,sample,A-0067,A-0067-B01,2,0.37037037037037035,50.7,9272.0
P023,I18,I,18,sample,A-0067,A-0067-B01,2,0.12345679012345678,58.4,9813.0
P023,I19,I,19,sample,A-0067,A-0067-B01,2,0.0411522633744856,59.8,9619.0
P023,I20,I,20,sample,A-0067,A-0067-B01,2,0.013717421124828532,62.9,10044.0
P023,I21,I,21,sample,A-0067,A-0067-B01,2,0.004572473708276178,62.7,9263.0
P023,I22,I,22,sample,A-0067,A-0067-B01,2,0.0015241579027587258,57.5,9830.0
P023,J3,J,3,sample,B-0217,B-0217-B01,1,30.0,37.0,10030.0
P023,J4,J,4,sample,B-0217,B-0217-B01,1,10.0,35.4,10129.0
P023,J5,J,5,sample,B-0217,B-0217-B01,1,3.3333333333333335,36.1,10002.0
P023,J6,J,6,sample,B-0217,B-0217-B01,1,1.1111111111111112,42.5,9939.0
P023,J7,J,7,sample,B-0217,B-0217-B01,1,0.37037037037037035,54.2,9651.0
P023,J8,J,8,sample,B-0217,B-0217-B01,1,0.12345679012345678,54.9,10094.0
P023,J9,J,9,sample,B-0217,B-0217-B01,1,0.0411522633744856,57.6,9553.0
P023,J10,J,10,sample,B-0217,B-0217-B01,1,0.013717421124828532,63.8,9662.0
P023,J11,J,11,sample,B-0217,B-0217-B01,1,0.004572473708276178,60.4,9870.0
P023,J12,J,12,sample,B-0217,B-0217-B01,1,0.0015241579027587258,59.5,9944.0
P023,J13,J,13,sample,B-0217,B-0217-B01,2,30.0,36.7,9602.0
P023,J14,J,14,sample,B-0217,B-0217-B01,2,10.0,37.6,9618.0
P023,J15,J,15,sample,B-0217,B-0217-B01,2,3.3333333333333335,39.6,10258.0
P023,J16,J,16,sample,B-0217,B-0217-B01,2,1.1111111111111112,42.8,9880.0
P023,J17,J,17,sample,B-0217,B-0217-B01,2,0.37037037037037035,50.2,10159.0
P023,J18,J,18,sample,B-0217,B-0217-B01,2,0.12345679012345678,52.7,9943.0
P023,J19,J,19,sample,B-0217,B-0217-B01,2,0.0411522633744856,62.7,9546.0
P023,J20,J,20,sample,B-0217,B-0217-B01,2,0.013717421124828532,60.4,9895.0
P023,J21,J,21,sample,B-0217,B-0217-B01,2,0.004572473708276178,58.5,10181.0
P023,J22,J,22,sample,B-0217,B-0217-B01,2,0.0015241579027587258,62.3,9531.0
P023,K3,K,3,sample,B-0162,B-0162-B01,1,30.0,59.2,10624.0
P023,K4,K,4,sample,B-0162,B-0162-B01,1,10.0,32.2,9740.0
P023,K5,K,5,sample,B-0162,B-0162-B01,1,3.3333333333333335,39.6,9944.0
P023,K6,K,6,sample,B-0162,B-0162-B01,1,1.1111111111111112,44.4,10026.0
P023,K7,K,7,sample,B-0162,B-0162-B01,1,0.37037037037037035,54.5,10086.0
P023,K8,K,8,sample,B-0162,B-0162-B01,1,0.12345679012345678,60.2,9478.0
P023,K9,K,9,sample,B-0162,B-0162-B01,1,0.0411522633744856,58.2,10136.0
P023,K10,K,10,sample,B-0162,B-0162-B01,1,0.013717421124828532,64.6,9588.0
P023,K11,K,11,sample,B-0162,B-0162-B01,1,0.004572473708276178,58.2,9936.0
P023,K12,K,12,sample,B-0162,B-0162-B01,1,0.0015241579027587258,64.3,9698.0
P023,K13,K,13,sample,B-0162,B-0162-B01,2,30.0,67.4,11648.0
P023,K14,K,14,sample,B-0162,B-0162-B01,2,10.0,42.3,10205.0
P023,K15,K,15,sample,B-0162,B-0162-B01,2,3.3333333333333335,40.4,9649.0
P023,K16,K,16,sample,B-0162,B-0162-B01,2,1.1111111111111112,47.6,10085.0
P023,K17,K,17,sample,B-0162,B-0162-B01,2,0.37037037037037035,55.5,9872.0
P023,K18,K,18,sample,B-0162,B-0162-B01,2,0.12345679012345678,58.6,9754.0
P023,K19,K,19,sample,B-0162,B-0162-B01,2,0.0411522633744856,57.8,9905.0
P023,K20,K,20,sample,B-0162,B-0162-B01,2,0.013717421124828532,61.7,10245.0
P023,K21,K,21,sample,B-0162,B-0162-B01,2,0.004572473708276178,61.4,9925.0
P023,K22,K,22,sample,B-0162,B-0162-B01,2,0.0015241579027587258,62.2,9613.0
P023,L3,L,3,sample,B-0093,B-0093-B01,1,30.0,34.0,10140.0
P023,L4,L,4,sample,B-0093,B-0093-B01,1,10.0,32.5,10249.0
P023,L5,L,5,sample,B-0093,B-0093-B01,1,3.3333333333333335,31.2,9630.0
P023,L6,L,6,sample,B-0093,B-0093-B01,1,1.1111111111111112,35.8,9835.0
P023,L7,L,7,sample,B-0093,B-0093-B01,1,0.37037037037037035,41.7,9903.0
P023,L8,L,8,sample,B-0093,B-0093-B01,1,0.12345679012345678,39.2,9735.0
P023,L9,L,9,sample,B-0093,B-0093-B01,1,0.0411522633744856,49.7,9548.0
P023,L10,L,10,sample,B-0093,B-0093-B01,1,0.013717421124828532,56.2,9731.0
P023,L11,L,11,sample,B-0093,B-0093-B01,1,0.004572473708276178,55.0,10274.0
P023,L12,L,12,sample,B-0093,B-0093-B01,1,0.0015241579027587258,59.9,9875.0
P023,L13,L,13,sample,B-0093,B-0093-B01,2,30.0,35.3,9771.0
P023,L14,L,14,sample,B-0093,B-0093-B01,2,10.0,35.9,9801.0
P023,L15,L,15,sample,B-0093,B-0093-B01,2,3.3333333333333335,39.6,10334.0
P023,L16,L,16,sample,B-0093,B-0093-B01,2,1.1111111111111112,33.4,10051.0
P023,L17,L,17,sample,B-0093,B-0093-B01,2,0.37037037037037035,41.1,9732.0
P023,L18,L,18,sample,B-0093,B-0093-B01,2,0.12345679012345678,46.1,9890.0
P023,L19,L,19,sample,B-0093,B-0093-B01,2,0.0411522633744856,50.9,9731.0
P023,L20,L,20,sample,B-0093,B-0093-B01,2,0.013717421124828532,54.5,9752.0
P023,L21,L,21,sample,B-0093,B-0093-B01,2,0.004572473708276178,59.0,9831.0
P023,L22,L,22,sample,B-0093,B-0093-B01,2,0.0015241579027587258,58.2,9951.0
P023,M3,M,3,sample,B-0322,B-0322-B01,1,30.0,35.1,9964.0
P023,M4,M,4,sample,B-0322,B-0322-B01,1,10.0,34.5,10409.0
P023,M5,M,5,sample,B-0322,B-0322-B01,1,3.3333333333333335,36.0,9807.0
P023,M6,M,6,sample,B-0322,B-0322-B01,1,1.1111111111111112,35.6,10133.0
P023,M7,M,7,sample,B-0322,B-0322-B01,1,0.37037037037037035,39.5,10288.0
P023,M8,M,8,sample,B-0322,B-0322-B01,1,0.12345679012345678,38.9,10090.0
P023,M9,M,9,sample,B-0322,B-0322-B01,1,0.0411522633744856,42.3,9475.0
P023,M10,M,10,sample,B-0322,B-0322-B01,1,0.013717421124828532,50.3,9731.0
P023,M11,M,11,sample,B-0322,B-0322-B01,1,0.004572473708276178,56.1,10040.0
P023,M12,M,12,sample,B-0322,B-0322-B01,1,0.0015241579027587258,58.2,9992.0
P023,M13,M,13,sample,B-0322,B-0322-B01,2,30.0,34.3,10168.0
P023,M14,M,14,sample,B-0322,B-0322-B01,2,10.0,35.8,9882.0
P023,M15,M,15,sample,B-0322,B-0322-B01,2,3.3333333333333335,33.6,9804.0
P023,M16,M,16,sample,B-0322,B-0322-B01,2,1.1111111111111112,33.9,10060.0
P023,M17,M,17,sample,B-0322,B-0322-B01,2,0.37037037037037035,36.2,9892.0
P023,M18,M,18,sample,B-0322,B-0322-B01,2,0.12345679012345678,41.7,10143.0
P023,M19,M,19,sample,B-0322,B-0322-B01,2,0.0411522633744856,47.5,9807.0
P023,M20,M,20,sample,B-0322,B-0322-B01,2,0.013717421124828532,54.0,9848.0
P023,M21,M,21,sample,B-0322,B-0322-B01,2,0.004572473708276178,61.4,9933.0
P023,M22,M,22,sample,B-0322,B-0322-B01,2,0.0015241579027587258,60.1,9622.0
P023,N3,N,3,sample,A-0309,A-0309-B01,1,30.0,37.1,10185.0
P023,N4,N,4,sample,A-0309,A-0309-B01,1,10.0,37.8,10031.0
P023,N5,N,5,sample,A-0309,A-0309-B01,1,3.3333333333333335,47.1,10233.0
P023,N6,N,6,sample,A-0309,A-0309-B01,1,1.1111111111111112,51.7,9607.0
P023,N7,N,7,sample,A-0309,A-0309-B01,1,0.37037037037037035,55.3,10015.0
P023,N8,N,8,sample,A-0309,A-0309-B01,1,0.12345679012345678,58.9,9812.0
P023,N9,N,9,sample,A-0309,A-0309-B01,1,0.0411522633744856,58.5,9421.0
P023,N10,N,10,sample,A-0309,A-0309-B01,1,0.013717421124828532,60.4,10050.0
P023,N11,N,11,sample,A-0309,A-0309-B01,1,0.004572473708276178,62.2,9486.0
P023,N12,N,12,sample,A-0309,A-0309-B01,1,0.0015241579027587258,59.6,9856.0
P023,N13,N,13,sample,A-0309,A-0309-B01,2,30.0,39.7,9917.0
P023,N14,N,14,sample,A-0309,A-0309-B01,2,10.0,41.3,9893.0
P023,N15,N,15,sample,A-0309,A-0309-B01,2,3.3333333333333335,58.0,9602.0
P023,N16,N,16,sample,A-0309,A-0309-B01,2,1.1111111111111112,49.1,10233.0
P023,N17,N,17,sample,A-0309,A-0309-B01,2,0.37037037037037035,54.7,10041.0
P023,N18,N,18,sample,A-0309,A-0309-B01,2,0.12345679012345678,57.9,9298.0
P023,N19,N,19,sample,A-0309,A-0309-B01,2,0.0411522633744856,60.5,9480.0
P023,N20,N,20,sample,A-0309,A-0309-B01,2,0.013717421124828532,63.5,9826.0
P023,N21,N,21,sample,A-0309,A-0309-B01,2,0.004572473708276178,62.6,10061.0
P023,N22,N,22,sample,A-0309,A-0309-B01,2,0.0015241579027587258,59.1,9553.0
P023,O3,O,3,sample,B-0062,B-0062-B01,1,30.0,44.6,9845.0
P023,O4,O,4,sample,B-0062,B-0062-B01,1,10.0,46.0,9959.0
P023,O5,O,5,sample,B-0062,B-0062-B01,1,3.3333333333333335,55.4,9967.0
P023,O6,O,6,sample,B-0062,B-0062-B01,1,1.1111111111111112,64.2,9750.0
P023,O7,O,7,sample,B-0062,B-0062-B01,1,0.37037037037037035,58.4,10038.0
P023,O8,O,8,sample,B-0062,B-0062-B01,1,0.12345679012345678,58.5,10172.0
P023,O9,O,9,sample,B-0062,B-0062-B01,1,0.0411522633744856,64.0,9682.0
P023,O10,O,10,sample,B-0062,B-0062-B01,1,0.013717421124828532,57.6,10078.0
P023,O11,O,11,sample,B-0062,B-0062-B01,1,0.004572473708276178,59.7,9976.0
P023,O12,O,12,sample,B-0062,B-0062-B01,1,0.0015241579027587258,58.8,9882.0
P023,O13,O,13,sample,B-0062,B-0062-B01,2,30.0,42.4,9642.0
P023,O14,O,14,sample,B-0062,B-0062-B01,2,10.0,47.9,9788.0
P023,O15,O,15,sample,B-0062,B-0062-B01,2,3.3333333333333335,51.0,10055.0
P023,O16,O,16,sample,B-0062,B-0062-B01,2,1.1111111111111112,57.7,9565.0
P023,O17,O,17,sample,B-0062,B-0062-B01,2,0.37037037037037035,58.6,9456.0
P023,O18,O,18,sample,B-0062,B-0062-B01,2,0.12345679012345678,61.6,9881.0
P023,O19,O,19,sample,B-0062,B-0062-B01,2,0.0411522633744856,57.3,9544.0
P023,O20,O,20,sample,B-0062,B-0062-B01,2,0.013717421124828532,63.9,10090.0
P023,O21,O,21,sample,B-0062,B-0062-B01,2,0.004572473708276178,58.3,9641.0
P023,O22,O,22,sample,B-0062,B-0062-B01,2,0.0015241579027587258,61.3,9855.0
P023,P3,P,3,sample,A-0002,A-0002-B01,1,30.0,39.0,9832.0
P023,P4,P,4,sample,A-0002,A-0002-B01,1,10.0,43.3,10250.0
P023,P5,P,5,sample,A-0002,A-0002-B01,1,3.3333333333333335,44.4,9916.0
P023,P6,P,6,sample,A-0002,A-0002-B01,1,1.1111111111111112,49.2,10108.0
P023,P7,P,7,sample,A-0002,A-0002-B01,1,0.37037037037037035,60.8,10444.0
P023,P8,P,8,sample,A-0002,A-0002-B01,1,0.12345679012345678,62.8,9851.0
P023,P9,P,9,sample,A-0002,A-0002-B01,1,0.0411522633744856,63.7,10009.0
P023,P10,P,10,sample,A-0002,A-0002-B01,1,0.013717421124828532,67.4,9957.0
P023,P11,P,11,sample,A-0002,A-0002-B01,1,0.004572473708276178,62.9,10149.0
P023,P12,P,12,sample,A-0002,A-0002-B01,1,0.0015241579027587258,59.7,9577.0
P023,P13,P,13,sample,A-0002,A-0002-B01,2,30.0,35.3,10263.0
P023,P14,P,14,sample,A-0002,A-0002-B01,2,10.0,40.2,9982.0
P023,P15,P,15,sample,A-0002,A-0002-B01,2,3.3333333333333335,47.1,9997.0
P023,P16,P,16,sample,A-0002,A-0002-B01,2,1.1111111111111112,52.0,10155.0
P023,P17,P,17,sample,A-0002,A-0002-B01,2,0.37037037037037035,57.9,9794.0
P023,P18,P,18,sample,A-0002,A-0002-B01,2,0.12345679012345678,61.0,10101.0
P023,P19,P,19,sample,A-0002,A-0002-B01,2,0.0411522633744856,62.6,9780.0
P023,P20,P,20,sample,A-0002,A-0002-B01,2,0.013717421124828532,64.6,9677.0
P023,P21,P,21,sample,A-0002,A-0002-B01,2,0.004572473708276178,63.9,9535.0
P023,P22,P,22,sample,A-0002,A-0002-B01,2,0.0015241579027587258,63.0,10224.0
P024,A1,A,1,high_control,,,0,0.0,65.6,10117.0
P024,A2,A,2,low_control,,,0,0.0,37.8,10125.0
P024,A23,A,23,reference,REF-1,REF-1-B01,1,30.0,37.3,10585.0
P024,A24,A,24,reference,REF-1,REF-1-B01,2,30.0,42.1,10271.0
P024,B1,B,1,high_control,,,0,0.0,65.1,10325.0
P024,B2,B,2,low_control,,,0,0.0,36.2,10160.0
P024,B23,B,23,reference,REF-1,REF-1-B01,1,10.0,36.1,10502.0
P024,B24,B,24,reference,REF-1,REF-1-B01,2,10.0,37.6,10555.0
P024,C1,C,1,high_control,,,0,0.0,67.2,10447.0
P024,C2,C,2,low_control,,,0,0.0,35.2,10146.0
P024,C23,C,23,reference,REF-1,REF-1-B01,1,3.3333333333333335,32.2,10086.0
P024,C24,C,24,reference,REF-1,REF-1-B01,2,3.3333333333333335,39.2,10253.0
P024,D1,D,1,high_control,,,0,0.0,66.1,10047.0
P024,D2,D,2,low_control,,,0,0.0,36.6,10232.0
P024,D23,D,23,reference,REF-1,REF-1-B01,1,1.1111111111111112,40.1,9854.0
P024,D24,D,24,reference,REF-1,REF-1-B01,2,1.1111111111111112,42.6,10182.0
P024,E1,E,1,high_control,,,0,0.0,66.5,10041.0
P024,E2,E,2,low_control,,,0,0.0,37.0,9996.0
P024,E23,E,23,reference,REF-1,REF-1-B01,1,0.37037037037037035,40.0,9490.0
P024,E24,E,24,reference,REF-1,REF-1-B01,2,0.37037037037037035,43.3,10018.0
P024,F1,F,1,high_control,,,0,0.0,68.2,10486.0
P024,F2,F,2,low_control,,,0,0.0,35.7,10037.0
P024,F23,F,23,reference,REF-1,REF-1-B01,1,0.12345679012345678,48.6,9793.0
P024,F24,F,24,reference,REF-1,REF-1-B01,2,0.12345679012345678,45.5,10616.0
P024,G1,G,1,high_control,,,0,0.0,65.2,9853.0
P024,G2,G,2,low_control,,,0,0.0,36.5,10267.0
P024,G23,G,23,reference,REF-1,REF-1-B01,1,0.0411522633744856,51.6,9855.0
P024,G24,G,24,reference,REF-1,REF-1-B01,2,0.0411522633744856,51.4,10111.0
P024,H1,H,1,high_control,,,0,0.0,66.0,10204.0
P024,H2,H,2,low_control,,,0,0.0,31.1,9562.0
P024,H23,H,23,reference,REF-1,REF-1-B01,1,0.013717421124828532,59.4,9548.0
P024,H24,H,24,reference,REF-1,REF-1-B01,2,0.013717421124828532,59.4,10070.0
P024,I1,I,1,high_control,,,0,0.0,65.1,9857.0
P024,I2,I,2,low_control,,,0,0.0,35.9,9932.0
P024,I23,I,23,reference,REF-1,REF-1-B01,1,0.004572473708276178,56.7,9222.0
P024,I24,I,24,reference,REF-1,REF-1-B01,2,0.004572473708276178,57.4,9872.0
P024,J1,J,1,high_control,,,0,0.0,66.0,10125.0
P024,J2,J,2,low_control,,,0,0.0,38.4,10000.0
P024,J23,J,23,reference,REF-1,REF-1-B01,1,0.0015241579027587258,59.0,9654.0
P024,J24,J,24,reference,REF-1,REF-1-B01,2,0.0015241579027587258,63.1,10468.0
P024,K1,K,1,high_control,,,0,0.0,63.7,9485.0
P024,K2,K,2,low_control,,,0,0.0,30.8,9753.0
P024,K23,K,23,high_control,,,0,0.0,63.9,10053.0
P024,K24,K,24,low_control,,,0,0.0,40.7,10325.0
P024,L1,L,1,high_control,,,0,0.0,71.3,9829.0
P024,L2,L,2,low_control,,,0,0.0,33.8,10011.0
P024,L23,L,23,high_control,,,0,0.0,60.5,9846.0
P024,L24,L,24,low_control,,,0,0.0,39.9,10028.0
P024,M1,M,1,high_control,,,0,0.0,64.4,9579.0
P024,M2,M,2,low_control,,,0,0.0,34.3,9937.0
P024,M23,M,23,high_control,,,0,0.0,61.0,10026.0
P024,M24,M,24,low_control,,,0,0.0,40.1,9773.0
P024,N1,N,1,high_control,,,0,0.0,66.1,10032.0
P024,N2,N,2,low_control,,,0,0.0,37.4,9908.0
P024,N23,N,23,high_control,,,0,0.0,63.7,9736.0
P024,N24,N,24,low_control,,,0,0.0,43.3,10422.0
P024,O1,O,1,high_control,,,0,0.0,64.8,10162.0
P024,O2,O,2,low_control,,,0,0.0,32.8,9432.0
P024,O23,O,23,high_control,,,0,0.0,60.5,9918.0
P024,O24,O,24,low_control,,,0,0.0,38.0,10393.0
P024,P1,P,1,high_control,,,0,0.0,68.1,9819.0
P024,P2,P,2,low_control,,,0,0.0,39.4,10070.0
P024,P23,P,23,high_control,,,0,0.0,62.1,9981.0
P024,P24,P,24,low_control,,,0,0.0,33.7,10236.0
P024,A3,A,3,sample,B-0057,B-0057-B01,1,30.0,35.6,10301.0
P024,A4,A,4,sample,B-0057,B-0057-B01,1,10.0,36.1,10056.0
P024,A5,A,5,sample,B-0057,B-0057-B01,1,3.3333333333333335,38.5,10134.0
P024,A6,A,6,sample,B-0057,B-0057-B01,1,1.1111111111111112,36.6,10119.0
P024,A7,A,7,sample,B-0057,B-0057-B01,1,0.37037037037037035,38.4,10098.0
P024,A8,A,8,sample,B-0057,B-0057-B01,1,0.12345679012345678,46.6,10165.0
P024,A9,A,9,sample,B-0057,B-0057-B01,1,0.0411522633744856,54.0,10053.0
P024,A10,A,10,sample,B-0057,B-0057-B01,1,0.013717421124828532,59.6,10299.0
P024,A11,A,11,sample,B-0057,B-0057-B01,1,0.004572473708276178,66.3,9595.0
P024,A12,A,12,sample,B-0057,B-0057-B01,1,0.0015241579027587258,64.1,9855.0
P024,A13,A,13,sample,B-0057,B-0057-B01,2,30.0,37.4,10563.0
P024,A14,A,14,sample,B-0057,B-0057-B01,2,10.0,41.3,10266.0
P024,A15,A,15,sample,B-0057,B-0057-B01,2,3.3333333333333335,43.6,10601.0
P024,A16,A,16,sample,B-0057,B-0057-B01,2,1.1111111111111112,45.0,10204.0
P024,A17,A,17,sample,B-0057,B-0057-B01,2,0.37037037037037035,43.2,10405.0
P024,A18,A,18,sample,B-0057,B-0057-B01,2,0.12345679012345678,49.9,10275.0
P024,A19,A,19,sample,B-0057,B-0057-B01,2,0.0411522633744856,56.3,10615.0
P024,A20,A,20,sample,B-0057,B-0057-B01,2,0.013717421124828532,57.5,9452.0
P024,A21,A,21,sample,B-0057,B-0057-B01,2,0.004572473708276178,59.5,10352.0
P024,A22,A,22,sample,B-0057,B-0057-B01,2,0.0015241579027587258,62.5,9788.0
P024,B3,B,3,sample,A-0139,A-0139-B01,1,30.0,34.4,10094.0
P024,B4,B,4,sample,A-0139,A-0139-B01,1,10.0,41.0,10266.0
P024,B5,B,5,sample,A-0139,A-0139-B01,1,3.3333333333333335,45.0,9691.0
P024,B6,B,6,sample,A-0139,A-0139-B01,1,1.1111111111111112,53.0,9873.0
P024,B7,B,7,sample,A-0139,A-0139-B01,1,0.37037037037037035,57.0,9864.0
P024,B8,B,8,sample,A-0139,A-0139-B01,1,0.12345679012345678,64.2,10034.0
P024,B9,B,9,sample,A-0139,A-0139-B01,1,0.0411522633744856,63.5,9598.0
P024,B10,B,10,sample,A-0139,A-0139-B01,1,0.013717421124828532,63.6,9772.0
P024,B11,B,11,sample,A-0139,A-0139-B01,1,0.004572473708276178,60.9,9847.0
P024,B12,B,12,sample,A-0139,A-0139-B01,1,0.0015241579027587258,61.7,10141.0
P024,B13,B,13,sample,A-0139,A-0139-B01,2,30.0,33.1,10411.0
P024,B14,B,14,sample,A-0139,A-0139-B01,2,10.0,37.9,10010.0
P024,B15,B,15,sample,A-0139,A-0139-B01,2,3.3333333333333335,48.5,10089.0
P024,B16,B,16,sample,A-0139,A-0139-B01,2,1.1111111111111112,52.1,9960.0
P024,B17,B,17,sample,A-0139,A-0139-B01,2,0.37037037037037035,60.4,9685.0
P024,B18,B,18,sample,A-0139,A-0139-B01,2,0.12345679012345678,62.2,9964.0
P024,B19,B,19,sample,A-0139,A-0139-B01,2,0.0411522633744856,60.8,10085.0
P024,B20,B,20,sample,A-0139,A-0139-B01,2,0.013717421124828532,62.5,9917.0
P024,B21,B,21,sample,A-0139,A-0139-B01,2,0.004572473708276178,57.9,9768.0
P024,B22,B,22,sample,A-0139,A-0139-B01,2,0.0015241579027587258,61.1,9655.0
P024,C3,C,3,sample,B-0059,B-0059-B01,1,30.0,32.9,9932.0
P024,C4,C,4,sample,B-0059,B-0059-B01,1,10.0,38.5,9743.0
P024,C5,C,5,sample,B-0059,B-0059-B01,1,3.3333333333333335,38.0,9976.0
P024,C6,C,6,sample,B-0059,B-0059-B01,1,1.1111111111111112,38.0,10108.0
P024,C7,C,7,sample,B-0059,B-0059-B01,1,0.37037037037037035,37.3,9984.0
P024,C8,C,8,sample,B-0059,B-0059-B01,1,0.12345679012345678,36.9,9887.0
P024,C9,C,9,sample,B-0059,B-0059-B01,1,0.0411522633744856,48.0,10281.0
P024,C10,C,10,sample,B-0059,B-0059-B01,1,0.013717421124828532,55.1,10094.0
P024,C11,C,11,sample,B-0059,B-0059-B01,1,0.004572473708276178,57.2,9423.0
P024,C12,C,12,sample,B-0059,B-0059-B01,1,0.0015241579027587258,60.6,9866.0
P024,C13,C,13,sample,B-0059,B-0059-B01,2,30.0,32.8,10072.0
P024,C14,C,14,sample,B-0059,B-0059-B01,2,10.0,37.3,9892.0
P024,C15,C,15,sample,B-0059,B-0059-B01,2,3.3333333333333335,34.5,9890.0
P024,C16,C,16,sample,B-0059,B-0059-B01,2,1.1111111111111112,34.6,9924.0
P024,C17,C,17,sample,B-0059,B-0059-B01,2,0.37037037037037035,37.4,9528.0
P024,C18,C,18,sample,B-0059,B-0059-B01,2,0.12345679012345678,40.0,9717.0
P024,C19,C,19,sample,B-0059,B-0059-B01,2,0.0411522633744856,42.4,9608.0
P024,C20,C,20,sample,B-0059,B-0059-B01,2,0.013717421124828532,54.2,9762.0
P024,C21,C,21,sample,B-0059,B-0059-B01,2,0.004572473708276178,57.7,10012.0
P024,C22,C,22,sample,B-0059,B-0059-B01,2,0.0015241579027587258,65.2,10074.0
P024,D3,D,3,sample,B-0017,B-0017-B01,1,30.0,38.6,10042.0
P024,D4,D,4,sample,B-0017,B-0017-B01,1,10.0,33.8,9890.0
P024,D5,D,5,sample,B-0017,B-0017-B01,1,3.3333333333333335,37.9,9869.0
P024,D6,D,6,sample,B-0017,B-0017-B01,1,1.1111111111111112,41.2,9881.0
P024,D7,D,7,sample,B-0017,B-0017-B01,1,0.37037037037037035,60.1,9873.0
P024,D8,D,8,sample,B-0017,B-0017-B01,1,0.12345679012345678,45.6,10313.0
P024,D9,D,9,sample,B-0017,B-0017-B01,1,0.0411522633744856,54.7,9899.0
P024,D10,D,10,sample,B-0017,B-0017-B01,1,0.013717421124828532,61.5,9792.0
P024,D11,D,11,sample,B-0017,B-0017-B01,1,0.004572473708276178,59.0,9733.0
P024,D12,D,12,sample,B-0017,B-0017-B01,1,0.0015241579027587258,58.3,10272.0
P024,D13,D,13,sample,B-0017,B-0017-B01,2,30.0,33.5,10102.0
P024,D14,D,14,sample,B-0017,B-0017-B01,2,10.0,38.5,10373.0
P024,D15,D,15,sample,B-0017,B-0017-B01,2,3.3333333333333335,40.1,9667.0
P024,D16,D,16,sample,B-0017,B-0017-B01,2,1.1111111111111112,37.8,9768.0
P024,D17,D,17,sample,B-0017,B-0017-B01,2,0.37037037037037035,41.4,10598.0
P024,D18,D,18,sample,B-0017,B-0017-B01,2,0.12345679012345678,53.3,9912.0
P024,D19,D,19,sample,B-0017,B-0017-B01,2,0.0411522633744856,59.4,10023.0
P024,D20,D,20,sample,B-0017,B-0017-B01,2,0.013717421124828532,62.5,9909.0
P024,D21,D,21,sample,B-0017,B-0017-B01,2,0.004572473708276178,59.4,9631.0
P024,D22,D,22,sample,B-0017,B-0017-B01,2,0.0015241579027587258,60.2,9715.0
P024,E3,E,3,sample,A-0091,A-0091-B01,1,30.0,35.4,9932.0
P024,E4,E,4,sample,A-0091,A-0091-B01,1,10.0,36.5,10222.0
P024,E5,E,5,sample,A-0091,A-0091-B01,1,3.3333333333333335,46.3,9758.0
P024,E6,E,6,sample,A-0091,A-0091-B01,1,1.1111111111111112,52.4,10138.0
P024,E7,E,7,sample,A-0091,A-0091-B01,1,0.37037037037037035,60.4,9915.0
P024,E8,E,8,sample,A-0091,A-0091-B01,1,0.12345679012345678,62.1,10060.0
P024,E9,E,9,sample,A-0091,A-0091-B01,1,0.0411522633744856,63.1,9595.0
P024,E10,E,10,sample,A-0091,A-0091-B01,1,0.013717421124828532,61.8,9742.0
P024,E11,E,11,sample,A-0091,A-0091-B01,1,0.004572473708276178,62.3,9599.0
P024,E12,E,12,sample,A-0091,A-0091-B01,1,0.0015241579027587258,64.0,9611.0
P024,E13,E,13,sample,A-0091,A-0091-B01,2,30.0,38.0,10340.0
P024,E14,E,14,sample,A-0091,A-0091-B01,2,10.0,39.7,9764.0
P024,E15,E,15,sample,A-0091,A-0091-B01,2,3.3333333333333335,46.4,10021.0
P024,E16,E,16,sample,A-0091,A-0091-B01,2,1.1111111111111112,53.3,9603.0
P024,E17,E,17,sample,A-0091,A-0091-B01,2,0.37037037037037035,61.5,9559.0
P024,E18,E,18,sample,A-0091,A-0091-B01,2,0.12345679012345678,62.0,9471.0
P024,E19,E,19,sample,A-0091,A-0091-B01,2,0.0411522633744856,64.8,9966.0
P024,E20,E,20,sample,A-0091,A-0091-B01,2,0.013717421124828532,60.9,9378.0
P024,E21,E,21,sample,A-0091,A-0091-B01,2,0.004572473708276178,60.3,9850.0
P024,E22,E,22,sample,A-0091,A-0091-B01,2,0.0015241579027587258,61.0,9921.0
P024,F3,F,3,sample,B-0097,B-0097-B01,1,30.0,40.8,10063.0
P024,F4,F,4,sample,B-0097,B-0097-B01,1,10.0,40.4,10190.0
P024,F5,F,5,sample,B-0097,B-0097-B01,1,3.3333333333333335,38.8,9744.0
P024,F6,F,6,sample,B-0097,B-0097-B01,1,1.1111111111111112,47.7,9636.0
P024,F7,F,7,sample,B-0097,B-0097-B01,1,0.37037037037037035,47.5,9622.0
P024,F8,F,8,sample,B-0097,B-0097-B01,1,0.12345679012345678,58.0,9563.0
P024,F9,F,9,sample,B-0097,B-0097-B01,1,0.0411522633744856,61.9,9827.0
P024,F10,F,10,sample,B-0097,B-0097-B01,1,0.013717421124828532,56.6,9423.0
P024,F11,F,11,sample,B-0097,B-0097-B01,1,0.004572473708276178,63.3,9997.0
P024,F12,F,12,sample,B-0097,B-0097-B01,1,0.0015241579027587258,62.7,10327.0
P024,F13,F,13,sample,B-0097,B-0097-B01,2,30.0,40.8,9859.0
P024,F14,F,14,sample,B-0097,B-0097-B01,2,10.0,35.9,10015.0
P024,F15,F,15,sample,B-0097,B-0097-B01,2,3.3333333333333335,40.8,9991.0
P024,F16,F,16,sample,B-0097,B-0097-B01,2,1.1111111111111112,44.3,9935.0
P024,F17,F,17,sample,B-0097,B-0097-B01,2,0.37037037037037035,54.1,9720.0
P024,F18,F,18,sample,B-0097,B-0097-B01,2,0.12345679012345678,58.5,10319.0
P024,F19,F,19,sample,B-0097,B-0097-B01,2,0.0411522633744856,65.0,9619.0
P024,F20,F,20,sample,B-0097,B-0097-B01,2,0.013717421124828532,63.1,9804.0
P024,F21,F,21,sample,B-0097,B-0097-B01,2,0.004572473708276178,59.4,9639.0
P024,F22,F,22,sample,B-0097,B-0097-B01,2,0.0015241579027587258,60.7,9881.0
P024,G3,G,3,sample,A-0086,A-0086-B01,1,30.0,39.0,10175.0
P024,G4,G,4,sample,A-0086,A-0086-B01,1,10.0,43.1,10242.0
P024,G5,G,5,sample,A-0086,A-0086-B01,1,3.3333333333333335,46.7,10088.0
P024,G6,G,6,sample,A-0086,A-0086-B01,1,1.1111111111111112,51.1,9353.0
P024,G7,G,7,sample,A-0086,A-0086-B01,1,0.37037037037037035,54.4,9621.0
P024,G8,G,8,sample,A-0086,A-0086-B01,1,0.12345679012345678,58.3,9765.0
P024,G9,G,9,sample,A-0086,A-0086-B01,1,0.0411522633744856,59.6,9846.0
P024,G10,G,10,sample,A-0086,A-0086-B01,1,0.013717421124828532,61.2,9690.0
P024,G11,G,11,sample,A-0086,A-0086-B01,1,0.004572473708276178,59.8,10124.0
P024,G12,G,12,sample,A-0086,A-0086-B01,1,0.0015241579027587258,57.9,9893.0
P024,G13,G,13,sample,A-0086,A-0086-B01,2,30.0,34.2,9976.0
P024,G14,G,14,sample,A-0086,A-0086-B01,2,10.0,42.1,9618.0
P024,G15,G,15,sample,A-0086,A-0086-B01,2,3.3333333333333335,43.3,10214.0
P024,G16,G,16,sample,A-0086,A-0086-B01,2,1.1111111111111112,54.9,9985.0
P024,G17,G,17,sample,A-0086,A-0086-B01,2,0.37037037037037035,57.2,9423.0
P024,G18,G,18,sample,A-0086,A-0086-B01,2,0.12345679012345678,60.7,9950.0
P024,G19,G,19,sample,A-0086,A-0086-B01,2,0.0411522633744856,61.3,9792.0
P024,G20,G,20,sample,A-0086,A-0086-B01,2,0.013717421124828532,67.1,9805.0
P024,G21,G,21,sample,A-0086,A-0086-B01,2,0.004572473708276178,61.5,9594.0
P024,G22,G,22,sample,A-0086,A-0086-B01,2,0.0015241579027587258,57.2,9644.0
P024,H3,H,3,sample,A-0102,A-0102-B01,1,30.0,36.5,10098.0
P024,H4,H,4,sample,A-0102,A-0102-B01,1,10.0,36.9,10174.0
P024,H5,H,5,sample,A-0102,A-0102-B01,1,3.3333333333333335,42.4,9369.0
P024,H6,H,6,sample,A-0102,A-0102-B01,1,1.1111111111111112,47.3,9609.0
P024,H7,H,7,sample,A-0102,A-0102-B01,1,0.37037037037037035,54.4,9567.0
P024,H8,H,8,sample,A-0102,A-0102-B01,1,0.12345679012345678,60.4,10050.0
P024,H9,H,9,sample,A-0102,A-0102-B01,1,0.0411522633744856,62.4,9613.0
P024,H10,H,10,sample,A-0102,A-0102-B01,1,0.013717421124828532,61.0,9806.0
P024,H11,H,11,sample,A-0102,A-0102-B01,1,0.004572473708276178,63.6,9907.0
P024,H12,H,12,sample,A-0102,A-0102-B01,1,0.0015241579027587258,59.8,9539.0
P024,H13,H,13,sample,A-0102,A-0102-B01,2,30.0,37.0,9753.0
P024,H14,H,14,sample,A-0102,A-0102-B01,2,10.0,39.8,10524.0
P024,H15,H,15,sample,A-0102,A-0102-B01,2,3.3333333333333335,39.9,10120.0
P024,H16,H,16,sample,A-0102,A-0102-B01,2,1.1111111111111112,42.2,9848.0
P024,H17,H,17,sample,A-0102,A-0102-B01,2,0.37037037037037035,57.4,9773.0
P024,H18,H,18,sample,A-0102,A-0102-B01,2,0.12345679012345678,59.1,9804.0
P024,H19,H,19,sample,A-0102,A-0102-B01,2,0.0411522633744856,61.7,9736.0
P024,H20,H,20,sample,A-0102,A-0102-B01,2,0.013717421124828532,56.9,9766.0
P024,H21,H,21,sample,A-0102,A-0102-B01,2,0.004572473708276178,62.3,9169.0
P024,H22,H,22,sample,A-0102,A-0102-B01,2,0.0015241579027587258,55.7,9744.0
